rank,box_office_year,imdb_id,title,release_year,distributor,genre,domestic_box_office_gross,tickets_sold
1,1980,tt0080684,Star Wars Ep. V: The Empire Strikes Back,1980,20th Century Fox,Adventure,181353855,67417790.0
2,1980,tt0081562,Stir Crazy,1980,Columbia,Black Comedy,101300000,37657992.0
3,1980,tt0079417,Kramer vs. Kramer,1979,,Drama,98982763,36796566.0
4,1980,tt0080339,Airplane!,1980,Paramount Pictures,Comedy,83453539,31023620.0
5,1980,tt0080377,Any Which Way You Can,1980,Warner Bros.,Comedy,70687344,26277823.0
6,1980,tt0081375,Private Benjamin,1980,Warner Bros.,Comedy,69847348,25965556.0
7,1980,tt0080549,Coal Miner's Daughter,1980,Universal,Drama,67182787,24975013.0
8,1980,tt0081529,Smokey and the Bandit II,1980,Universal,Comedy,66132626,24584619.0
9,1980,tt0080455,The Blues Brothers,1980,Universal,Comedy,57229890,21275052.0
10,1980,tt0081283,Ordinary People,1980,Paramount Pictures,Drama,52302978,19443486.0
11,1980,tt0081353,Popeye,1980,Paramount Pictures,Musical,49823037,18521575.0
12,1980,tt0080453,The Blue Lagoon,1980,Columbia,Drama,47923795,17815537.0
13,1980,tt0081696,Urban Cowboy,1980,Paramount Pictures,Western,46918287,17441742.0
14,1980,tt0081505,The Shining,1980,Warner Bros.,Horror,44017374,16363336.0
15,1980,tt0080520,Cheech & Chong’s Next Movie,1980,Universal,Comedy,41675194,15492637.0
16,1980,tt0080487,Caddyshack,1980,Warner Bros.,Comedy,39846344,14812767.0
17,1980,tt0080761,Friday the 13th,1980,Paramount Pictures,Horror,39754601,14778662.0
18,1980,tt0080474,Brubaker,1980,20th Century Fox,Drama,37121708,13799891.0
19,1980,tt0081060,Little Darlings,1980,Paramount Pictures,Comedy,34326249,12760687.0
20,1980,tt0080661,Dressed to Kill,1980,Filmways Pictures,Thriller/Suspense,31899000,11858364.0
21,1980,tt0080745,Flash Gordon,1980,Universal,Action,27107960,10077308.0
22,1980,tt0080678,The Elephant Man,1980,Paramount Pictures,Drama,26010864,9669466.0
23,1980,tt0080472,Bronco Billy,1980,Warner Bros.,Comedy,24265659,9020691.0
24,1980,tt0080491,Caligula,1980,Analysis,Drama,23276985,8653154.0
25,1980,tt0081480,Seems Like Old Times,1980,Columbia,Romantic Comedy,23200000,8624535.0
26,1980,tt0081777,Xanadu,1980,Universal,Musical,22762571,8461922.0
27,1980,tt0080365,American Gigolo,1980,Paramount Pictures,Thriller/Suspense,22743674,8454897.0
28,1980,tt0081207,My Bodyguard,1980,20th Century Fox,Comedy,22482952,8357974.0
29,1980,tt0080919,In Search of Historic Jesus,1980,Sunn Classics Pic…,Documentary,22000000,8178438.0
30,1980,tt0080716,Fame,1980,MGM,Musical,21202829,7882092.0
31,1980,tt0080360,Altered States,1980,Warner Bros.,Horror,19853892,7380628.0
32,1980,tt0080569,Cruising,1980,United Artists,Thriller/Suspense,19784223,7354729.0
33,1980,tt0081259,The Octagon,1980,American Cinema R…,Action,19000000,7063197.0
34,1980,tt0082501,Hardly Working,1980,20th Century Fox,Comedy,18000000,6691449.0
35,1980,tt0081760,Windwalker,1980,Pacific Internati…,Western,18000000,6691449.0
36,1980,tt0080888,Honeysuckle Rose,1980,Warner Bros.,Drama,17815212,6622755.0
37,1980,tt0080861,Herbie Goes Bananas,1980,,Comedy,17000000,6319702.0
38,1980,tt0081439,Rough Cut,1980,Paramount Pictures,Romantic Comedy,16656125,6191868.0
39,1980,tt0080907,The Hunter,1980,Paramount Pictures,Action,16647800,6188773.0
40,1980,tt0080736,The Final Countdown,1980,United Artists,Action,16647800,6188773.0
41,1980,tt0080515,A Change of Seasons,1980,20th Century Fox,Drama,16400000,6096654.0
42,1980,tt0080863,Hero At Large,1980,MGM,Comedy,15934737,5923694.0
43,1980,tt0080934,The Island,1980,Universal,Adventure,15716828,5842686.0
44,1980,tt0080739,First Family,1980,Warner Bros.,Comedy,15198912,5650153.0
45,1980,tt0081071,The Long Riders,1980,United Artists,Western,15198912,5650153.0
46,1980,tt0081383,Prom Night,1980,Avco Embassy,Horror,14796236,5500459.0
47,1980,tt0081249,The Nude Bomb,1980,Universal,Comedy,14662035,5450570.0
48,1980,tt0081268,"Oh, God! Book II",1980,Warner Bros.,Comedy,14504277,5391924.0
49,1980,tt0081751,Wholly Moses!,1980,Sony Pictures,Comedy,14155617,5262311.0
50,1980,tt0081157,Middle Age Crazy,1980,20th Century Fox,Comedy,13000000,4832713.0
51,1980,tt0080889,Hopscotch,1980,Avco Embassy,Comedy,13000000,4832713.0
52,1980,tt0080556,The Competition,1980,Columbia,Drama,13000000,4832713.0
53,1980,tt0081032,The Last Married Couple in America,1980,Universal,Comedy,12835544,4771577.0
54,1980,tt0080516,The Changeling,1980,Associated Film D…,Horror,12000000,4460966.0
55,1980,tt0081698,Used Cars,1980,Columbia,Comedy,11715321,4355137.0
56,1980,tt0080836,Hangar 18,1980,Sunn Classics Pic…,Thriller/Suspense,11000000,4089219.0
57,1980,tt0081163,The Mirror Crack'd,1980,Associated Film D…,Thriller/Suspense,11000000,4089219.0
58,1980,tt0080936,It's My Turn,1980,Columbia,Romantic Comedy,11000000,4089219.0
59,1980,tt0081031,The Last Flight of Noah's Ark,1980,Walt Disney,Adventure,11000000,4089219.0
60,1980,tt0080731,The Fiendish Plot of Dr. Fu Manchu,1980,Orion Pictures,Comedy,10697276,3976682.0
61,1980,tt0081554,Stardust Memories,1980,United Artists,Comedy,10389003,3862082.0
62,1980,tt0080881,The Hollywood Knights,1980,Columbia,Comedy,10000000,3717472.0
63,1980,tt0081695,Up the Academy,1980,Warner Bros.,Comedy,10000000,3717472.0
64,1980,tt0081114,Maniac,1980,Analysis,Horror,10000000,3717472.0
65,1980,tt0081485,Serial,1980,Paramount Pictures,Comedy,9870727,3669415.0
66,1980,tt0081534,Somewhere in Time,1980,Universal,Drama,9709597,3609515.0
67,1980,tt0079285,Saturn 3,1980,,Thriller/Suspense,9000000,3345724.0
68,1980,tt0080031,Tom Horn,1980,,Western,9000000,3345724.0
69,1980,tt0081656,Tribute,1980,20th Century Fox,Comedy,9000000,3345724.0
70,1980,tt0080754,The Formula,1980,MGM,Thriller/Suspense,8894289,3306427.0
71,1980,tt0079501,Mad Max,1980,Filmways Pictures,Action,8773197,3261411.0
72,1980,tt0080436,The Big Brawl,1980,Warner Bros.,Action,8527743,3170164.0
73,1980,tt0080402,The Awakening,1980,Warner Bros.,Horror,8415112,3128294.0
74,1980,tt0081617,Terror Train,1980,,Horror,8000000,2973977.0
75,1980,tt0080895,How to Beat the High Co$t of Living,1980,Filmways Pictures,Comedy,7500000,2788104.0
76,1980,tt0080756,Foxes,1980,United Artists,Drama,7470348,2777081.0
77,1980,tt0080437,The Big Red One,1980,United Artists,Drama,7206220,2678892.0
78,1980,tt0081568,The Stunt Man,1980,20th Century Fox,,7063886,2625979.0
79,1980,tt0080724,Fatso,1980,20th Century Fox,,7000000,2602230.0
80,1980,tt0081400,Raise the Titanic,1980,Associated Film D…,Adventure,7000000,2602230.0
81,1980,tt0080319,9 to 5,1980,20th Century Fox,Comedy,6847625,2545585.0
82,1980,tt0081748,Where the Buffalo Roam,1980,Universal,Comedy,6659377,2475604.0
83,1980,tt0080808,The Gong Show Movie,1980,Universal,Comedy,6621520,2461531.0
84,1980,tt0081184,Motel Hell,1980,United Artists,Horror,6342668,2357869.0
85,1980,tt0081063,Little Miss Marker,1980,Universal,Comedy,6321392,2349959.0
86,1980,tt0081269,Oh Heavenly Dog,1980,20th Century Fox,Comedy,6216067,2310805.0
87,1980,tt0081187,The Mountain Men,1980,Columbia,,6000000,2230483.0
88,1980,tt0081518,Simon,1980,,,6000000,2230483.0
89,1980,tt0080634,Divine Madness!,1980,Warner Bros.,Concert/Perfor…,5318098,1976988.0
90,1980,tt0080917,In God We Tru$t,1980,Universal,Comedy,5215015,1938667.0
91,1980,tt0080707,The Exterminator,1980,Avco Embassy,,5000000,1858736.0
92,1980,tt0080850,He Knows You're Alone,1980,MGM,Horror,4875436,1812429.0
93,1980,tt0080550,Coast to Coast,1980,Paramount Pictures,,4495445,1671169.0
94,1980,tt0081758,Willie and Phil,1980,20th Century Fox,,4400000,1635687.0
95,1980,tt0081150,Melvin and Howard,1980,Universal,Comedy,4309490,1602040.0
96,1980,tt0081433,Roadie,1980,United Artists,Comedy,4226370,1571141.0
97,1980,tt0080627,Die Laughing,1980,,,4000000,1486988.0
98,1980,tt0080979,Kagemusha,1980,20th Century Fox,Drama,4000000,1486988.0
99,1980,tt0081414,Resurrection,1980,Universal,Drama,3910019,1453538.0
100,1980,tt0080868,Hide in Plain Sight,1980,MGM,Drama,3806930,1415215.0
1,1981,tt0082971,Raiders of the Lost Ark,1981,Paramount Pictures,Adventure,168425367,60584664.0
2,1981,tt0081573,Superman II,1981,Warner Bros.,Adventure,108185706,38915721.0
3,1981,tt0080319,9 to 5,1980,20th Century Fox,Comedy,96442875,34691681.0
4,1981,tt0083131,Stripes,1981,Columbia,Comedy,85300000,30683453.0
5,1981,tt0082031,Arthur,1981,Warner Bros.,Romantic Comedy,75312238,27090733.0
6,1981,tt0082136,The Cannonball Run,1981,20th Century Fox,Action,57498710,20682989.0
7,1981,tt0082398,For Your Eyes Only,1981,United Artists,Action,54800000,19712230.0
8,1981,tt0082406,The Fox and the Hound,1981,Walt Disney,Adventure,43899231,15791090.0
9,1981,tt0082405,The Four Seasons,1981,Universal,Comedy,42488161,15283511.0
10,1981,tt0082163,Cheech & Chong's Nice Dreams,1981,Columbia,Comedy,37000000,13309352.0
11,1981,tt0083170,"Tarzan, The Ape Man",1981,MGM,Adventure,36565000,13152877.0
12,1981,tt0082348,Excalibur,1981,Warner Bros.,Adventure,34200000,12302158.0
13,1981,tt0081633,Time Bandits,1981,Avco Embassy,Adventure,33596404,12085037.0
14,1981,tt0082329,Endless Love,1981,Universal,Drama,33000000,11870503.0
15,1981,tt0082010,An American Werewolf in London,1981,Universal,Horror,31973249,11501168.0
16,1981,tt0082517,History of the World: Part I,1981,20th Century Fox,Comedy,31672000,11392805.0
17,1981,tt0082121,Bustin' Loose,1981,Universal,Comedy,31261000,11244964.0
18,1981,tt0082474,The Great Muppet Caper,1981,Universal,Comedy,31206251,11225270.0
19,1981,tt0082186,Clash of the Titans,1981,MGM,Adventure,30000000,10791366.0
20,1981,tt0082402,"Fort Apache, The Bronx",1981,20th Century Fox,Drama,29200000,10503597.0
21,1981,tt0080948,The Jazz Singer,1981,Universal,Drama,27118000,9754676.0
22,1981,tt0082853,Only When I Laugh,1981,Columbia,Romantic Comedy,25782304,9274210.0
23,1981,tt0082495,Halloween II,1981,Universal,Horror,25533818,9184826.0
24,1981,tt0082340,Escape from New York,1981,Avco Embassy,Action,25244700,9080827.0
25,1981,tt0082089,Body Heat,1981,Warner Bros.,Thriller/Suspense,24058000,8653956.0
26,1981,tt0082467,Graduation Day,1981,IFI Scope,Horror,23894000,8594964.0
27,1981,tt0082801,Neighbors,1981,Columbia,Black Comedy,22912993,8242083.0
28,1981,tt0082416,The French Lieutenant's Woman,1981,United Artists,Drama,22600000,8129496.0
29,1981,tt0082418,Friday the 13th Part 2,1981,Paramount Pictures,Horror,21722776,7813948.0
30,1981,tt0081398,Raging Bull,1980,United Artists,Drama,21471950,7723723.0
31,1981,tt0082979,Reds,1981,Paramount Pictures,Drama,20608917,7413279.0
32,1981,tt0082377,The Final Conflict,1981,20th Century Fox,Horror,20471000,7363669.0
33,1981,tt0082558,The Incredible Shrinking Woman,1981,Universal,Comedy,20259000,7287410.0
34,1981,tt0082869,Outland,1981,Warner Bros.,Action,20000000,7194244.0
35,1981,tt0082509,Heavy Metal,1981,Columbia,Adventure,19571091,7039960.0
36,1981,tt0080684,Star Wars Ep. V: The Empire Strikes Back,1981,20th Century Fox,Adventure,19523734,7022925.0
37,1981,tt0082766,Mommie Dearest,1981,Paramount Pictures,Drama,19032000,6846043.0
38,1981,tt0081974,Absence of Malice,1981,Columbia,Thriller/Suspense,19005292,6836435.0
39,1981,tt0083064,Sharky's Machine,1981,Warner Bros.,Thriller/Suspense,18938352,6812356.0
40,1981,tt0082886,Paternity,1981,Paramount Pictures,Romantic Comedy,18838000,6776258.0
41,1981,tt0083254,Under the Rainbow,1981,Warner Bros.,Comedy,18826490,6772118.0
42,1981,tt0080009,Tess,1980,,Drama,18203512,6548025.0
43,1981,tt0081376,The Private Eyes,1981,New World,Comedy,18000000,6474820.0
44,1981,tt0082533,The Howling,1981,Avco Embassy,Horror,17985000,6469424.0
45,1981,tt0082351,Eye of the Needle,1981,United Artists,Thriller/Suspense,17583000,6324820.0
46,1981,tt0083163,Take This Job and Shove It,1981,Avco Embassy,Comedy,17569000,6319784.0
47,1981,tt0082763,Modern Problems,1981,20th Century Fox,Comedy,16199268,5827074.0
48,1981,tt0082263,The Devil and Max Devlin,1981,Walt Disney,Comedy,16000000,5755395.0
49,1981,tt0082146,Caveman,1981,United Artists,Comedy,15965000,5742805.0
50,1981,tt0082200,Continental Divide,1981,Universal,Romantic Comedy,15578000,5603597.0
51,1981,tt0083015,S.O.B.,1981,Paramount Pictures,Black Comedy,14867086,5347872.0
52,1981,tt0083169,Taps,1981,20th Century Fox,Drama,14864282,5346864.0
53,1981,tt0082817,Nighthawks,1981,Universal,Action,14600000,5251798.0
54,1981,tt0081455,Scanners,1981,Avco Embassy,Horror,14200000,5107913.0
55,1981,tt0082816,The Night the Lights Went Out in Georgia,1981,Avco Embassy,Drama,14000000,5035971.0
56,1981,tt0082085,Blow Out,1981,Filmways Pictures,Thriller/Suspense,13747234,4945048.0
57,1981,tt0082648,The Legend of the Lone Ranger,1981,Universal,Western,13400000,4820143.0
58,1981,tt0082449,Ghost Story,1981,Universal,Horror,13307846,4786994.0
59,1981,tt0082992,Rich and Famous,1981,MGM,Drama,13000000,4676258.0
60,1981,tt0082849,On the Right Track,1981,20th Century Fox,Comedy,13000000,4676258.0
61,1981,tt0082948,Private Lessons,1981,Jensen Farley Pic…,Comedy,12900000,4640287.0
62,1981,tt0083232,True Confessions,1981,United Artists,Drama,12200000,4388489.0
63,1981,tt0082934,The Postman Always Rings Twice,1981,Paramount Pictures,Drama,12200000,4388489.0
64,1981,tt0082382,First Monday in October,1981,Paramount Pictures,Comedy,12000000,4316546.0
65,1981,tt0082042,Back Roads,1981,Warner Bros.,Romantic Comedy,11809387,4247980.0
66,1981,tt0083336,Wolfen,1981,Warner Bros.,Horror,11000000,3956834.0
67,1981,tt0082969,Raggedy Man,1981,Universal,Drama,11000000,3956834.0
68,1981,tt0083284,Victory,1981,Paramount Pictures,Action,10853000,3903956.0
69,1981,tt0082498,Happy Birthday To Me,1981,Columbia,Horror,10609514,3816371.0
70,1981,tt0080388,Atlantic City,1981,Paramount Pictures,Drama,10000000,3597122.0
71,1981,tt0083366,"Zorro, The Gay Blade",1981,20th Century Fox,Comedy,10000000,3597122.0
72,1981,tt0083099,So Fine,1981,Warner Bros.,Comedy,10000000,3597122.0
73,1981,tt0082945,Prince of the City,1981,Warner Bros.,Drama,9000000,3237410.0
74,1981,tt0082138,Carbon Copy,1981,Avco Embassy,Comedy,8400000,3021582.0
75,1981,tt0082970,Ragtime,1981,Paramount Pictures,Drama,8382501,3015288.0
76,1981,tt0082399,Force: Five,1981,American Cinema R…,Action,8000000,2877697.0
77,1981,tt0082001,All Night Long,1981,Universal,Romantic Comedy,7800000,2805755.0
78,1981,tt0083006,Rollover,1981,Warner Bros.,Thriller/Suspense,7747128,2786736.0
79,1981,tt0082350,An Eye for an Eye,1981,Avco Embassy,Action,7496681,2696647.0
80,1981,tt0082427,The Funhouse,1981,Universal,Horror,7000000,2517985.0
81,1981,tt0082193,Comin' at Ya!,1981,Filmways Pictures,,6704127,2411556.0
82,1981,tt0082353,Eyewitness,1981,20th Century Fox,,6400000,2302158.0
83,1981,tt0082009,American Pop,1981,Columbia,Musical,6000000,2158273.0
84,1981,tt0082288,Dragonslayer,1981,Paramount Pictures,Action,6000000,2158273.0
85,1981,tt0082507,Heartbeeps,1981,Universal,Comedy,6000000,2158273.0
86,1981,tt0082432,Gallipoli,1981,Paramount Pictures,Drama,5732587,2062081.0
87,1981,tt0082111,Buddy Buddy,1981,United Artists,Comedy,5299037,1906128.0
88,1981,tt0082894,Pennies from Heaven,1981,MGM,Musical,5227259,1880308.0
89,1981,tt0082247,Death Hunt,1981,20th Century Fox,,5000000,1798561.0
90,1981,tt0080771,Galaxina,1980,Crown,,4865000,1750000.0
91,1981,tt0081964,All the Marbles,1981,MGM,,4300000,1546762.0
92,1981,tt0083190,Thief,1981,United Artists,Action,4300000,1546762.0
93,1981,tt0083326,Whose Life is it Anyway?,1981,MGM,Drama,4051988,1457549.0
94,1981,tt0082677,Looker,1981,Warner Bros.,Thriller/Suspense,3281232,1180299.0
95,1981,tt0080610,The Last Metro,1981,United Artists,Drama,3000000,1079136.0
96,1981,tt0083111,Southern Comfort,1981,20th Century Fox,Thriller/Suspense,2939174,1057256.0
97,1981,tt0082245,Deadly Blessing,1981,United Artists,,2800000,1007194.0
98,1981,tt0082158,Chariots of Fire,1981,Warner Bros.,Drama,2770216,
99,1981,tt0020205,Napoléon,1929,,Drama,2645504,
100,1981,tt0082511,Hell Night,1981,Compass Internati…,Horror,2300000,
1,1982,tt0083866,ET: The Extra-Terrestrial,1982,Universal,Adventure,321838717,109468951.0
2,1982,tt0084602,Rocky III,1982,MGM,Action,125049125,42533715.0
3,1982,tt0082846,On Golden Pond,1981,Universal,Drama,117891412,40099119.0
4,1982,tt0084434,An Officer and a Gentleman,1982,Paramount Pictures,Drama,111907443,38063756.0
5,1982,tt0084522,Porky's,1982,20th Century Fox,Comedy,109492484,37242341.0
6,1982,tt0076759,Star Wars Ep. IV: A New Hope,1978,20th Century Fox,Adventure,86753167,29507879.0
7,1982,tt0084726,Star Trek II: The Wrath of Khan,1982,Paramount Pictures,Adventure,78912963,26841143.0
8,1982,tt0084516,Poltergeist,1982,MGM,Horror,74706019,25410210.0
9,1982,tt0083642,The Best Little Whorehouse in Texas,1982,Universal,Musical,69701637,23708039.0
10,1982,tt0082158,Chariots of Fire,1981,Warner Bros.,Drama,58787946,19995900.0
11,1982,tt0083564,Annie,1982,Sony Pictures,Musical,57059003,19407824.0
12,1982,tt0082971,Raiders of the Lost Ark,1981,Paramount Pictures,Adventure,54135099,18413298.0
13,1982,tt0083943,Firefox,1982,Warner Bros.,Thriller/Suspense,45785720,15573374.0
14,1982,tt0083944,First Blood,1982,Orion Pictures,Action,43187630,14689670.0
15,1982,tt0084805,Tootsie,1982,Sony Pictures,Comedy,40897781,13910809.0
16,1982,tt0082198,Conan the Barbarian,1982,Universal,Action,38264085,13014994.0
17,1982,tt0084749,The Sword and the Sorcerer,1982,Group 1,Adventure,36714025,12487763.0
18,1982,tt0083972,Friday the 13th Part 3,1982,Paramount Pictures,Horror,36690067,12479614.0
19,1982,tt0084597,Richard Pryor Live on the Sunset Strip,1982,Sony Pictures,Concert/Perfor…,34970309,11894662.0
20,1982,tt0084938,Young Doctors in Love,1982,20th Century Fox,Comedy,30688860,10438387.0
21,1982,tt0084809,The Toy,1982,Sony Pictures,Comedy,30502112,10374868.0
22,1982,tt0084917,The World According to Garp,1982,Warner Bros.,Comedy,30207324,10274600.0
23,1982,tt0082979,Reds,1981,Paramount Pictures,Drama,29391083,9996967.0
24,1982,tt0083658,Blade Runner,1982,Warner Bros.,Thriller/Suspense,28459722,9680177.0
25,1982,tt0083929,Fast Times at Ridgemont High,1982,Universal,Comedy,27092880,9215265.0
26,1982,tt0084827,Tron,1982,Walt Disney,Action,26918576,9155978.0
27,1982,tt0083511,48 Hrs.,1982,Paramount Pictures,Action,24640357,8381073.0
28,1982,tt0082694,Mad Max 2: The Road Warrior,1982,Warner Bros.,Action,23667907,8050308.0
29,1982,tt0084865,Victor/Victoria,1982,MGM,Musical,22524614,7661433.0
30,1982,tt0083791,The Dark Crystal,1982,Universal,Adventure,22029071,7492881.0
31,1982,tt0080684,Star Wars Ep. V: The Empire Strikes Back,1981,20th Century Fox,Adventure,21796677,7413835.0
32,1982,tt0084788,Things Are Tough All Over,1982,Sony Pictures,Comedy,21134374,7188562.0
33,1982,tt0084412,Night Shift,1982,Warner Bros.,Comedy,21017056,7148658.0
34,1982,tt0083169,Taps,1981,20th Century Fox,Drama,20991771,7140058.0
35,1982,tt0461830,Quest for Fire,1982,20th Century Fox,Adventure,20959585,7129110.0
36,1982,tt0083530,Airplane II: The Sequel,1982,Paramount Pictures,Comedy,20495481,6971252.0
37,1982,tt0083628,The Beach Girls,1982,Crown,Comedy,20418789,6945166.0
38,1982,tt0083107,Some Kind of Hero,1982,Paramount Pictures,Drama,20400486,6938940.0
39,1982,tt0084690,Six Pack,1982,20th Century Fox,Comedy,20225989,6879588.0
40,1982,tt0083767,Creepshow,1982,Warner Bros.,Horror,20036244,6815048.0
41,1982,tt0083641,Best Friends,1982,Warner Bros.,Romantic Comedy,19711565,6704613.0
42,1982,tt0083806,Deathtrap,1982,Warner Bros.,Black Comedy,19282000,6558503.0
43,1982,tt0083798,Dead Men Don’t Wear Plaid,1982,Universal,Comedy,18196170,6189173.0
44,1982,tt0084370,My Favorite Year,1982,MGM,Comedy,17458105,5938130.0
45,1982,tt0084395,National Lampoon's Class Reunion,1982,20th Century Fox,Black Comedy,16550727,5629498.0
46,1982,tt0084855,The Verdict,1982,20th Century Fox,Drama,16373660,5569272.0
47,1982,tt0082250,Death Wish II,1982,Sony Pictures,Action,16100000,5476190.0
48,1982,tt0084335,Missing,1982,Universal,Drama,16000000,5442176.0
49,1982,tt0084945,Zapped!,1982,Embassy,Comedy,15026217,5110958.0
50,1982,tt0084503,Pink Floyd: The Wall,1982,MGM,Musical,14844106,5049015.0
51,1982,tt0085636,Halloween 3: Season of the of the Witch,1982,Universal,Horror,14400000,4897959.0
52,1982,tt0081974,Absence of Malice,1981,Columbia,Thriller/Suspense,14306837,4866271.0
53,1982,tt0084021,Grease 2,1982,Paramount Pictures,Musical,14297083,4862953.0
54,1982,tt0083064,Sharky's Machine,1981,Warner Bros.,Thriller/Suspense,14046546,4777736.0
55,1982,tt0084787,The Thing,1982,Universal,Horror,13782838,4688040.0
56,1982,tt0083598,Author! Author!,1982,20th Century Fox,Comedy,13111101,4459558.0
57,1982,tt0084133,The Incubus,1982,Artists Releasing…,Horror,13110874,4459480.0
58,1982,tt0083833,Diner,1982,MGM,Comedy,12592907,4283301.0
59,1982,tt0083296,Visiting Hours,1982,20th Century Fox,Horror,12581713,4279494.0
60,1982,tt0084351,Monsignor,1982,20th Century Fox,Drama,12408066,4220430.0
61,1982,tt0084293,Making Love,1982,20th Century Fox,Drama,11897978,4046931.0
62,1982,tt0083550,Amityville II: The Possession,1982,Orion Pictures,Horror,11328000,3853061.0
63,1982,tt0083630,The Beastmaster,1982,MGM,Action,10751126,3656845.0
64,1982,tt0084684,Silent Rage,1982,Sony Pictures,Action,10490791,3568296.0
65,1982,tt0084649,The Secret of Nimh,1982,MGM,Adventure,10140325,3449090.0
66,1982,tt0084049,Hanky Panky,1982,Sony Pictures,Comedy,9823934,3341474.0
67,1982,tt0046183,Peter Pan,1953,,Adventure,9453922,3215619.0
68,1982,tt0082970,Ragtime,1981,Paramount Pictures,Drama,9085657,3090359.0
69,1982,tt0084329,A Midsummer Night's Sex Comedy,1982,Orion Pictures,Comedy,9077269,3087506.0
70,1982,tt0084117,If You Could See What I Hear,1982,Jensen Farley Pic…,Drama,8693512,2956976.0
71,1982,tt0082763,Modern Problems,1981,20th Century Fox,Comedy,8275044,2814640.0
72,1982,tt0084675,Shoot the Moon,1982,MGM,Drama,8100000,2755102.0
73,1982,tt0084504,The Pirate Movie,1982,20th Century Fox,Musical,7983086,2715335.0
74,1982,tt0083449,The Missionary,1982,Sony Pictures,Comedy,7241180,2462986.0
75,1982,tt0084783,Tex,1982,Walt Disney,Drama,7199408,2448778.0
76,1982,tt0082801,Neighbors,1981,Columbia,Black Comedy,7003214,2382045.0
77,1982,tt0083722,Cat People,1982,Universal,Drama,7000000,2380952.0
78,1982,tt0084109,I Ought to be in Pictures,1982,20th Century Fox,Comedy,6968359,2370190.0
79,1982,tt0084210,Kiss Me Goodbye,1982,20th Century Fox,Romantic Comedy,6967535,2369909.0
80,1982,tt0083739,Class of 1984,1982,United Film Distr…,Thriller/Suspense,6965361,2369170.0
81,1982,tt0084296,The Man From Snowy River,1982,20th Century Fox,Western,6542492,2225337.0
82,1982,tt0084237,The Last Unicorn,1982,Jensen Farley Pic…,Adventure,6455330,2195690.0
83,1982,tt0084814,Trail of the Pink Panther,1982,MGM,Comedy,6243250,2123554.0
84,1982,tt0082031,Arthur,1981,Warner Bros.,Romantic Comedy,6152248,2092601.0
85,1982,tt0084704,The Soldier,1982,Embassy,Action,6123549,2082839.0
86,1982,tt0083678,The Border,1982,Universal,Drama,6118683,2081184.0
87,1982,tt0086443,Timerider: The Adventure of Lyle Swann,1982,,,6000000,2040816.0
88,1982,tt0084234,The Last American Virgin,1982,Cannon,Comedy,5829781,1982918.0
89,1982,tt0034492,Bambi,1942,,Adventure,5723384,1946729.0
90,1982,tt0084316,Megaforce,1982,20th Century Fox,Action,5675599,1930475.0
91,1982,tt0083755,The Concrete Jungle,1982,Pentagon Releasin…,Thriller/Suspense,5664557,1926720.0
92,1982,tt0084861,Vice Squad,1982,Avco Embassy,Action,5568880,1894176.0
93,1982,tt0082948,Private Lessons,1981,Jensen Farley Pic…,Comedy,5164851,1756752.0
94,1982,tt0084776,Tempest,1982,Sony Pictures,Comedy,5005245,1702464.0
95,1982,tt0084469,Paradise,1982,Embassy,Drama,5000000,1700680.0
96,1982,tt0084652,The Seduction,1982,Avco Embassy,Thriller/Suspense,4888270,1662676.0
97,1982,tt0084786,They Call Me Bruce,1982,Artists Releasing…,Comedy,4818768,1639036.0
98,1982,tt0084691,Six Weeks,1982,Universal,Drama,4799864,1632606.0
99,1982,tt0083908,Evil Under the Sun,1982,Universal,Thriller/Suspense,4659287,1584791.0
100,1982,tt0082810,Night Crossing,1982,Walt Disney,Drama,4500000,1530612.0
1,1983,tt0086190,Star Wars Ep. VI: Return of the Jedi,1983,20th Century Fox,Adventure,249333284,79153423.0
2,1983,tt0084805,Tootsie,1982,,Comedy,136302219,43270545.0
3,1983,tt0085549,Flashdance,1983,Paramount Pictures,Drama,90463574,28718594.0
4,1983,tt0086465,Trading Places,1983,Paramount Pictures,Comedy,90400000,28698412.0
5,1983,tt0086567,WarGames,1983,MGM,Thriller/Suspense,74433837,23629789.0
6,1983,tt0086034,Octopussy,1983,MGM,Action,67900000,21555555.0
7,1983,tt0085970,Mr. Mom,1983,20th Century Fox,Comedy,64800000,20571428.0
8,1983,tt0086361,Staying Alive,1983,Paramount Pictures,Drama,63841474,20267134.0
9,1983,tt0086200,Risky Business,1983,Warner Bros.,Comedy,63541777,20171992.0
10,1983,tt0085995,National Lampoon's Vacation,1983,Warner Bros.,Comedy,61400000,19492063.0
11,1983,tt0086393,Superman III,1983,Warner Bros.,Adventure,59950623,19031943.0
12,1983,tt0086006,Never Say Never Again,1983,Warner Bros.,Action,53448619,16967815.0
13,1983,tt0083987,Gandhi,1982,Sony Pictures,Drama,51443727,16331341.0
14,1983,tt0083511,48 Hrs.,1982,Paramount Pictures,Action,51295908,16284415.0
15,1983,tt0085750,Jaws 3-D,1983,Universal,Horror,45517055,14449858.0
16,1983,tt0085244,The Big Chill,1983,Sony Pictures,Comedy,43738171,13885133.0
17,1983,tt0086425,Terms of Endearment,1983,Paramount Pictures,Drama,42968996,13640951.0
18,1983,tt0085255,Blue Thunder,1983,Sony Pictures,Action,42313354,13432810.0
19,1983,tt0086383,Sudden Impact,1983,Warner Bros.,Action,41852579,13286533.0
20,1983,tt0084855,The Verdict,1982,20th Century Fox,Drama,37603590,11937647.0
21,1983,tt0083866,ET: The Extra-Terrestrial,1982,Universal,Adventure,37358320,11859784.0
22,1983,tt0086129,Porky's II: The Next Day,1983,20th Century Fox,Comedy,33759266,10717227.0
23,1983,tt0086154,Psycho II,1983,Universal,Horror,32000000,10158730.0
24,1983,tt0029583,Snow White and the Seven Dwarfs,1975,Walt Disney,Musical,30100976,9555865.0
25,1983,tt0086491,Twilight Zone: The Movie,1983,Warner Bros.,Horror,29500000,9365079.0
26,1983,tt0085470,Easy Money,1983,Orion Pictures,Comedy,29309766,9304687.0
27,1983,tt0085678,High Road to China,1983,Warner Bros.,Adventure,28416459,9021098.0
28,1983,tt0086066,The Outsiders,1983,Warner Bros.,Drama,25697647,8157983.0
29,1983,tt0086352,Spring Break,1983,Sony Pictures,Comedy,24071666,7641798.0
30,1983,tt0084707,Sophie's Choice,1982,Universal,Drama,23890547,7584300.0
31,1983,tt0085980,My Tutor,1983,Crown,Comedy,22587000,7170476.0
32,1983,tt0086250,Scarface,1983,Universal,Drama,21781177,6914659.0
33,1983,tt0085346,Class,1983,Orion Pictures,Comedy,21667789,6878663.0
34,1983,tt0085382,Cujo,1983,Warner Bros.,Horror,21156152,6716238.0
35,1983,tt0085407,The Dead Zone,1983,Paramount Pictures,Thriller/Suspense,20766000,6592380.0
36,1983,tt0085276,Breathless,1983,Orion Pictures,Action,19910002,6320635.0
37,1983,tt0086619,Yentl,1983,MGM/UA Classics,Musical,18678870,5929800.0
38,1983,tt0083791,The Dark Crystal,1982,Universal,Adventure,18547930,5888231.0
39,1983,tt0084434,An Officer and a Gentleman,1982,,Drama,17888111,5678765.0
40,1983,tt0085919,Max Dugan Returns,1983,20th Century Fox,Comedy,17613720,5591657.0
41,1983,tt0085154,All the Right Moves,1983,20th Century Fox,Drama,17200000,5460317.0
42,1983,tt0083641,Best Friends,1982,Warner Bros.,Romantic Comedy,16958991,5383806.0
43,1983,tt0086525,Valley Girl,1983,Atlantic,Romantic Comedy,16800000,5333333.0
44,1983,tt0084809,The Toy,1982,Sony Pictures,Comedy,16615945,5274903.0
45,1983,tt0085811,Krull,1983,Sony Pictures,Adventure,16519460,5244273.0
46,1983,tt0086346,Spacehunter: Adventures in the Forbidden Zone,1983,Sony Pictures,Adventure,16478265,5231195.0
47,1983,tt0085334,A Christmas Story,1983,MGM,Comedy,16244056,5156843.0
48,1983,tt0086194,Richard Pryor Here and Now,1983,Sony Pictures,Concert/Perfor…,16156776,5129135.0
49,1983,tt0086366,Still Smokin,1983,Paramount Pictures,Comedy,15543000,4934285.0
50,1983,tt0085959,Monty Python's The Meaning of Life,1983,Universal,Comedy,14929552,4739540.0
51,1983,tt0086494,Two of a Kind,1983,20th Century Fox,Romantic Comedy,14754743,4684045.0
52,1983,tt0084296,The Man From Snowy River,1982,20th Century Fox,Western,14116931,4481565.0
53,1983,tt0086143,Private School,1983,Universal,Comedy,14049540,4460171.0
54,1983,tt0086397,The Survivors,1983,Sony Pictures,Comedy,14000000,4444444.0
55,1983,tt0086508,Uncommon Valor,1983,Paramount Pictures,Action,13978862,4437733.0
56,1983,tt0085333,Christine,1983,Sony Pictures,Horror,13721069,4355894.0
57,1983,tt0086197,The Right Stuff,1983,Warner Bros.,Drama,13700891,4349489.0
58,1983,tt0082334,The Entity,1983,20th Century Fox,Horror,13277558,4215097.0
59,1983,tt0076618,The Rescuers,1977,,Adventure,13057259,4145161.0
60,1983,tt0086379,Stroker Ace,1983,Universal,Comedy,13000000,4126984.0
61,1983,tt0085862,Lone Wolf McQuade,1983,Orion Pictures,Western,12232628,3883373.0
62,1983,tt0086637,Zelig,1983,Orion Pictures,Comedy,11798616,3745592.0
63,1983,tt0085867,The Lords of Discipline,1983,Paramount Pictures,Thriller/Suspense,11721041,3720965.0
64,1983,tt0074539,The Smurfs and the Magic Flute,1983,Atlantic,Adventure,11234220,3566419.0
65,1983,tt0085387,D.C. Cab,1983,Universal,Comedy,10927540,3469060.0
66,1983,tt0085412,Deal of the Century,1983,Warner Bros.,Comedy,10400000,3301587.0
67,1983,tt0085450,Doctor Detroit,1983,Universal,Comedy,10400000,3301587.0
68,1983,tt0085894,The Man with Two Brains,1983,Warner Bros.,Comedy,10353438,3286805.0
69,1983,tt0086192,Revenge of the Ninja,1983,Cannon,Action,10325628,3277977.0
70,1983,tt0086617,The Year of Living Dangerously,1983,MGM,Drama,10278575,3263039.0
71,1983,tt0085478,Educating Rita,1983,Sony Pictures,Drama,10278032,3262867.0
72,1983,tt0085873,Lovesick,1983,Warner Bros.,Romantic Comedy,10143618,3220196.0
73,1983,tt0085248,The Black Stallion Returns,1983,MGM/UA Classics,Adventure,9851679,3127517.0
74,1983,tt0086593,Without a Trace,1983,20th Century Fox,Drama,9632062,3057797.0
75,1983,tt0085672,Hercules,1983,Cannon,Adventure,9466655,3005287.0
76,1983,tt0085210,Bad Boys,1983,Universal,Drama,9200000,2920634.0
77,1983,tt0057546,The Sword in the Stone,1963,,Adventure,9131576,2898913.0
78,1983,tt0085271,Brainstorm,1983,MGM,Thriller/Suspense,8921050,2832079.0
79,1983,tt0087127,Deathstalker,1983,New World,Action,8890685,2822439.0
80,1983,tt0084210,Kiss Me Goodbye,1982,20th Century Fox,Romantic Comedy,8815224,2798483.0
81,1983,tt0086423,Tender Mercies,1983,Universal,Drama,8443124,2680356.0
82,1983,tt0085694,The House on Sorority Row,1983,Artists Releasing…,Horror,8184633,2598296.0
83,1983,tt0084786,They Call Me Bruce,1982,Artists Releasing…,Comedy,8106669,2573545.0
84,1983,tt0086312,Silkwood,1983,20th Century Fox,Drama,7941875,2521230.0
85,1983,tt0086005,Never Cry Wolf,1983,Walt Disney,Drama,7479327,2374389.0
86,1983,tt0085121,10 to Midnight,1983,Cannon,Thriller/Suspense,7175592,2277965.0
87,1983,tt0085615,Gorky Park,1983,Orion Pictures,Drama,7065392,2242981.0
88,1983,tt0086450,To Be or Not to Be,1983,20th Century Fox,Comedy,7050601,2238286.0
89,1983,tt0086373,The Adventures of Bob & Doug McKenzie: Strange Brew,1983,MGM,Comedy,7035618,2233529.0
90,1983,tt0086325,Smokey and the Bandit III,1983,Universal,Comedy,7000000,2222222.0
91,1983,tt0085891,The Man Who Loved Women,1983,Sony Pictures,Comedy,6742181,2140374.0
92,1983,tt0086014,Nightmares,1983,Universal,Horror,6670680,2117676.0
93,1983,tt0085608,The Golden Seal,1983,Samuel Goldwyn Films,Adventure,6609870,2098371.0
94,1983,tt0086058,The Osterman Weekend,1983,20th Century Fox,Thriller/Suspense,6500000,2063492.0
95,1983,tt0086370,The Sting II,1983,Universal,Comedy,6347072,2014943.0
96,1983,tt0085159,Amityville 3-D,1983,Orion Pictures,Horror,6333135,2010519.0
97,1983,tt0085318,Chained Heat,1983,Jensen Farley Pic…,Drama,6149983,1952375.0
98,1983,tt0085859,Local Hero,1983,Warner Bros.,Comedy,5767363,1830908.0
99,1983,tt0086510,Under Fire,1983,Orion Pictures,Drama,5696391,1808378.0
100,1983,tt0086336,Something Wicked This Way Comes,1983,Walt Disney,Horror,5656087,1795583.0
1,1984,tt0087332,Ghostbusters,1984,Sony Pictures,Comedy,220855498,65730803.0
2,1984,tt0087469,Indiana Jones and the Temple of Doom,1984,Paramount Pictures,Adventure,175083524,52108192.0
3,1984,tt0087363,Gremlins,1984,Warner Bros.,Comedy,148117285,44082525.0
4,1984,tt0087538,The Karate Kid,1984,Sony Pictures,Action,90815558,27028440.0
5,1984,tt0086960,Beverly Hills Cop,1984,Paramount Pictures,Comedy,84118547,25035282.0
6,1984,tt0087928,Police Academy,1984,Warner Bros.,Comedy,81198894,24166338.0
7,1984,tt0087277,Footloose,1984,Paramount Pictures,Drama,75846770,22573443.0
8,1984,tt0088011,Romancing the Stone,1984,20th Century Fox,Adventure,75078260,22344720.0
9,1984,tt0088170,Star Trek III: The Search for Spock,1984,Paramount Pictures,Adventure,71273785,21212436.0
10,1984,tt0087957,Purple Rain,1984,Warner Bros.,Drama,68392977,20355053.0
11,1984,tt0086425,Terms of Endearment,1983,Paramount Pictures,Drama,65454493,19480504.0
12,1984,tt0088161,Splash,1984,Walt Disney,Romantic Comedy,62599495,18630802.0
13,1984,tt0087355,Grand Canyon: The Hidden Secrets,1984,,Documentary,52800000,15714285.0
14,1984,tt0087781,The Natural,1984,Sony/TriStar,Drama,47951979,14271422.0
15,1984,tt0088272,Tightrope,1984,Warner Bros.,Thriller/Suspense,47392179,14104815.0
16,1984,tt0087365,Greystoke: The Legend of Tarzan Lord of the Apes,1984,Warner Bros.,Adventure,45858563,13648382.0
17,1984,tt0088000,Revenge of the Nerds,1984,20th Century Fox,Comedy,40870674,12163891.0
18,1984,tt0086927,Bachelor Party,1984,20th Century Fox,Comedy,38435947,11439270.0
19,1984,tt0087985,Red Dawn,1984,MGM/UA Classics,Action,37890177,11276838.0
20,1984,tt0086998,Breakin',1984,Cannon,Musical,35995234,10712867.0
21,1984,tt0086873,All of Me,1984,Universal,Comedy,35243581,10489161.0
22,1984,tt0088247,The Terminator,1984,Orion Pictures,Action,34004606,10120418.0
23,1984,tt0087298,Friday the 13th Part IV: The Final Chapter,1984,Paramount Pictures,Horror,30393007,9045538.0
24,1984,tt0087921,Places in the Heart,1984,Sony/TriStar,Drama,29407031,8752093.0
25,1984,tt0086312,Silkwood,1983,20th Century Fox,Drama,27673734,8236230.0
26,1984,tt0088242,Teachers,1984,MGM/UA Classics,Drama,27536746,8195460.0
27,1984,tt0086837,2010,1984,MGM,Thriller/Suspense,27516787,8189520.0
28,1984,tt0087032,Cannonball Run II,1984,Warner Bros.,Comedy,27299433,8124831.0
29,1984,tt0087062,City Heat,1984,Warner Bros.,Action,26869258,7996803.0
30,1984,tt0087078,Conan the Destroyer,1984,Universal,Action,26365298,7846815.0
31,1984,tt0086383,Sudden Impact,1983,Warner Bros.,Action,25790114,7675629.0
32,1984,tt0087755,The Muppets Take Manhattan,1984,Sony/TriStar,Comedy,25534703,7599614.0
33,1984,tt0088414,The Woman in Red,1984,Orion Pictures,Romantic Comedy,25308147,7532187.0
34,1984,tt0087747,Moscow on the Hudson,1984,Sony Pictures,Comedy,24304590,7233509.0
35,1984,tt3040964,The Jungle Book,1984,,Musical,23001559,6845702.0
36,1984,tt0087727,Missing in Action,1984,Cannon,Action,22385535,6662362.0
37,1984,tt0087597,The Last Starfighter,1984,Universal,Action,22200789,6607378.0
38,1984,tt0086859,Against All Odds,1984,Sony Pictures,Thriller/Suspense,21689062,6455078.0
39,1984,tt0088001,Rhinestone,1984,20th Century Fox,Comedy,21333906,6349377.0
40,1984,tt0087835,"Oh God, You Devil!",1984,Warner Bros.,Comedy,21112090,6283360.0
41,1984,tt0088385,Weekend Pass,1984,Crown,Comedy,21058033,6267272.0
42,1984,tt0087182,Dune,1984,Universal,Action,20675141,6153316.0
43,1984,tt0088128,Sixteen Candles,1984,Universal,Romantic Comedy,20490400,6098333.0
44,1984,tt0086619,Yentl,1983,MGM/UA Classics,Musical,20333371,6051599.0
45,1984,tt0086005,Never Cry Wolf,1983,Walt Disney,Drama,20189437,6008761.0
46,1984,tt0088323,The Neverending Story,1984,Warner Bros.,Adventure,20158808,5999645.0
47,1984,tt0088146,A Soldier's Story,1984,Sony Pictures,Drama,20056018,5969053.0
48,1984,tt0088326,Unfaithfully Yours,1984,20th Century Fox,Romantic Comedy,19928200,5931012.0
49,1984,tt0086857,Pinocchio,1984,,Adventure,19252911,5730033.0
50,1984,tt0086250,Scarface,1983,Universal,Drama,18904389,5626306.0
51,1984,tt0086879,Amadeus,1984,Warner Bros.,Drama,18612824,5539531.0
52,1984,tt0086973,Blame it on Rio,1984,20th Century Fox,Romantic Comedy,18561998,5524404.0
53,1984,tt0086955,Best Defense,1984,Paramount Pictures,Comedy,18361590,5464759.0
54,1984,tt0087425,Hot Dog… The Movie,1984,MGM/UA Classics,Comedy,17540166,5220288.0
55,1984,tt0087589,Lassiter,1984,Warner Bros.,Thriller/Suspense,17513452,5212337.0
56,1984,tt0086896,Angel,1984,New World,Thriller/Suspense,17488564,5204930.0
57,1984,tt0088286,Top Secret!,1984,Paramount Pictures,Comedy,17208898,5121696.0
58,1984,tt0086946,Beat Street,1984,Orion Pictures,Drama,16595791,4939224.0
59,1984,tt0087262,Firestarter,1984,Universal,Horror,15136870,4505021.0
60,1984,tt0087050,Children of the Corn,1984,New World,Horror,14568989,4336009.0
61,1984,tt0088172,Starman,1984,Sony Pictures,Adventure,14535063,4325912.0
62,1984,tt0087799,Night of the Comet,1984,Atlantic,Horror,14305674,4257641.0
63,1984,tt0086508,Uncommon Valor,1983,Paramount Pictures,Action,13921138,4143196.0
64,1984,tt0088206,Supergirl,1984,Sony/TriStar,Adventure,13487558,4014154.0
65,1984,tt0087089,The Cotton Club,1984,Orion Pictures,Drama,13304950,3959807.0
66,1984,tt0087222,The Evil That Men Do,1984,Sony/TriStar,Action,13102025,3899412.0
67,1984,tt0087451,The Ice Pirates,1984,MGM/UA Classics,Comedy,13075390,3891485.0
68,1984,tt0087482,Irreconcilable Differences,1984,Warner Bros.,Comedy,12384120,3685750.0
69,1984,tt0085244,The Big Chill,1983,Sony Pictures,Comedy,12339330,3672420.0
70,1984,tt0087175,Dreamscape,1984,20th Century Fox,Adventure,12116365,3606061.0
71,1984,tt0088333,Up the Creek,1984,Orion Pictures,Comedy,11708269,3484604.0
72,1984,tt0087951,Protocol,1984,Warner Bros.,Comedy,11524341,3429863.0
73,1984,tt0088224,Tank,1984,Universal,Action,11131530,3312955.0
74,1984,tt0087003,Broadway Danny Rose,1984,Orion Pictures,Comedy,10566714,3144855.0
75,1984,tt0088395,Where the Boys Are '84,1984,Sony/TriStar,Comedy,10530000,3133929.0
76,1984,tt0088256,Thief of Hearts,1984,Paramount Pictures,Drama,10364904,3084793.0
77,1984,tt0087233,Falling in Love,1984,Paramount Pictures,Drama,9593808,2855300.0
78,1984,tt0087718,Micki + Maude,1984,Sony Pictures,Romantic Comedy,9581875,2851749.0
79,1984,tt0088402,The Wild Life,1984,,Comedy,9453750,2813616.0
80,1984,tt0086494,Two of a Kind,1983,20th Century Fox,Romantic Comedy,8945257,2662279.0
81,1984,tt0086987,Bolero,1984,Cannon,Drama,8914881,2653238.0
82,1984,tt0087384,Hard To Hold,1984,Universal,Drama,8853155,2634868.0
83,1984,tt0085615,Gorky Park,1983,Orion Pictures,Drama,8834608,2629348.0
84,1984,tt0087507,Johnny Dangerously,1984,20th Century Fox,Comedy,8816558,2623976.0
85,1984,tt0086984,Body Double,1984,Sony Pictures,Thriller/Suspense,8801940,2619625.0
86,1984,tt0086993,The Bounty,1984,Orion Pictures,Drama,8613462,2563530.0
87,1984,tt0087866,Oxford Blues,1984,MGM/UA Classics,Comedy,8531117,2539023.0
88,1984,tt0087091,Country,1984,Walt Disney,Drama,8390574,2497195.0
89,1984,tt0088249,Terror in the Aisles,1984,Universal,Multiple Genres,8316206,2475061.0
90,1984,tt0086999,Breakin' 2: Electric Boogaloo,1984,Cannon,Musical,8270604,2461489.0
91,1984,tt0087910,The Philadelphia Experiment,1984,New World,Adventure,8103330,2411705.0
92,1984,tt0087065,Cloak & Dagger,1984,Universal,Action,8071189,2402140.0
93,1984,tt0087629,The Little Drummer Girl,1984,Warner Bros.,Drama,7828841,2330012.0
94,1984,tt0086197,The Right Stuff,1983,Warner Bros.,Drama,7799109,2321163.0
95,1984,tt0087800,A Nightmare on Elm Street,1984,New Line,Horror,7659250,2279539.0
96,1984,tt0087805,Ninja III: The Domination,1984,Cannon,Action,7610785,2265115.0
97,1984,tt0087265,The Flamingo Kid,1984,20th Century Fox,Comedy,7605561,2263560.0
98,1984,tt0087525,Just the Way You Are,1984,MGM/UA Classics,Comedy,7517699,2237410.0
99,1984,tt0085333,Christine,1983,Sony Pictures,Horror,7478931,2225872.0
100,1984,tt0087452,Iceman,1984,Universal,Drama,7343032,2185426.0
1,1985,tt0088763,Back to the Future,1985,Universal,Adventure,193350425,54464908.0
2,1985,tt0089880,Rambo: First Blood Part II,1985,Sony/TriStar,Action,150415432,42370544.0
3,1985,tt0086960,Beverly Hills Cop,1984,Paramount Pictures,Comedy,130887254,36869649.0
4,1985,tt0089927,Rocky IV,1985,MGM,Drama,105524891,29725321.0
5,1985,tt0088933,Cocoon,1985,20th Century Fox,Comedy,76257348,21480943.0
6,1985,tt0089050,The Dream is Alive,1985,IMAX Films,Documentary,70000000,19718309.0
7,1985,tt0089218,The Goonies,1985,Warner Bros.,Adventure,66565903,18750958.0
8,1985,tt0090329,Witness,1985,Paramount Pictures,Drama,65532576,18459880.0
9,1985,tt0089822,Police Academy 2: Their First Assignment,1985,Warner Bros.,Comedy,55337042,15587899.0
10,1985,tt0032455,Fantasia,1940,,Musical,50500882,14225600.0
11,1985,tt0090264,A View to a Kill,1985,MGM,Action,50327960,14176890.0
12,1985,tt0089670,National Lampoon’s European Vacation,1985,Warner Bros.,Comedy,49400000,13915492.0
13,1985,tt0089155,Fletch,1985,Universal,Comedy,46700000,13154929.0
14,1985,tt0088847,The Breakfast Club,1985,Universal,Comedy,45875171,12922583.0
15,1985,tt0090056,Spies Like Us,1985,Warner Bros.,Comedy,43754210,12325129.0
16,1985,tt0089370,The Jewel of the Nile,1985,20th Century Fox,Adventure,43741096,12321435.0
17,1985,tt0089560,Mask,1985,Universal,Drama,42417782,11948670.0
18,1985,tt0089767,Pale Rider,1985,Warner Bros.,Western,41410568,11664948.0
19,1985,tt0089791,Pee Wee's Big Adventure,1985,Warner Bros.,Adventure,40940662,11532580.0
20,1985,tt0088850,Brewster's Millions,1985,Universal,Comedy,40800000,11492957.0
21,1985,tt0089360,Jagged Edge,1985,Sony Pictures,Thriller/Suspense,38768101,10920591.0
22,1985,tt0090060,St. Elmo’s Fire,1985,Sony Pictures,Drama,37800000,10647887.0
23,1985,tt0089530,Mad Max Beyond Thunderdome,1985,Warner Bros.,Action,36230219,10205695.0
24,1985,tt0088944,Commando,1985,20th Century Fox,Action,35073978,9879993.0
25,1985,tt0090022,Silverado,1985,Sony Pictures,Western,33200000,9352112.0
26,1985,tt0087553,The Killing Fields,1984,Warner Bros.,Drama,33106411,9325749.0
27,1985,tt0090142,Teen Wolf,1985,Atlantic,Comedy,33086611,9320172.0
28,1985,tt0089461,The Last Dragon,1985,Sony Pictures,Action,33000000,9295774.0
29,1985,tt0086879,Amadeus,1984,Warner Bros.,Drama,32067577,9033120.0
30,1985,tt0090319,White Nights,1985,Sony Pictures,Thriller/Suspense,29867917,8413497.0
31,1985,tt0089017,Desperately Seeking Susan,1985,Orion Pictures,Comedy,27400000,7718309.0
32,1985,tt0089841,Prizzi's Honor,1985,20th Century Fox,Black Comedy,26700000,7521126.0
33,1985,tt0089755,Out of Africa,1985,Universal,Drama,26685197,7516956.0
34,1985,tt0087892,A Passage to India,1984,Sony Pictures,Drama,25846972,7280837.0
35,1985,tt0088683,Agnes of God,1985,Sony Pictures,Drama,25627836,7219108.0
36,1985,tt0089175,Fright Night,1985,Sony Pictures,Horror,24922237,7020348.0
37,1985,tt0090098,Summer Rental,1985,Paramount Pictures,Comedy,24671000,6949577.0
38,1985,tt0089087,The Emerald Forest,1985,Avco Embassy,Drama,24468550,6892549.0
39,1985,tt0089961,Santa Claus,1985,Sony/TriStar,Adventure,23593141,6645955.0
40,1985,tt0080801,The Gods Must Be Crazy,1984,20th Century Fox,Comedy,23265367,6553624.0
41,1985,tt0088885,The Care Bears Movie,1985,Samuel Goldwyn Films,Adventure,22934000,6460281.0
42,1985,tt2077806,Friday the 13th Part V: A New Beginning,1985,Paramount Pictures,Horror,21930418,6177582.0
43,1985,tt0088814,The Black Cauldron,1985,Walt Disney,Adventure,21288692,5996814.0
44,1985,tt0089686,A Nightmare On Elm Street Part 2: Freddy’s Revenge,1985,New Line,Horror,21163999,5961689.0
45,1985,tt0089826,Porky's Revenge,1985,20th Century Fox,Comedy,20518000,5779718.0
46,1985,tt0115433,101 Dalmatians,1985,,Adventure,20345559,5731143.0
47,1985,tt0088936,Code of Silence,1985,Orion Pictures,Action,20345361,5731087.0
48,1985,tt0090274,Volunteers,1985,Sony/TriStar,Comedy,19875740,5598800.0
49,1985,tt0090350,Year of the Dragon,1985,MGM,Action,18707466,5269708.0
50,1985,tt0089457,Ladyhawke,1985,Warner Bros.,Action,18400000,5183098.0
51,1985,tt0090103,The Sure Thing,1985,Embassy,Comedy,18136000,5108732.0
52,1985,tt0089348,Invasion U.S.A.,1985,Cannon,Action,17536256,4939790.0
53,1985,tt0087231,The Falcon and the Snowman,1985,Orion Pictures,Thriller/Suspense,17130087,4825376.0
54,1985,tt0090357,Young Sherlock Holmes,1985,Paramount Pictures,Adventure,16820757,4738241.0
55,1985,tt0090180,To Live and Die in L.A.,1985,MGM,Action,16700873,4704471.0
56,1985,tt0090305,Weird Science,1985,Universal,Comedy,16316258,4596129.0
57,1985,tt0089003,Death Wish 3,1985,Cannon,Action,16116878,4539965.0
58,1985,tt0089421,King Solomon's Mines,1985,Cannon,Adventure,14819238,4174433.0
59,1985,tt0089901,Remo Williams: The Adventure Begins,1985,Orion Pictures,Adventure,14393902,4054620.0
60,1985,tt0088760,Baby: Secret of the Lost Legend,1985,Walt Disney,Adventure,14276095,4021435.0
61,1985,tt0089907,The Return of the Living Dead,1985,Orion Pictures,Horror,14237880,4010670.0
62,1985,tt0090184,Tomboy,1985,,Romantic Comedy,14100000,3971830.0
63,1985,tt29834511,Sesame Street Presents Follow That Bird,1985,Warner Bros.,Adventure,13961370,3932780.0
64,1985,tt0088939,The Color Purple,1985,Warner Bros.,Drama,13917322,3920372.0
65,1985,tt0089731,One Magic Christmas,1985,Walt Disney,Drama,13229514,3726623.0
66,1985,tt0090270,Vision Quest,1985,Warner Bros.,Drama,13000000,3661971.0
67,1985,tt0089886,Real Genius,1985,Sony/TriStar,Comedy,12952019,3648456.0
68,1985,tt0089798,Perfect,1985,Sony Pictures,Romantic Comedy,12918858,3639114.0
69,1985,tt0087718,Micki + Maude,1984,Sony Pictures,Romantic Comedy,12831546,3614520.0
70,1985,tt0087265,The Flamingo Kid,1984,20th Century Fox,Comedy,12741311,3589101.0
71,1985,tt0089424,Kiss of the Spider Woman,1985,Island/Alive,Drama,12254751,3452042.0
72,1985,tt0089489,Lifeforce,1985,Sony/TriStar,Horror,11603545,3268604.0
73,1985,tt0089393,Just One of the Guys,1985,Sony Pictures,Romantic Comedy,11377655,3204973.0
74,1985,tt0088930,Clue,1985,Paramount Pictures,Comedy,11131957,3135762.0
75,1985,tt0089444,Krush Groove,1985,Warner Bros.,Drama,11052713,3113440.0
76,1985,tt0090021,Silver Bullet,1985,Paramount Pictures,Horror,10803211,3043158.0
77,1985,tt0089604,Missing in Action 2: The Beginning,1985,Cannon,Action,10755447,3029703.0
78,1985,tt0089853,The Purple Rose of Cairo,1985,Orion Pictures,Comedy,10631333,2994741.0
79,1985,tt0089908,Return to Oz,1985,Walt Disney,Adventure,10618813,2991214.0
80,1985,tt0087951,Protocol,1984,Warner Bros.,Comedy,10609800,2988676.0
81,1985,tt0088947,Compromising Positions,1985,Paramount Pictures,Comedy,10600000,2985915.0
82,1985,tt0089629,Moving Violations,1985,20th Century Fox,Comedy,10600000,2985915.0
83,1985,tt0088172,Starman,1984,Sony Pictures,Adventure,10541377,2969401.0
84,1985,tt0088708,American Ninja,1985,Cannon,Action,10499000,2957464.0
85,1985,tt0088794,Better Off Dead...,1985,Warner Bros.,Black Comedy,10297601,2900732.0
86,1985,tt0088680,After Hours,1985,Warner Bros.,Black Comedy,10208924,2875753.0
87,1985,tt0089504,Lost in America,1985,Warner Bros.,Comedy,10079206,2839212.0
88,1985,tt0089730,Once Bitten,1985,Goldwyn Entertain…,Comedy,9917242,2793589.0
89,1985,tt0089114,Explorers,1985,Paramount Pictures,Adventure,9873000,2781126.0
90,1985,tt0088915,A Chorus Line,1985,Sony Pictures,Musical,9685207,2728227.0
91,1985,tt0090213,Tuff Turf,1985,New World,Drama,9369329,2639247.0
92,1985,tt0087089,The Cotton Club,1984,Orion Pictures,Drama,9274299,2612478.0
93,1985,tt0090110,Sweet Dreams,1985,Sony/TriStar,Drama,9100000,2563380.0
94,1985,tt0090130,Target,1985,Warner Bros.,Thriller/Suspense,9023199,2541746.0
95,1985,tt0088889,Cat's Eye,1985,MGM,Horror,9000000,2535211.0
96,1985,tt0086837,2010,1984,MGM,Thriller/Suspense,8910060,2509876.0
97,1985,tt0089222,Gotcha,1985,Universal,Action,8823269,2485427.0
98,1985,tt0089601,Mischief,1985,20th Century Fox,Comedy,8700000,2450704.0
99,1985,tt0088007,The River,1984,Universal,Drama,8679857,2445030.0
100,1985,tt0089543,The Man With One Red Shoe,1985,20th Century Fox,Comedy,8645411,2435327.0
1,1986,tt0092099,Top Gun,1986,Paramount Pictures,Action,171838925,46317769.0
2,1986,tt0090555,Crocodile Dundee,1986,Paramount Pictures,Comedy,129589193,34929701.0
3,1986,tt0091326,"The Karate Kid, Part II",1986,Sony Pictures,Action,115103979,31025331.0
4,1986,tt0090685,Back to School,1986,Orion Pictures,Comedy,91258000,24597843.0
5,1986,tt0090605,Aliens,1986,20th Century Fox,Action,85160248,22954244.0
6,1986,tt0092007,Star Trek IV: The Voyage Home,1986,Paramount Pictures,Adventure,83867664,22605839.0
7,1986,tt0088939,The Color Purple,1985,Warner Bros.,Drama,80112150,21593571.0
8,1986,tt0091877,Ruthless People,1986,Walt Disney,Black Comedy,71624879,19305897.0
9,1986,tt0091042,Ferris Bueller’s Day Off,1986,Paramount Pictures,Comedy,70136369,18904681.0
10,1986,tt0090966,Down and Out in Beverly Hills,1986,Walt Disney,Comedy,62134225,16747769.0
11,1986,tt0091129,The Golden Child,1986,Paramount Pictures,Action,54500686,14690211.0
12,1986,tt0089755,Out of Africa,1985,Universal,Drama,52411671,14127135.0
13,1986,tt0091396,Legal Eagles,1986,Universal,Comedy,49851591,13437086.0
14,1986,tt0090859,Cobra,1986,Cannon,Action,49042224,13218928.0
15,1986,tt0092005,Stand by Me,1986,Sony Pictures,Drama,47734510,12866444.0
16,1986,tt0090863,The Color of Money,1986,Walt Disney,Drama,44852668,12089667.0
17,1986,tt0091777,Police Academy 3: Back in Training,1986,Warner Bros.,Comedy,43579163,11746405.0
18,1986,tt0090633,An American Tail,1986,Universal,Adventure,42865605,11554071.0
19,1986,tt0091778,Poltergeist II: The Other Side,1986,MGM,Horror,40996665,11050314.0
20,1986,tt0091949,Short Circuit,1986,Sony/TriStar,Comedy,40697761,10969746.0
21,1986,tt0091790,Pretty in Pink,1986,Paramount Pictures,Romantic Comedy,40471663,10908804.0
22,1986,tt0091738,Peggy Sue Got Married,1986,Sony/TriStar,Comedy,39419555,10625216.0
23,1986,tt0090583,About Last Night...,1986,Sony Pictures,Comedy,38702310,10431889.0
24,1986,tt0091875,Running Scared,1986,MGM,Comedy,38500726,10377554.0
25,1986,tt0091064,The Fly,1986,20th Century Fox,Horror,37585000,10130727.0
26,1986,tt0091541,The Money Pit,1986,Universal,Comedy,37499651,10107722.0
27,1986,tt0091159,Gung Ho,1986,Paramount Pictures,Comedy,36611610,9868358.0
28,1986,tt0091187,Heartbreak Ridge,1986,Warner Bros.,Drama,35831841,9658178.0
29,1986,tt0091167,Hannah and Her Sisters,1986,Orion Pictures,Comedy,35440516,9552699.0
30,1986,tt0091653,Nothing in Common,1986,Sony/TriStar,Comedy,32324000,8712668.0
31,1986,tt0092086,Three Amigos,1986,Orion Pictures,Comedy,31454676,8478349.0
32,1986,tt0091991,Soul Man,1986,New World,Comedy,27316198,7362856.0
33,1986,tt0089643,Murphy's Romance,1985,Sony Pictures,Romantic Comedy,27087182,7301127.0
34,1986,tt0092214,Wildcats,1986,Warner Bros.,Comedy,26285544,7085052.0
35,1986,tt0091306,Jumpin' Jack Flash,1986,20th Century Fox,Comedy,25587804,6896982.0
36,1986,tt0091188,Heartburn,1986,Paramount Pictures,Comedy,25314289,6823258.0
37,1986,tt0089370,The Jewel of the Nile,1985,20th Century Fox,Adventure,24534668,6613118.0
38,1986,tt0091278,Iron Eagle,1986,Sony/TriStar,Action,24159872,6512094.0
39,1986,tt0090830,Children of a Lesser God,1986,Paramount Pictures,Drama,24117027,6500546.0
40,1986,tt0091419,Little Shop of Horrors,1986,Warner Bros.,Musical,23756321,6403321.0
41,1986,tt0091149,The Great Mouse Detective,1986,Walt Disney,Adventure,23605534,6362677.0
42,1986,tt0089927,Rocky IV,1985,MGM,Drama,22348825,6023942.0
43,1986,tt0092105,Tough Guys,1986,Walt Disney,Comedy,21458229,5783889.0
44,1986,tt0048280,Lady and the Tramp,1986,,Adventure,20690563,5576971.0
45,1986,tt0089118,F/X,1986,Orion Pictures,Action,20603715,5553561.0
46,1986,tt0091080,Friday the 13th Part VI: Jason Lives,1986,Paramount Pictures,Horror,19472057,5248532.0
47,1986,tt0091990,House,1986,New World,Horror,19444631,5241140.0
48,1986,tt0091867,A Room with a View,1986,Cinecom,Drama,19168056,5166591.0
49,1986,tt0091059,Flight of the Navigator,1986,Walt Disney,Adventure,18564613,5003938.0
50,1986,tt0091295,"Jo Jo Dancer, Your Life is Calling",1986,Sony Pictures,Drama,18034150,4860956.0
51,1986,tt0090927,The Delta Force,1986,Cannon,Action,17005599,4583719.0
52,1986,tt0090056,Spies Like Us,1985,Warner Bros.,Comedy,16329257,4401416.0
53,1986,tt0091225,Howard the Duck,1986,Universal,Action,16295774,4392391.0
54,1986,tt0091828,Raw Deal,1986,De Laurentiis Ent…,Action,16209459,4369126.0
55,1986,tt0090660,Armed and Dangerous,1986,Sony Pictures,Comedy,15945534,4297987.0
56,1986,tt0091224,Legend,1986,Universal,Adventure,15502112,4178466.0
57,1986,tt0038969,Song of the South,1946,,Musical,15495830,4176773.0
58,1986,tt0091554,The Morning After,1986,20th Century Fox,Thriller/Suspense,15487917,4174640.0
59,1986,tt0092272,Youngblood,1986,MGM,Drama,15448400,4163989.0
60,1986,tt0090886,Crimes of the Heart,1986,De Laurentiis Ent…,Black Comedy,14685212,3958278.0
61,1986,tt0091799,Psycho III,1986,Universal,Horror,14481606,3903397.0
62,1986,tt0092035,Sweet Liberty,1986,Universal,Comedy,14205021,3828846.0
63,1986,tt0091680,One Crazy Summer,1986,Warner Bros.,Romantic Comedy,13431806,3620432.0
64,1986,tt0091024,Extremities,1986,Atlantic,Thriller/Suspense,13418091,3616736.0
65,1986,tt0090887,Critters,1986,New Line,Horror,13167232,3549119.0
66,1986,tt0090655,April Fool's Day,1986,Paramount Pictures,Horror,12947763,3489963.0
67,1986,tt0091369,Labyrinth,1986,Sony Pictures,Adventure,12729917,3431244.0
68,1986,tt0090856,Club Paradise,1986,Warner Bros.,Comedy,12308521,3317660.0
69,1986,tt0090319,White Nights,1985,Sony Pictures,Thriller/Suspense,12292932,3313458.0
70,1986,tt0091055,Firewalker,1986,Cannon,Adventure,11834302,3189838.0
71,1986,tt0090728,Big Trouble in Little China,1986,20th Century Fox,Action,11100000,2991913.0
72,1986,tt0115433,101 Dalmatians,1985,Walt Disney,Adventure,10816304,2915445.0
73,1986,tt0092133,Under the Cherry Moon,1986,Warner Bros.,Musical,10090429,2719792.0
74,1986,tt0091575,Murphy's Law,1986,Cannon,Action,9947631,2681302.0
75,1986,tt0091993,SpaceCamp,1986,20th Century Fox,Adventure,9697739,2613945.0
76,1986,tt1071322,Sleeping Beauty,1986,Walt Disney,Adventure,9464608,2551107.0
77,1986,tt0090917,Deadly Friend,1986,Warner Bros.,Horror,8988731,2422838.0
78,1986,tt0091763,Platoon,1986,Orion Pictures,Drama,8822404,2378006.0
79,1986,tt0091474,Manhunter,1986,De Laurentiis Ent…,Thriller/Suspense,8620929,2323700.0
80,1986,tt0090799,Care Bears Movie II: A New Generation,1986,Sony Pictures,Adventure,8540346,2301980.0
81,1986,tt0092226,Wise Guys,1986,MGM,Black Comedy,8475466,2284492.0
82,1986,tt0091983,Something Wild,1986,Orion Pictures,Comedy,8362000,2253908.0
83,1986,tt0091445,Lucas,1986,20th Century Fox,Comedy,8200000,2210242.0
84,1986,tt0091178,Haunted Honeymoon,1986,Orion Pictures,Comedy,8033397,2165336.0
85,1986,tt0092076,The Texas Chainsaw Massacre 2,1986,Cannon,Horror,8025872,2163307.0
86,1986,tt0090713,The Best of Times,1986,Universal,Comedy,7790931,2099981.0
87,1986,tt0091814,Quicksilver,1986,Sony Pictures,Drama,7634909,2057926.0
88,1986,tt0091499,Maximum Overdrive,1986,De Laurentiis Ent…,Horror,7433663,2003682.0
89,1986,tt0089941,Runaway Train,1985,Cannon,Action,7401309,1994961.0
90,1986,tt0090768,The Boy Who Could Fly,1986,20th Century Fox,Drama,7177431,1934617.0
91,1986,tt0091605,The Name of the Rose,1986,20th Century Fox,,7153000,1928032.0
92,1986,tt0088763,Back to the Future,1985,Universal,Adventure,6988149,1883598.0
93,1986,tt0090753,Blue City,1986,Paramount Pictures,Action,6947000,1872506.0
94,1986,tt0091939,She's Gotta Have It,1986,Island,Comedy,6881563,1854868.0
95,1986,tt4319314,Nine 1/2 Weeks,1986,MGM,Thriller/Suspense,6734844,1815321.0
96,1986,tt0090735,Black Moon Rising,1986,New World,Action,6637565,1789101.0
97,1986,tt0090203,The Trip to Bountiful,1985,Island,Drama,6568986,1770616.0
98,1986,tt0091310,Just Between Friends,1986,Orion Pictures,Drama,6408791,1727436.0
99,1986,tt0091217,Hoosiers,1986,Orion Pictures,Drama,6088022,1640976.0
100,1986,tt0091051,A Fine Mess,1986,Sony Pictures,Comedy,6029824,1625289.0
1,1987,tt0092644,Beverly Hills Cop II,1987,Paramount Pictures,Comedy,153665036,39300520.0
2,1987,tt0093010,Fatal Attraction,1987,Paramount Pictures,Thriller/Suspense,137550694,35179205.0
3,1987,tt0091763,Platoon,1986,,Drama,129140924,33028369.0
4,1987,tt0094137,3 Men and a Baby,1987,Walt Disney,Comedy,87689221,22426910.0
5,1987,tt0094226,The Untouchables,1987,Paramount Pictures,Drama,76270454,19506509.0
6,1987,tt0093936,The Secret of My Success,1987,Universal,Comedy,66995000,17134271.0
7,1987,tt0094025,Stakeout,1987,Walt Disney,Comedy,65673233,16796223.0
8,1987,tt0093409,Lethal Weapon,1987,Warner Bros.,Action,65192350,16673235.0
9,1987,tt0094332,The Witches of Eastwick,1987,Warner Bros.,Black Comedy,63749955,16304336.0
10,1987,tt0093773,Predator,1987,20th Century Fox,Action,59735548,15277633.0
11,1987,tt0092925,Dragnet,1987,Universal,Comedy,57387000,14676982.0
12,1987,tt0092890,Dirty Dancing,1987,Vestron,Drama,55913006,14300001.0
13,1987,tt0093378,La Bamba,1987,Sony Pictures,Drama,54215416,13865835.0
14,1987,tt0093870,RoboCop,1987,Orion Pictures,Action,53424681,13663601.0
15,1987,tt0093690,Outrageous Fortune,1987,Walt Disney,Comedy,52864741,13520394.0
16,1987,tt0093428,The Living Daylights,1987,MGM,Action,51185000,13090792.0
17,1987,tt0029583,Snow White and the Seven Dwarfs,1975,Walt Disney,Musical,46594719,11916808.0
18,1987,tt0090555,Crocodile Dundee,1986,Paramount Pictures,Comedy,45214313,11563762.0
19,1987,tt0093058,Full Metal Jacket,1987,Warner Bros.,Drama,45015999,11513043.0
20,1987,tt0093629,A Nightmare On Elm Street 3: Dream Warriors,1987,New Line,Horror,44793222,11456067.0
21,1987,tt0092666,Blind Date,1987,Sony/TriStar,Romantic Comedy,39321000,10056521.0
22,1987,tt0093886,Roxanne,1987,Sony Pictures,Romantic Comedy,39148164,10012318.0
23,1987,tt0093748,"Planes, Trains & Automobiles",1987,Paramount Pictures,Comedy,39074006,9993351.0
24,1987,tt0094012,Spaceballs,1987,MGM,Comedy,38119483,9749228.0
25,1987,tt0093493,Mannequin,1987,20th Century Fox,Romantic Comedy,38018000,9723273.0
26,1987,tt0092948,Eddie Murphy Raw,1987,Paramount Pictures,Concert/Perfor…,38017637,9723180.0
27,1987,tt0094142,Throw Momma From the Train,1987,Orion Pictures,Black Comedy,37618536,9621108.0
28,1987,tt0093894,The Running Man,1987,Sony/TriStar,Action,36414556,9313185.0
29,1987,tt0093640,No Way Out,1987,Orion Pictures,Thriller/Suspense,35509515,9081717.0
30,1987,tt0094072,Summer School,1987,Paramount Pictures,Comedy,35114428,8980672.0
31,1987,tt0093418,Like Father Like Son,1987,Sony Pictures,Comedy,34377585,8792221.0
32,1987,tt0092513,Adventures in Babysitting,1987,Walt Disney,Comedy,33790923,8642179.0
33,1987,tt0093437,The Lost Boys,1987,Warner Bros.,Horror,32846601,8400665.0
34,1987,tt0094291,Wall Street,1987,20th Century Fox,Drama,32465726,8303254.0
35,1987,tt0092718,Can’t Buy Me Love,1987,Walt Disney,Romantic Comedy,31623833,8087936.0
36,1987,tt0093779,The Princess Bride,1987,20th Century Fox,Adventure,30857000,7891815.0
37,1987,tt0093148,Harry and the Hendersons,1987,Universal,Comedy,29760613,7611409.0
38,1987,tt0093756,Police Academy 4: Citizens on Patrol,1987,Warner Bros.,Comedy,28061343,7176814.0
39,1987,tt0092007,Star Trek IV: The Voyage Home,1986,Paramount Pictures,Adventure,25845468,6610094.0
40,1987,tt0094155,Tin Men,1987,Walt Disney,Comedy,25411386,6499075.0
41,1987,tt0091129,The Golden Child,1986,Paramount Pictures,Action,25317251,6475000.0
42,1987,tt0090738,Black Widow,1987,20th Century Fox,Thriller/Suspense,25205460,6446409.0
43,1987,tt0092699,Broadcast News,1987,20th Century Fox,Comedy,24947417,6380413.0
44,1987,tt0093660,Nuts,1987,Warner Bros.,Drama,24925385,6374778.0
45,1987,tt0092494,*batteries not included,1987,Universal,Comedy,24876613,6362305.0
46,1987,tt0092605,Baby Boom,1987,MGM,Romantic Comedy,24055355,6152264.0
47,1987,tt0092974,Ernest Goes to Camp,1987,Walt Disney,Comedy,23509382,6012629.0
48,1987,tt0093822,Raising Arizona,1987,20th Century Fox,Comedy,22847000,5843222.0
49,1987,tt0093857,Revenge of the Nerds II: Nerds in Paradise,1987,20th Century Fox,Comedy,22642033,5790801.0
50,1987,tt0091217,Hoosiers,1986,,Drama,22519502,5759463.0
51,1987,tt0093300,Jaws 4: The Revenge,1987,Universal,Horror,20763013,5310233.0
52,1987,tt0093175,Hello Again,1987,Walt Disney,Comedy,20419446,5222364.0
53,1987,tt0092798,Critical Condition,1987,Paramount Pictures,Comedy,20240502,5176598.0
54,1987,tt0093260,Innerspace,1987,Warner Bros.,Action,19816619,5068189.0
55,1987,tt0093693,Overboard,1987,MGM/UA Classics,Romantic Comedy,19215981,4914573.0
56,1987,tt0093780,The Principal,1987,Sony/TriStar,Thriller/Suspense,19214194,4914116.0
57,1987,tt0094082,Suspect,1987,Sony Pictures,Thriller/Suspense,18782400,4803682.0
58,1987,tt0092632,The Believers,1987,Orion Pictures,Thriller/Suspense,18753438,4796275.0
59,1987,tt0094006,Some Kind of Wonderful,1987,Paramount Pictures,Romantic Comedy,18553948,4745255.0
60,1987,tt0093793,Project X,1987,20th Century Fox,Comedy,18532286,4739715.0
61,1987,tt0092654,The Big Easy,1987,Sony Pictures,Thriller/Suspense,17685307,4523096.0
62,1987,tt0092690,Born in East L.A.,1987,Universal,Comedy,17355263,4438686.0
63,1987,tt0093507,Masters of the Universe,1987,Cannon,Action,17336370,4433854.0
64,1987,tt0092563,Angel Heart,1987,Sony/TriStar,Horror,17185000,4395140.0
65,1987,tt0092965,Empire of the Sun,1987,Warner Bros.,Drama,16817954,4301267.0
66,1987,tt0092710,Burglar,1987,Warner Bros.,Comedy,16337355,4178351.0
67,1987,tt0093692,Over the Top,1987,Warner Bros.,Action,16057580,4106797.0
68,1987,tt0092638,Benji the Hunted,1987,Walt Disney,Adventure,15212539,3890674.0
69,1987,tt0091419,Little Shop of Horrors,1986,Warner Bros.,Musical,15110655,3864617.0
70,1987,tt0093818,Radio Days,1987,Orion Pictures,Comedy,14792779,3783319.0
71,1987,tt0093177,Hellraiser,1987,New World,Horror,14564000,3724808.0
72,1987,tt0094074,Superman IV: The Quest for Peace,1987,Warner Bros.,Action,14522355,3714157.0
73,1987,tt0065421,The Aristocats,1987,,Musical,14512462,3711627.0
74,1987,tt0093278,Ishtar,1987,Sony Pictures,Comedy,14375181,3676516.0
75,1987,tt0091530,The Mission,1986,Warner Bros.,Drama,14253884,3645494.0
76,1987,tt0093777,Prince of Darkness,1987,Universal,Horror,14182000,3627109.0
77,1987,tt0093036,Flowers in the Attic,1987,New World,Horror,14000000,3580562.0
78,1987,tt0092796,Creepshow 2,1987,New World,Horror,14000000,3580562.0
79,1987,tt0093137,Hamburger Hill,1987,Paramount Pictures,Drama,13839404,3539489.0
80,1987,tt0093737,The Pick-Up Artist,1987,20th Century Fox,Romantic Comedy,13290368,3399071.0
81,1987,tt0093075,The Gate,1987,New Century Vista…,Horror,13000000,3324808.0
82,1987,tt0092627,The Bedroom Window,1987,De Laurentiis Ent…,Thriller/Suspense,12640385,3232835.0
83,1987,tt0093044,The Fourth Protocol,1987,Lorimar Motion Pi…,Thriller/Suspense,12423831,3177450.0
84,1987,tt0093407,Less than Zero,1987,20th Century Fox,Drama,12396383,3170430.0
85,1987,tt0092608,Back to the Beach,1987,Paramount Pictures,Comedy,12208754,3122443.0
86,1987,tt0093011,Fatal Beauty,1987,MGM,Action,12046526,3080952.0
87,1987,tt0091557,The Mosquito Coast,1986,Warner Bros.,Drama,11596740,2965918.0
88,1987,tt0092997,Extreme Prejudice,1987,Sony Pictures,Action,11307844,2892031.0
89,1987,tt0093415,Light of Day,1987,Sony Pictures,Drama,10489617,2682766.0
90,1987,tt0083182,Cinderella,1981,Walt Disney,Musical,10454274,2673727.0
91,1987,tt0094008,Someone to Watch Over Me,1987,Sony Pictures,Thriller/Suspense,10278549,2628784.0
92,1987,tt0091637,No Mercy,1986,Sony Pictures,Thriller/Suspense,10105835,2584612.0
93,1987,tt0092897,Disorderlies,1987,Warner Bros.,Comedy,10000000,2557544.0
94,1987,tt0093476,Maid to Order,1987,New Century Vista…,Comedy,9868000,2523785.0
95,1987,tt0093185,The Hidden,1987,New Line,Horror,9747988,2493091.0
96,1987,tt0091554,The Morning After,1986,20th Century Fox,Thriller/Suspense,9659138,2470367.0
97,1987,tt0093051,From the Hip,1987,De Laurentiis Ent…,Comedy,9518342,2434358.0
98,1987,tt0093389,The Last Emperor,1987,Sony Pictures,Drama,9255034,2367016.0
99,1987,tt0090886,Crimes of the Heart,1986,De Laurentiis Ent…,Black Comedy,8219788,2102247.0
100,1987,tt0094118,Teen Wolf Too,1987,Atlantic,Comedy,7888000,2017391.0
1,1988,tt25064660,Who Framed Roger Rabbit?,1988,Walt Disney,Comedy,151668767,36902376.0
2,1988,tt0094898,Coming to America,1988,Paramount Pictures,Romantic Comedy,128152301,31180608.0
3,1988,tt0093105,Good Morning Vietnam,1987,,Black Comedy,121650966,29598775.0
4,1988,tt0094737,Big,1988,20th Century Fox,Comedy,112555170,27385686.0
5,1988,tt0092493,Crocodile Dundee 2,1988,Paramount Pictures,Action,109306210,26595184.0
6,1988,tt0094137,3 Men and a Baby,1987,Walt Disney,Comedy,80091739,19487041.0
7,1988,tt0094889,Cocktail,1988,Walt Disney,Drama,78222753,19032300.0
8,1988,tt0093565,Moonstruck,1987,,Romantic Comedy,77051120,18747231.0
9,1988,tt0095016,Die Hard,1988,20th Century Fox,Action,76307437,18566286.0
10,1988,tt0094721,Beetle Juice,1988,Warner Bros.,Comedy,76112650,18518892.0
11,1988,tt0096320,Twins,1988,Universal,Comedy,73099158,17785683.0
12,1988,tt0095776,Oliver & Company,1988,Walt Disney,Adventure,64942818,15801172.0
13,1988,tt0095159,A Fish Called Wanda,1988,MGM,Comedy,63493000,15448418.0
14,1988,tt0096446,Willow,1988,Sony Pictures,Adventure,57269863,13934273.0
15,1988,tt0095705,The Naked Gun: From the Files of Police Squad!,1988,Paramount Pictures,Comedy,54989495,13379439.0
16,1988,tt0096061,Scrooged,1988,Paramount Pictures,Comedy,54916587,13361699.0
17,1988,tt0095956,Rambo III,1988,Sony/TriStar,Action,53715611,13069491.0
18,1988,tt0094812,Bull Durham,1988,Orion Pictures,Romantic Comedy,50888729,12381685.0
19,1988,tt0095742,A Nightmare on Elm Street 4: The Dream Master,1988,New Line,Horror,49369899,12012140.0
20,1988,tt0095953,Rain Man,1988,MGM,Comedy,47175875,11478315.0
21,1988,tt0094894,Colors,1988,Orion Pictures,Action,46616067,11342108.0
22,1988,tt0096487,Young Guns,1988,20th Century Fox,Western,44726644,10882395.0
23,1988,tt0094746,Biloxi Blues,1988,Universal,Comedy,43184798,10507250.0
24,1988,tt0095253,The Great Outdoors,1988,Universal,Comedy,41455230,10086430.0
25,1988,tt0094739,Big Business,1988,Walt Disney,Comedy,40150487,9768974.0
26,1988,tt0095489,The Land Before Time,1988,Universal,Adventure,40141956,9766899.0
27,1988,tt0095631,Midnight Run,1988,Universal,Action,38413606,9346376.0
28,1988,tt0094963,The Dead Pool,1988,Warner Bros.,Action,37903000,9222141.0
29,1988,tt0095963,Red Heat,1988,Sony/TriStar,Action,34994648,8514512.0
30,1988,tt0093389,The Last Emperor,1987,Sony Pictures,Drama,34729953,8450110.0
31,1988,tt0094608,The Accused,1988,Paramount Pictures,Drama,32078318,7804943.0
32,1988,tt0096244,Tequila Sunrise,1988,Warner Bros.,Thriller/Suspense,30223131,7353559.0
33,1988,tt0096098,Shoot to Kill,1988,Walt Disney,Action,29300000,7128953.0
34,1988,tt0094862,Child’s Play,1988,United Artists,Horror,28738235,6992271.0
35,1988,tt0095107,Ernest Saves Christmas,1988,Walt Disney,Comedy,28202109,6861827.0
36,1988,tt0095031,Dirty Rotten Scoundrels,1988,Orion Pictures,Comedy,27888057,6785415.0
37,1988,tt0092699,Broadcast News,1987,20th Century Fox,Comedy,26301987,6399510.0
38,1988,tt0094731,Betrayed,1988,United Artists,Thriller/Suspense,25816139,6281299.0
39,1988,tt0095188,Funny Farm,1988,Warner Bros.,Comedy,25537221,6213435.0
40,1988,tt0094631,Alien Nation,1988,20th Century Fox,Thriller/Suspense,25216243,6135338.0
41,1988,tt0095243,Gorillas in the Mist,1988,Universal,Drama,24720479,6014715.0
42,1988,tt0095519,License to Drive,1988,20th Century Fox,Comedy,22434275,5458461.0
43,1988,tt0095593,Married to the Mob,1988,Orion Pictures,Comedy,21486757,5227921.0
44,1988,tt0095927,Punchline,1988,Sony Pictures,Comedy,21032000,5117274.0
45,1988,tt0096101,Short Circuit 2,1988,Sony/TriStar,Comedy,20882000,5080778.0
46,1988,tt0094612,Action Jackson,1988,Lorimar Motion Pi…,Action,20085205,4886911.0
47,1988,tt0095897,The Presidio,1988,Paramount Pictures,Thriller/Suspense,20036000,4874939.0
48,1988,tt0096071,The Serpent and the Rainbow,1988,Universal,Horror,19595000,4767639.0
49,1988,tt0095882,Police Academy 5: Assignment: Miami Beach,1988,Warner Bros.,Comedy,19510000,4746958.0
50,1988,tt0034492,Bambi,1942,Walt Disney,Adventure,19236940,4680520.0
51,1988,tt2078650,Friday the 13th Part VII: The New Blood,1988,Paramount Pictures,Horror,19170001,4664233.0
52,1988,tt0093010,Fatal Attraction,1987,Paramount Pictures,Thriller/Suspense,19094999,4645985.0
53,1988,tt0096073,The Seventh Sign,1988,Sony/TriStar,Horror,18875011,4592460.0
54,1988,tt0094602,Above the Law,1988,Warner Bros.,Action,18869631,4591151.0
55,1988,tt0096463,Working Girl,1988,20th Century Fox,Comedy,18824834,4580251.0
56,1988,tt0095271,Halloween 4: The Return of Michael Myers,1988,Galaxy Internatio…,Horror,17768757,4323298.0
57,1988,tt0095174,Frantic,1988,Warner Bros.,Thriller/Suspense,17637000,4291240.0
58,1988,tt0095409,Johnny Be Good,1988,Orion Pictures,Comedy,17500399,4258004.0
59,1988,tt0095169,For Keeps?,1988,Sony/TriStar,Drama,17000000,4136253.0
60,1988,tt0095647,Mississippi Burning,1988,Orion Pictures,Drama,16348041,3977625.0
61,1988,tt0094799,"Bright Lights, Big City",1988,United Artists,Drama,16118077,3921673.0
62,1988,tt0096094,She's Having a Baby,1988,Paramount Pictures,Romantic Comedy,16031707,3900658.0
63,1988,tt0095599,Masquerade,1988,MGM,Thriller/Suspense,15855828,3857865.0
64,1988,tt0094142,Throw Momma From the Train,1987,Orion Pictures,Black Comedy,15762260,3835099.0
65,1988,tt0094744,Big Top Pee-Wee,1988,Paramount Pictures,Adventure,15122324,3679397.0
66,1988,tt0094678,Arthur 2: On the Rocks,1988,Warner Bros.,Comedy,14681192,3572066.0
67,1988,tt0096054,School Daze,1988,Sony Pictures,Drama,14545844,3539134.0
68,1988,tt0096316,Tucker: The Man and His Dream,1988,Paramount Pictures,Drama,14404223,3504677.0
69,1988,tt0095889,Poltergeist III,1988,MGM,Horror,14114000,3434063.0
70,1988,tt0094027,Stand and Deliver,1988,,Drama,13994920,3405090.0
71,1988,tt0095638,The Milagro Beanfield War,1988,Universal,Comedy,13825794,3363940.0
72,1988,tt0095993,Return to Snowy River,1988,Walt Disney,Western,13687027,3330176.0
73,1988,tt0096380,Vice Versa,1988,Sony Pictures,Comedy,13664060,3324588.0
74,1988,tt0096256,They Live,1988,Universal,Thriller/Suspense,13008928,3165189.0
75,1988,tt0094890,Cocoon: The Return,1988,20th Century Fox,Adventure,12921595,3143940.0
76,1988,tt0094933,D.O.A.,1988,Walt Disney,Thriller/Suspense,12706478,3091600.0
77,1988,tt0095119,Everybody’s All-American,1988,Warner Bros.,Drama,12638294,3075010.0
78,1988,tt0092948,Eddie Murphy Raw,1987,Paramount Pictures,Concert/Perfor…,12487018,3038203.0
79,1988,tt0094846,Casual Sex?,1988,Universal,Comedy,12277096,2987127.0
80,1988,tt0092675,Bloodsport,1988,Cannon,Action,11806119,2872535.0
81,1988,tt0094824,Caddyshack II,1988,Warner Bros.,Comedy,11798302,2870633.0
82,1988,tt0094921,Crossing Delancey,1988,Warner Bros.,Romantic Comedy,11719296,2851410.0
83,1988,tt0095654,Moon Over Parador,1988,Universal,Romantic Comedy,11444204,2784477.0
84,1988,tt0094291,Wall Street,1987,20th Century Fox,Drama,11382374,2769434.0
85,1988,tt0094910,The Couch Trip,1988,Orion Pictures,Comedy,11005304,2677689.0
86,1988,tt0095662,Moving,1988,Warner Bros.,Comedy,10815378,2631478.0
87,1988,tt0093748,"Planes, Trains & Automobiles",1987,Paramount Pictures,Comedy,10435929,2539155.0
88,1988,tt0096087,Shakedown,1988,Universal,Action,10068039,2449644.0
89,1988,tt0096332,The Unbearable Lightness of Being,1988,Orion Pictures,Drama,10006000,2434549.0
90,1988,tt0095382,Iron Eagle II,1988,Sony/TriStar,Action,10000000,2433090.0
91,1988,tt0095690,Mystic Pizza,1988,Samuel Goldwyn Films,Comedy,9863905,2399976.0
92,1988,tt2199681,Return of the Living Dead Part II,1988,Lorimar Motion Pi…,Horror,9205924,2239884.0
93,1988,tt0094964,Dead Ringers,1988,20th Century Fox,Thriller/Suspense,9134733,2222562.0
94,1988,tt0094701,Bad Dreams,1988,20th Century Fox,Horror,9000000,2189781.0
95,1988,tt0096203,Switching Channels,1988,Sony/TriStar,Comedy,9000000,2189781.0
96,1988,tt0094884,Clean and Sober,1988,Warner Bros.,Drama,8674093,2110484.0
97,1988,tt0094606,The Accidental Tourist,1988,Warner Bros.,Drama,8614154,2095901.0
98,1988,tt0096328,U2: Rattle and Hum,1988,Paramount Pictures,Concert/Perfor…,8600823,2092657.0
99,1988,tt0095304,High Spirits,1988,Sony Pictures,Comedy,8578231,2087160.0
100,1988,tt0095497,The Last Temptation of Christ,1988,Universal,Drama,8373585,2037368.0
1,1989,tt0096895,Batman,1989,Warner Bros.,Action,251188924,63263185.0
2,1989,tt0097576,Indiana Jones and the Last Crusade,1989,Paramount Pictures,Adventure,197171806,49416492.0
3,1989,tt0097733,Lethal Weapon 2,1989,Warner Bros.,Action,147253986,36905760.0
4,1989,tt0097523,"Honey, I Shrunk the Kids",1989,Walt Disney,Adventure,130724172,32762950.0
5,1989,tt0095953,Rain Man,1988,MGM,Comedy,125649560,31491117.0
6,1989,tt0097778,Look Who's Talking,1989,Sony Pictures,Comedy,120409476,30177813.0
7,1989,tt0097428,Ghostbusters II,1989,Sony Pictures,Comedy,112494738,28194169.0
8,1989,tt0096874,Back to the Future Part II,1989,Universal,Adventure,103465641,25931238.0
9,1989,tt0098067,Parenthood,1989,Universal,Comedy,100047830,25074644.0
10,1989,tt0097165,Dead Poets Society,1989,Walt Disney,Drama,95860116,24025091.0
11,1989,tt0098635,When Harry Met Sally…,1989,Columbia,Romantic Comedy,92292612,23130980.0
12,1989,tt0098536,Turner & Hooch,1989,Walt Disney,Comedy,71079915,17814515.0
13,1989,tt0098554,Uncle Buck,1989,Universal,Comedy,66758538,16731463.0
14,1989,tt0097351,Field of Dreams,1989,Universal,Drama,64431625,16148276.0
15,1989,tt0097958,National Lampoon’s Christmas Vacation,1989,Warner Bros.,Comedy,59498318,14911859.0
16,1989,tt0098273,Sea of Love,1989,Universal,Thriller/Suspense,58571513,14679577.0
17,1989,tt0098084,Pet Sematary,1989,Paramount Pictures,Horror,57469179,14403303.0
18,1989,tt0097481,Harlem Nights,1989,Paramount Pictures,Comedy,55742999,13970676.0
19,1989,tt0094715,Beaches,1988,,Drama,54849107,13746643.0
20,1989,tt0096754,The Abyss,1989,20th Century Fox,Adventure,54243125,13594768.0
21,1989,tt0098484,To the Limit,1989,,Documentary,53000000,13283208.0
22,1989,tt0098382,Star Trek V: The Final Frontier,1989,Paramount Pictures,Action,52210049,13085225.0
23,1989,tt0097757,The Little Mermaid,1989,Walt Disney,Musical,51085892,12803481.0
24,1989,tt0098384,Steel Magnolias,1989,Sony Pictures,Comedy,50788964,12729063.0
25,1989,tt0097815,Major League,1989,Paramount Pictures,Comedy,49793054,12479462.0
26,1989,tt0098282,"See No Evil, Hear No Evil",1989,Sony Pictures,Comedy,46900000,11754385.0
27,1989,tt0096933,Black Rain,1989,Paramount Pictures,Thriller/Suspense,45892212,11501807.0
28,1989,tt0096463,Working Girl,1988,20th Century Fox,Comedy,44975166,11271971.0
29,1989,tt0098621,The War of the Roses,1989,20th Century Fox,Black Comedy,43806068,10978964.0
30,1989,tt0098471,Three Fugitives,1989,Walt Disney,Comedy,40590000,10172932.0
31,1989,tt0096928,Bill & Ted’s Excellent Adventure,1989,Orion Pictures,Adventure,40485039,10146626.0
32,1989,tt0097637,K-9,1989,Universal,Comedy,38859189,9739145.0
33,1989,tt0096320,Twins,1988,Universal,Comedy,38837230,9733641.0
34,1989,tt0097647,"The Karate Kid, Part III",1989,Sony Pictures,Action,38793278,9722626.0
35,1989,tt0096734,The `burbs,1989,Universal,Black Comedy,35382246,8867730.0
36,1989,tt33888212,License to Kill,1989,MGM,Action,34667015,8688474.0
37,1989,tt0097366,Fletch Lives,1989,Universal,Comedy,33266859,8337558.0
38,1989,tt0094947,Dangerous Liaisons,1988,,Drama,32663833,8186424.0
39,1989,tt0098627,Weekend at Bernie's,1989,20th Century Fox,Comedy,30218387,7573530.0
40,1989,tt0098206,Road House,1989,United Artists,Action,30050028,7531335.0
41,1989,tt0097722,Lean on Me,1989,Warner Bros.,Drama,29823140,7474471.0
42,1989,tt0095800,The Bear,1989,Sony/TriStar,Adventure,29564471,7409641.0
43,1989,tt0097235,The Dream Team,1989,Universal,Comedy,26793650,6715200.0
44,1989,tt0096787,All Dogs Go To Heaven,1989,MGM,Adventure,26220877,6571648.0
45,1989,tt0097216,Do the Right Thing,1989,Universal,Drama,26004026,6517299.0
46,1989,tt0098724,"Sex, Lies, and Videotape",1989,Miramax,Drama,24741667,6200919.0
47,1989,tt0094606,The Accidental Tourist,1988,,Drama,24017846,6019510.0
48,1989,tt0098439,Tango & Cash,1989,Warner Bros.,Action,23448853,5876905.0
49,1989,tt0095705,The Naked Gun: From the Files of Police Squad!,1988,Paramount Pictures,Comedy,23052334,5777527.0
50,1989,tt0097981,A Nightmare On Elm Street: The Dream Child,1989,New Line,Horror,22168359,5555979.0
51,1989,tt0097770,Lock Up,1989,Sony Pictures,Action,22099847,5538808.0
52,1989,tt0096794,Always,1989,Universal,Drama,22010535,5516424.0
53,1989,tt0097116,Cousins,1989,Paramount Pictures,Romantic Comedy,21707236,5440410.0
54,1989,tt0098258,Say Anything…,1989,20th Century Fox,Drama,20036737,5021738.0
55,1989,tt0097142,Dad,1989,Universal,Comedy,19738015,4946870.0
56,1989,tt0097368,The Fly II,1989,20th Century Fox,Horror,19441528,4872563.0
57,1989,tt0097579,An Innocent Man,1989,Walt Disney,Drama,19397847,4861615.0
58,1989,tt0098343,Skin Deep,1989,20th Century Fox,Comedy,19000000,4761904.0
59,1989,tt0097027,Casualties of War,1989,Sony Pictures,Drama,18468714,4628750.0
60,1989,tt0095647,Mississippi Burning,1988,,Drama,18254959,4575177.0
61,1989,tt0097123,Crimes and Misdemeanors,1989,Orion Pictures,Comedy,18254702,4575113.0
62,1989,tt0097322,The Fabulous Baker Boys,1989,20th Century Fox,Comedy,18121297,4541678.0
63,1989,tt0097500,Her Alibi,1989,Warner Bros.,Comedy,17195050,4309536.0
64,1989,tt0098320,Shocker,1989,Universal,Horror,16554699,4149047.0
65,1989,tt0098115,Prancer,1989,Orion Pictures,Drama,16115398,4038946.0
66,1989,tt0097987,No Holds Barred,1989,New Line,Action,16093651,4033496.0
67,1989,tt0097967,Next of Kin,1989,Warner Bros.,Action,15942628,3995646.0
68,1989,tt0097044,Chances Are,1989,Sony Pictures,Romantic Comedy,15939663,3994903.0
69,1989,tt0096943,Blaze,1989,Walt Disney,Drama,15895005,3983710.0
70,1989,tt0097737,Leviathan,1989,MGM,Horror,15363560,3850516.0
71,1989,tt0098309,She-Devil,1989,20th Century Fox,Black Comedy,15351421,3847473.0
72,1989,tt0097659,Kickboxer,1989,Cannon,Action,14533681,3642526.0
73,1989,tt0097388,Friday the 13th Part VIII: Jason Takes Manhattan,1989,Paramount Pictures,Horror,14343976,3594981.0
74,1989,tt0098663,The Wizard,1989,Universal,Adventure,14278900,3578671.0
75,1989,tt0095031,Dirty Rotten Scoundrels,1988,Orion Pictures,Comedy,14150943,3546602.0
76,1989,tt0097457,Great Balls of Fire!,1989,Orion Pictures,Drama,13691550,3431466.0
77,1989,tt0097590,Peter Pan,1989,RKO Radio Pictures,Adventure,13461664,3373850.0
78,1989,tt0098097,Pink Cadillac,1989,Warner Bros.,Comedy,12143484,3043479.0
79,1989,tt0098308,She's Out of Control,1989,Sony Pictures,Comedy,12065892,3024033.0
80,1989,tt0098093,Physical Evidence,1989,Sony Pictures,Thriller/Suspense,12000000,3007518.0
81,1989,tt0097474,Halloween 5: The Revenge of Michael Myers,1989,Galaxy Internatio…,Horror,11642254,2917858.0
82,1989,tt0098105,Police Academy 6: City Under Siege,1989,Warner Bros.,Comedy,11567000,2898997.0
83,1989,tt0096486,Young Einstein,1989,Warner Bros.,Comedy,11536599,2891378.0
84,1989,tt0097458,Gross Anatomy,1989,Walt Disney,Drama,11346186,2843655.0
85,1989,tt0097328,Family Business,1989,Sony Pictures,Comedy,11053835,2770384.0
86,1989,tt0098645,Who's Harry Crumb?,1989,Sony/TriStar,Comedy,10982364,2752472.0
87,1989,tt0097965,New York Stories,1989,Walt Disney,Drama,10763469,2697611.0
88,1989,tt0098051,The Package,1989,Orion Pictures,Action,10647219,2668475.0
89,1989,tt0098625,We're No Angels,1989,Paramount Pictures,Comedy,10555348,2645450.0
90,1989,tt0097050,The Adventures of Milo and Otis,1989,Sony Pictures,Adventure,10167965,2548362.0
91,1989,tt0097138,Cyborg,1989,Cannon,Action,10030875,2514003.0
92,1989,tt0096244,Tequila Sunrise,1988,Warner Bros.,Thriller/Suspense,9480296,2376014.0
93,1989,tt0097125,Criminal Law,1989,Hemdale,Thriller/Suspense,9443550,2366804.0
94,1989,tt0095776,Oliver & Company,1988,Walt Disney,Adventure,9208528,2307901.0
95,1989,tt0098442,Tap,1989,Sony Pictures,Drama,9114702,2284386.0
96,1989,tt0098188,Renegades,1989,Universal,Action,9015164,2259439.0
97,1989,tt0098260,Scandal,1989,Miramax,Drama,8800000,2205513.0
98,1989,tt0098524,True Believer,1989,Sony Pictures,Drama,8742000,2190977.0
99,1989,tt0095687,My Stepmother Is an Alien,1988,Sony Pictures,Comedy,8675319,2174265.0
100,1989,tt0095489,The Land Before Time,1988,Universal,Adventure,8050810,2017746.0
1,1990,tt0099653,Ghost,1990,Paramount Pictures,Drama,217631306,51571399.0
2,1990,tt0100405,Pretty Woman,1990,Walt Disney,Romantic Comedy,178406268,42276366.0
3,1990,tt0099785,Home Alone,1990,20th Century Fox,Comedy,176954863,41932431.0
4,1990,tt0100758,Teenage Mutant Ninja Turtles,1990,New Line,Adventure,135265915,32053534.0
5,1990,tt0099810,The Hunt for Red October,1990,Paramount Pictures,Thriller/Suspense,120709866,28604233.0
6,1990,tt0100802,Total Recall,1990,Sony Pictures,Action,119383540,28289938.0
7,1990,tt0099423,Die Hard 2,1990,20th Century Fox,Action,117323878,27801866.0
8,1990,tt0099422,Dick Tracy,1990,Walt Disney,Action,103738726,24582636.0
9,1990,tt0097239,Driving Miss Daisy,1989,Warner Bros.,Drama,102007676,24172435.0
10,1990,tt0099088,Back to the Future Part III,1990,Universal,Western,88055283,20866180.0
11,1990,tt0100404,Presumed Innocent,1990,Warner Bros.,Thriller/Suspense,86303188,20450992.0
12,1990,tt0099371,Days of Thunder,1990,Paramount Pictures,Action,82670733,19590221.0
13,1990,tt0099348,Dances with Wolves,1990,Orion Pictures,Western,80160886,18995470.0
14,1990,tt0099044,Another 48 Hrs.,1990,Paramount Pictures,Action,80047413,18968581.0
15,1990,tt0099141,Bird on a Wire,1990,Universal,Action,70978012,16819434.0
16,1990,tt0096969,Born on the Fourth of July,1989,Universal,Drama,65220845,15455176.0
17,1990,tt0099582,Flatliners,1990,Sony Pictures,Horror,61308153,14527998.0
18,1990,tt0098966,3 Men and a Little Lady,1990,Walt Disney,Comedy,58980240,13976360.0
19,1990,tt0100419,Problem Child,1990,Universal,Black Comedy,53470891,12670827.0
20,1990,tt0099052,Arachnophobia,1990,Walt Disney,Horror,53208180,12608573.0
21,1990,tt0099938,Kindergarten Cop,1990,Universal,Comedy,47391750,11230272.0
22,1990,tt0099739,Hard To Kill,1990,Warner Bros.,Action,47381386,11227816.0
23,1990,tt0100502,RoboCop 2,1990,Orion Pictures,Action,45681173,10824922.0
24,1990,tt0100157,Misery,1990,Sony Pictures,Thriller/Suspense,45211319,10713582.0
25,1990,tt0099487,Edward Scissorhands,1990,20th Century Fox,Drama,44856044,10629394.0
26,1990,tt0099674,The Godfather: Part III,1990,Paramount Pictures,Drama,44680408,10587774.0
27,1990,tt1075333,The Jungle Book,1990,Walt Disney,Musical,44645619,4852963.0
28,1990,tt0100994,Young Guns II,1990,20th Century Fox,Western,44143410,10460523.0
29,1990,tt0100050,Look Who’s Talking Too,1990,Sony Pictures,Comedy,43455441,10297497.0
30,1990,tt0100114,Marked for Death,1990,20th Century Fox,Action,43224499,10242772.0
31,1990,tt0099700,Gremlins 2: The New Batch,1990,Warner Bros.,Comedy,41476097,9828459.0
32,1990,tt0100507,Rocky V,1990,MGM,Action,40946358,9702928.0
33,1990,tt0098439,Tango & Cash,1989,Warner Bros.,Action,39959761,9469137.0
34,1990,tt0098621,The War of the Roses,1989,20th Century Fox,Black Comedy,39893643,9453469.0
35,1990,tt0099892,Joe Versus the Volcano,1990,Warner Bros.,Comedy,39381963,9332218.0
36,1990,tt0100395,Postcards from the Edge,1990,Sony Pictures,Comedy,37963281,8996038.0
37,1990,tt0099685,Goodfellas,1990,Warner Bros.,Drama,33910019,8035549.0
38,1990,tt0098384,Steel Magnolias,1989,Sony Pictures,Comedy,32970127,7812826.0
39,1990,tt0099365,Darkman,1990,Universal,Action,32942739,7806336.0
40,1990,tt0100140,Mermaids,1990,Orion Pictures,Comedy,31713557,7515060.0
41,1990,tt0099005,Air America,1990,Sony Pictures,Action,30506847,7229110.0
42,1990,tt0097757,The Little Mermaid,1989,Walt Disney,Musical,29779381,7056725.0
43,1990,tt0100318,Pacific Heights,1990,20th Century Fox,Thriller/Suspense,29381956,6962548.0
44,1990,tt0100477,The Rescuers Down Under,1990,Walt Disney,Adventure,27931461,6618829.0
45,1990,tt0099850,Internal Affairs,1990,Paramount Pictures,Thriller/Suspense,27661878,6554947.0
46,1990,tt0100403,Predator 2,1990,20th Century Fox,Action,27418015,6497159.0
47,1990,tt0100133,Memphis Belle,1990,Warner Bros.,Drama,27385582,6489474.0
48,1990,tt0099204,Cadillac Man,1990,Orion Pictures,Comedy,27257086,6459025.0
49,1990,tt0099253,Child's Play 2,1990,Universal,Horror,26874812,6368438.0
50,1990,tt0097441,Glory,1989,Sony Pictures,Drama,26429138,6262828.0
51,1990,tt0099800,House Party,1990,New Line,Comedy,26385627,6252518.0
52,1990,tt0099871,Jacob’s Ladder,1990,Sony Pictures,Thriller/Suspense,25361862,6152877.0
53,1990,tt0099512,Ernest Goes to Jail,1990,Walt Disney,Comedy,25029569,5931177.0
54,1990,tt0099528,The Exorcist III,1990,20th Century Fox,Horror,25011739,5926952.0
55,1990,tt0100232,Navy SEALs,1990,Orion Pictures,Action,24824126,5882494.0
56,1990,tt0100212,My Blue Heaven,1990,Warner Bros.,Comedy,23591472,5590396.0
57,1990,tt0099654,Ghost Dad,1990,Universal,Comedy,23007150,5451931.0
58,1990,tt0100530,The Russia House,1990,MGM,Thriller/Suspense,22998000,5449763.0
59,1990,tt0096115,Fantasia,1990,Walt Disney,Musical,22348367,5295821.0
60,1990,tt0100514,The Rookie,1990,Sony Pictures,Action,21633874,5126510.0
61,1990,tt0102744,Quigley Down Under,1990,MGM,Western,21413105,5074195.0
62,1990,tt0099578,The First Power,1990,Orion Pictures,Horror,21365321,5062872.0
63,1990,tt0099615,The Freshman,1990,Sony Pictures,Comedy,21289527,5044911.0
64,1990,tt0100087,Madhouse,1990,Orion Pictures,Black Comedy,20438179,4843170.0
65,1990,tt0098987,The Adventures of Ford Fairlane,1990,20th Century Fox,Comedy,20423389,4839665.0
66,1990,tt0100691,Stella,1990,Walt Disney,Drama,20062347,4754110.0
67,1990,tt0103035,Taking Care of Business,1990,Walt Disney,Comedy,20005435,4740624.0
68,1990,tt0096794,Always,1989,Universal,Drama,19833095,4699785.0
69,1990,tt0099128,Betsy's Wedding,1990,Walt Disney,Romantic Comedy,19740070,4677741.0
70,1990,tt0097778,Look Who's Talking,1989,Sony Pictures,Comedy,19679337,4663350.0
71,1990,tt0099878,Jetsons: The Movie,1990,Universal,Comedy,19543985,4631276.0
72,1990,tt0099472,DuckTales: The Movie - Treasure of the Lost Lamp,1990,Walt Disney,Adventure,18075331,4283253.0
73,1990,tt0100611,Sibling Rivalry,1990,Sony Pictures,Black Comedy,17854933,4231026.0
74,1990,tt0103251,White Palace,1990,Universal,Drama,17487531,4143964.0
75,1990,tt0100814,Tremors,1990,Universal,Comedy,16667084,3949545.0
76,1990,tt0100740,Tales from the Darkside: The Movie,1990,Paramount Pictures,Horror,16324573,3868382.0
77,1990,tt0100168,Mo' Better Blues,1990,Universal,Drama,16153000,3827725.0
78,1990,tt0100135,Men At Work,1990,Triumph Releasing,Comedy,16151032,3827258.0
79,1990,tt0099710,The Guardian,1990,Universal,Horror,16140440,3824748.0
80,1990,tt0099073,Avalon,1990,Sony Pictures,Drama,15702685,3721015.0
81,1990,tt0099819,I Love You to Death,1990,Sony Pictures,Black Comedy,15600149,3696717.0
82,1990,tt0100485,Revenge,1990,Sony Pictures,Thriller/Suspense,15535771,3681462.0
83,1990,tt0099165,The Bonfire of the Vanities,1990,Warner Bros.,Comedy,15432314,3656946.0
84,1990,tt0099385,Death Warrant,1990,MGM,Action,15394200,3647914.0
85,1990,tt0100201,Mr. Destiny,1990,Walt Disney,Comedy,15379253,3644372.0
86,1990,tt0100449,Quick Change,1990,Warner Bros.,Comedy,15260154,3616150.0
87,1990,tt0100666,Spaced Invaders,1990,Walt Disney,Comedy,15000000,3554502.0
88,1990,tt0099575,Fire Birds,1990,Walt Disney,Action,14760451,3497737.0
89,1990,tt0096874,Back to the Future Part II,1989,Universal,Adventure,14623166,3465205.0
90,1990,tt0100935,Wild at Heart,1990,Goldwyn Entertain…,Black Comedy,14560000,3450236.0
91,1990,tt0100054,Lord of the Flies,1990,Sony Pictures,Adventure,13812230,3273040.0
92,1990,tt0099316,Crazy People,1990,Paramount Pictures,Comedy,13204459,3129018.0
93,1990,tt0099091,Bad Influence,1990,Triumph Releasing,Thriller/Suspense,12626043,2991953.0
94,1990,tt0095765,Cinema Paradiso,1990,Miramax,Drama,11985152,2840083.0
95,1990,tt0099697,Graveyard Shift,1990,Paramount Pictures,Horror,11578883,2743811.0
96,1990,tt0100436,Pump Up the Volume,1990,New Line,Drama,11541758,2735013.0
97,1990,tt0100301,Opportunity Knocks,1990,Universal,Comedy,11359129,2691736.0
98,1990,tt13439576,Q & A,1990,Sony/TriStar,Thriller/Suspense,11207000,2655687.0
99,1990,tt0099762,Henry & June,1990,Universal,Drama,11011903,2609455.0
100,1990,tt0100934,Wild Orchid,1990,Triumph Releasing,Thriller/Suspense,11000000,2606635.0
1,1991,tt0103064,Terminator 2: Judgment Day,1991,Sony Pictures,Action,201858746,47947446.0
2,1991,tt0102798,Robin Hood: Prince of Thieves,1991,Warner Bros.,Adventure,165360108,39277935.0
3,1991,tt0099785,Home Alone,1990,20th Century Fox,Comedy,125400769,29786406.0
4,1991,tt0102926,The Silence of the Lambs,1991,Orion Pictures,Horror,124507594,29574250.0
5,1991,tt0101587,City Slickers,1991,Sony Pictures,Comedy,116014390,27556862.0
6,1991,tt0099348,Dances with Wolves,1990,Orion Pictures,Western,113731520,27014613.0
7,1991,tt0102945,Sleeping with the Enemy,1991,20th Century Fox,Thriller/Suspense,98605973,23421846.0
8,1991,tt0101272,The Addams Family,1991,Paramount Pictures,Comedy,88784161,21088874.0
9,1991,tt0102510,The Naked Gun 2½: The Smell of Fear,1991,Paramount Pictures,Comedy,85748264,20367759.0
10,1991,tt0103060,Teenage Mutant Ninja Turtles II: The Secret of the Ooze,1991,New Line,Action,76323571,18129114.0
11,1991,tt0102059,Hot Shots!,1991,20th Century Fox,Comedy,68251753,16211818.0
12,1991,tt0101357,Antarctica,1991,,Documentary,65000000,15439429.0
13,1991,tt0101393,Backdraft,1991,Universal,Thriller/Suspense,64545270,15331418.0
14,1991,tt0101414,Beauty and the Beast,1991,Walt Disney,Musical,63690996,15128503.0
15,1991,tt0102057,Hook,1991,Sony Pictures,Adventure,57312855,13613505.0
16,1991,tt0099938,Kindergarten Cop,1990,Universal,Comedy,56362598,13387790.0
17,1991,tt0101540,Cape Fear,1991,Universal,Thriller/Suspense,54462805,12936533.0
18,1991,tt0101745,Doc Hollywood,1991,Warner Bros.,Romantic Comedy,53732464,12763056.0
19,1991,tt0103241,What About Bob?,1991,Walt Disney,Comedy,53219595,12641234.0
20,1991,tt0101507,Boyz n the Hood,1991,Sony Pictures,Drama,50977803,12108742.0
21,1991,tt0099077,Awakenings,1990,Sony Pictures,Drama,50977226,12108605.0
22,1991,tt0102975,Star Trek VI: The Undiscovered Country,1991,Paramount Pictures,Thriller/Suspense,50445760,11982366.0
23,1991,tt0102526,New Jack City,1991,Warner Bros.,Action,45634270,10839494.0
24,1991,tt0102492,My Girl,1991,Sony Pictures,Comedy,41460684,9848143.0
25,1991,tt0101746,The Doctor,1991,Walt Disney,Drama,37497480,8906765.0
26,1991,tt0101889,The Fisher King,1991,Sony Pictures,Drama,37254897,8849144.0
27,1991,tt0102614,Out for Justice,1991,Warner Bros.,Action,37180077,8831372.0
28,1991,tt0101669,Dead Again,1991,Paramount Pictures,Thriller/Suspense,36649419,8705325.0
29,1991,tt0102803,The Rocketeer,1991,Walt Disney,Action,36440715,8655752.0
30,1991,tt0103247,White Fang,1991,Walt Disney,Adventure,34729091,8249190.0
31,1991,tt0101917,Freddy’s Dead: The Final Nightmare,1991,New Line,Horror,34015591,8079713.0
32,1991,tt0101761,The Doors,1991,Sony Pictures,Drama,33404794,7934630.0
33,1991,tt0099674,The Godfather: Part III,1990,Paramount Pictures,Drama,33083521,7858319.0
34,1991,tt0103074,Thelma & Louise,1991,MGM,Drama,32506805,7721331.0
35,1991,tt0102216,King Ralph,1991,Universal,Comedy,31464470,7473746.0
36,1991,tt0102951,Soapdish,1991,Paramount Pictures,Comedy,31001079,7363677.0
37,1991,tt0102266,The Last Boy Scout,1991,Warner Bros.,Action,30799519,7315800.0
38,1991,tt0099699,Green Card,1990,Walt Disney,Romantic Comedy,29804169,7079375.0
39,1991,tt0101635,Curly Sue,1991,Warner Bros.,Comedy,29710165,7057046.0
40,1991,tt0102768,Regarding Henry,1991,Paramount Pictures,Drama,29118717,6916560.0
41,1991,tt0102250,L.A. Story,1991,Sony Pictures,Romantic Comedy,28463149,6760843.0
42,1991,tt0101452,Bill & Ted's Bogus Journey,1991,Orion Pictures,Adventure,27002464,6413887.0
43,1991,tt0101694,Deceived,1991,Walt Disney,Thriller/Suspense,26300329,6247109.0
44,1991,tt0102685,Point Break,1991,20th Century Fox,Action,25800218,6128318.0
45,1991,tt0101764,Double Impact,1991,Sony Pictures,Action,25667099,6096698.0
46,1991,tt0101862,Father of the Bride,1991,Walt Disney,Comedy,24954829,5927513.0
47,1991,tt0101787,Dying Young,1991,20th Century Fox,Drama,24548393,5830972.0
48,1991,tt0102004,The Hard Way,1991,Universal,Comedy,24228035,5754878.0
49,1991,tt0101590,Class Action,1991,20th Century Fox,Drama,23695988,5628501.0
50,1991,tt0102175,Jungle Fever,1991,Universal,Drama,23687870,5626572.0
51,1991,tt0102517,Necessary Roughness,1991,Paramount Pictures,Comedy,23562653,5596830.0
52,1991,tt0105121,The People Under the Stairs,1991,Universal,Horror,22600328,5368249.0
53,1991,tt0102609,Other People's Money,1991,Warner Bros.,Comedy,22593762,5366689.0
54,1991,tt0100157,Misery,1990,Sony Pictures,Thriller/Suspense,20985880,4984770.0
55,1991,tt0102603,Oscar,1991,Walt Disney,Comedy,20831597,4948123.0
56,1991,tt0102316,Little Man Tate,1991,Orion Pictures,Drama,20672331,4910292.0
57,1991,tt0102789,Ricochet,1991,Warner Bros.,Thriller/Suspense,20596333,4892241.0
58,1991,tt0099726,Hamlet,1990,Warner Bros.,Drama,20265943,4813763.0
59,1991,tt0101846,F/X2,1991,Orion Pictures,Action,19852153,4715476.0
60,1991,tt0101912,Frankie and Johnny,1991,Paramount Pictures,Drama,19818982,4707597.0
61,1991,tt0115433,101 Dalmatians,1991,Walt Disney,Adventure,19438436,4617206.0
62,1991,tt0102598,Only the Lonely,1991,20th Century Fox,Comedy,18163046,4314263.0
63,1991,tt0102469,Mortal Thoughts,1991,Sony Pictures,Thriller/Suspense,17823327,4233569.0
64,1991,tt0102138,JFK,1991,Warner Bros.,Drama,17628624,4187322.0
65,1991,tt0102729,Pure Luck,1991,Universal,Comedy,17423915,4138697.0
66,1991,tt0098966,3 Men and a Little Lady,1990,Walt Disney,Comedy,17324026,4114971.0
67,1991,tt0100029,Lionheart,1991,Universal,Action,17186814,4082379.0
68,1991,tt0100240,The NeverEnding Story II: The Next Chapter,1991,Warner Bros.,Adventure,17116963,4065787.0
69,1991,tt0102631,Paradise,1991,Walt Disney,Drama,16657785,3956719.0
70,1991,tt0102065,House Party 2,1991,New Line,Comedy,16492757,3917519.0
71,1991,tt0102070,Hudson Hawk,1991,Sony Pictures,Action,16355667,3884957.0
72,1991,tt0101698,Defending Your Life,1991,Warner Bros.,Comedy,16156857,3837733.0
73,1991,tt0099487,Edward Scissorhands,1990,20th Century Fox,Drama,15653234,3718108.0
74,1991,tt0102713,The Prince of Tides,1991,Sony Pictures,Drama,15416869,3661964.0
75,1991,tt0099816,Shipwrecked,1991,Walt Disney,Adventure,15024232,3568701.0
76,1991,tt0101516,Bugsy,1991,Sony/TriStar,Drama,14781591,3511067.0
77,1991,tt0101757,Don't Tell Mom the Babysitter's Dead,1991,Warner Bros.,Comedy,14676336,3486066.0
78,1991,tt0102220,A Kiss Before Dying,1991,Universal,Thriller/Suspense,14478720,3439126.0
79,1991,tt0099587,Flight of the Intruder,1991,Paramount Pictures,Action,14471440,3437397.0
80,1991,tt0101605,The Commitments,1991,20th Century Fox,Drama,13931633,3309176.0
81,1991,tt0100046,The Long Walk Home,1990,Miramax,Drama,13798030,3277442.0
82,1991,tt0103112,Toy Soldiers,1991,Sony Pictures,Action,13783137,3273904.0
83,1991,tt0101453,Billy Bathgate,1991,Walt Disney,Drama,13734313,3262307.0
84,1991,tt0102719,Problem Child 2,1991,Universal,Black Comedy,13605785,3231778.0
85,1991,tt0102370,Madonna: Truth or Dare,1991,Miramax,Documentary,13543361,3216950.0
86,1991,tt0103016,Switch,1991,Warner Bros.,Comedy,13285320,3155658.0
87,1991,tt0101301,All I Want For Christmas,1991,Paramount Pictures,Comedy,13072351,3105071.0
88,1991,tt0099685,Goodfellas,1990,Warner Bros.,Drama,12833790,3048406.0
89,1991,tt0102655,The Perfect Weapon,1991,Paramount Pictures,Action,12833672,3048378.0
90,1991,tt0101821,Ernest Scared Stupid,1991,Walt Disney,Comedy,12797040,3039677.0
91,1991,tt0101329,An American Tail: Fievel Goes West,1991,Universal,Adventure,12627355,2999372.0
92,1991,tt0101902,For the Boys,1991,20th Century Fox,Drama,12026940,2856755.0
93,1991,tt0102411,The Marrying Man,1991,Walt Disney,Romantic Comedy,12003886,2851279.0
94,1991,tt0102460,Mobsters,1991,Universal,Drama,11977185,2844937.0
95,1991,tt0103303,Year of the Gun,1991,,Action,11820000,2807600.0
96,1991,tt0103956,Child's Play 3,1991,Universal,Horror,11818545,2807255.0
97,1991,tt0102034,Highlander II: The Quickening,1991,InterStar Releasing,Action,11683272,2775124.0
98,1991,tt0103184,V.I. Warshawski,1991,,Comedy,11128309,2643303.0
99,1991,tt0101545,Career Opportunities,1991,Universal,Romantic Comedy,10787500,2562352.0
100,1991,tt0103007,The Super,1991,20th Century Fox,Comedy,10627423,2524329.0
1,1992,tt0103776,Batman Returns,1992,Warner Bros.,Action,162833635,39237020.0
2,1992,tt0104714,Lethal Weapon 3,1992,Warner Bros.,Action,139799547,33686638.0
3,1992,tt0104431,Home Alone 2: Lost in New York,1992,20th Century Fox,Comedy,136206365,32820811.0
4,1992,tt0105417,Sister Act,1992,Walt Disney,Comedy,132303799,31880433.0
5,1992,tt0105793,Wayne's World,1992,Paramount Pictures,Comedy,119352584,28759659.0
6,1992,tt0103772,Basic Instinct,1992,Sony Pictures,Thriller/Suspense,115881197,27923180.0
7,1992,tt0104694,A League of Their Own,1992,Sony Pictures,Comedy,101980459,24573605.0
8,1992,tt0103639,Aladdin,1992,Walt Disney,Adventure,99144774,23890307.0
9,1992,tt0103855,The Bodyguard,1992,Warner Bros.,Drama,79567308,19172845.0
10,1992,tt0263696,Bram Stoker's Dracula,1992,Sony Pictures,Horror,78142084,18829418.0
11,1992,tt0104389,The Hand That Rocks the Cradle,1992,Walt Disney,Thriller/Suspense,78092474,18817464.0
12,1992,tt0101921,Fried Green Tomatoes,1991,Universal,Drama,76543898,18444313.0
13,1992,tt0105690,Under Siege,1992,Warner Bros.,Action,75412823,18171765.0
14,1992,tt0101414,Beauty and the Beast,1991,Walt Disney,Musical,75109778,18098742.0
15,1992,tt0105695,Unforgiven,1992,Warner Bros.,Western,70256353,16929242.0
16,1992,tt0105112,Patriot Games,1992,Paramount Pictures,Action,70021647,16872686.0
17,1992,tt0104691,The Last of the Mohicans,1992,20th Century Fox,Drama,69169313,16667304.0
18,1992,tt0105812,White Men Can't Jump,1992,20th Century Fox,Comedy,68568684,16522574.0
19,1992,tt0103859,Boomerang,1992,Paramount Pictures,Romantic Comedy,65337168,15743896.0
20,1992,tt0104257,A Few Good Men,1992,Sony Pictures,Drama,63128837,15211768.0
21,1992,tt0104070,Death Becomes Her,1992,Universal,Black Comedy,52671265,12691871.0
22,1992,tt0102057,Hook,1991,Sony Pictures,Adventure,52608699,12676795.0
23,1992,tt0105699,Unlawful Entry,1992,20th Century Fox,Thriller/Suspense,52404352,12627555.0
24,1992,tt0103644,Alien³,1992,20th Century Fox,Action,51830228,12489212.0
25,1992,tt0104437,Honey I Blew Up the Kid,1992,Walt Disney,Adventure,51634398,12442024.0
26,1992,tt0101862,Father of the Bride,1991,Walt Disney,Comedy,51352109,12374002.0
27,1992,tt0102713,The Prince of Tides,1991,Sony Pictures,Drama,50906121,12266535.0
28,1992,tt0103786,Beethoven,1992,Universal,Comedy,50586808,12189592.0
29,1992,tt0104231,Far and Away,1992,Universal,Drama,49316005,11883375.0
30,1992,tt0105435,Sneakers,1992,Universal,Comedy,47564103,11461230.0
31,1992,tt0104952,My Cousin Vinny,1992,20th Century Fox,Comedy,45960317,11074775.0
32,1992,tt0104868,The Mighty Ducks,1992,Walt Disney,Comedy,44400983,10699032.0
33,1992,tt0104452,HouseSitter,1992,Universal,Comedy,42843505,10323736.0
34,1992,tt0104797,Malcolm X,1992,Warner Bros.,Drama,42715256,10292833.0
35,1992,tt0105414,Single White Female,1992,Sony Pictures,Thriller/Suspense,41866979,10088429.0
36,1992,tt0102138,JFK,1991,Warner Bros.,Drama,40319184,9715466.0
37,1992,tt0105104,Passenger 57,1992,Warner Bros.,Action,37587507,9057231.0
38,1992,tt0104839,Medicine Man,1992,Walt Disney,Adventure,37229400,8970940.0
39,1992,tt0104897,Mo' Money,1992,Sony Pictures,Comedy,35923636,8656298.0
40,1992,tt0104187,Encino Man,1992,Walt Disney,Comedy,34609411,8339617.0
41,1992,tt0105698,Universal Soldier,1992,Sony Pictures,Action,34035344,8201288.0
42,1992,tt0104114,The Distinguished Gentleman,1992,Walt Disney,Comedy,33886480,8165417.0
43,1992,tt0104438,Honeymoon in Vegas,1992,Sony Pictures,Romantic Comedy,30638342,7382733.0
44,1992,tt0105265,A River Runs Through It,1992,Sony Pictures,Drama,30360305,7315736.0
45,1992,tt0101516,Bugsy,1991,Sony/TriStar,Drama,27758314,6688750.0
46,1992,tt0105428,Sleepwalkers,1992,Sony Pictures,Horror,26553594,6398456.0
47,1992,tt0104291,Forever Young,1992,Warner Bros.,Drama,25793991,6215420.0
48,1992,tt0103596,3 Ninjas,1992,Walt Disney,Action,24678909,5946725.0
49,1992,tt0104692,The Lawnmower Man,1992,New Line,Action,24581504,5923254.0
50,1992,tt0104265,Final Analysis,1992,Warner Bros.,Thriller/Suspense,22742734,5480177.0
51,1992,tt0105477,Stop! Or My Mom Will Shoot,1992,Universal,Comedy,22504445,5422758.0
52,1992,tt0103919,Candyman,1992,Sony Pictures,Horror,21681630,5224489.0
53,1992,tt0101969,Grand Canyon,1991,20th Century Fox,Drama,21652704,5217519.0
54,1992,tt0104940,The Muppet Christmas Carol,1992,Walt Disney,Comedy,21611589,5207612.0
55,1992,tt0104006,Consenting Adults,1992,Walt Disney,Thriller/Suspense,19149854,4614423.0
56,1992,tt0102266,The Last Boy Scout,1991,Warner Bros.,Action,18905339,4555503.0
57,1992,tt0104926,Mr. Baseball,1992,Universal,Comedy,18764035,4521454.0
58,1992,tt0104412,Hero,1992,Sony Pictures,Comedy,18207017,4387233.0
59,1992,tt0104254,Ferngully… The Last Rainforest,1992,20th Century Fox,Adventure,17806786,4290792.0
60,1992,tt0103924,Captain Ron,1992,Walt Disney,Comedy,16723178,4029681.0
61,1992,tt0104454,Howards End,1992,Sony Pictures Cla…,Drama,16231429,3911188.0
62,1992,tt0105217,Raising Cain,1992,Universal,Horror,16158560,3893629.0
63,1992,tt0105391,Shining Through,1992,20th Century Fox,Thriller/Suspense,15824320,3813089.0
64,1992,tt0105629,Toys,1992,20th Century Fox,Comedy,15163043,3653745.0
65,1992,tt0105165,Prelude to a Kiss,1992,20th Century Fox,Romantic Comedy,14967696,3606674.0
66,1992,tt0104573,Juice,1992,Paramount Pictures,Drama,14762545,3557240.0
67,1992,tt0103747,The Babe,1992,Universal,Drama,14651030,3530369.0
68,1992,tt0102975,Star Trek VI: The Undiscovered Country,1991,Paramount Pictures,Thriller/Suspense,14244523,3432415.0
69,1992,tt0103893,Buffy the Vampire Slayer,1992,20th Century Fox,Horror,14132507,3405423.0
70,1992,tt0105151,The Player,1992,Fine Line,Black Comedy,13899054,3349170.0
71,1992,tt0104040,The Cutting Edge,1992,MGM,Romantic Comedy,13098183,3156189.0
72,1992,tt0101272,The Addams Family,1991,Paramount Pictures,Comedy,12986797,3129349.0
73,1992,tt0105585,Thunderheart,1992,Sony/TriStar,Thriller/Suspense,12720575,3065199.0
74,1992,tt0105128,Pet Sematary II,1992,Paramount Pictures,Horror,12718505,3064700.0
75,1992,tt0104695,Leap of Faith,1992,Paramount Pictures,Comedy,12466770,3004041.0
76,1992,tt0105415,Singles,1992,Warner Bros.,Romantic Comedy,12100395,2915758.0
77,1992,tt0105219,Rapid Fire,1992,20th Century Fox,Action,11842082,2853514.0
78,1992,tt0104073,Deep Cover,1992,New Line,Action,11760258,2833797.0
79,1992,tt0103976,City of Joy,1992,Sony Pictures,Drama,11750202,2831374.0
80,1992,tt0104647,Kuffs,1992,Universal,Action,11253965,2711799.0
81,1992,tt0104928,Mr. Saturday Night,1992,Sony Pictures,Comedy,10830575,2609777.0
82,1992,tt0105191,Pure Country,1992,Warner Bros.,Drama,10705365,2579606.0
83,1992,tt0104299,Freejack,1992,Warner Bros.,Action,10646674,2565464.0
84,1992,tt0104427,Hoffa,1992,20th Century Fox,Drama,10645526,2565187.0
85,1992,tt0104009,Cool World,1992,Paramount Pictures,Comedy,10364569,2497487.0
86,1992,tt0105481,Straight Talk,1992,Walt Disney,Comedy,9472548,2282542.0
87,1992,tt0104670,Ladybugs,1992,Paramount Pictures,Comedy,9387035,2261936.0
88,1992,tt0104348,Glengarry Glen Ross,1992,New Line,Drama,9109360,2195027.0
89,1992,tt0103671,American Me,1992,Universal,Drama,9108435,2194804.0
90,1992,tt0103978,Class Act,1992,Warner Bros.,Comedy,9048384,2180333.0
91,1992,tt0105327,School Ties,1992,Paramount Pictures,Drama,8962119,2159547.0
92,1992,tt0104549,Jennifer Eight,1992,Paramount Pictures,Thriller/Suspense,8847256,2131869.0
93,1992,tt0104850,Memoirs of an Invisible Man,1992,Warner Bros.,Comedy,8746325,2107548.0
94,1992,tt0105323,Scent of a Woman,1992,Universal,Drama,8734941,2104805.0
95,1992,tt0086857,Pinocchio,1984,Walt Disney,Adventure,8612065,2075196.0
96,1992,tt0105811,Whispers in the Dark,1992,Paramount Pictures,Thriller/Suspense,8552963,2060955.0
97,1992,tt0104139,Dr. Giggles,1992,Universal,Horror,7534285,1815490.0
98,1992,tt0102492,My Girl,1991,Sony Pictures,Comedy,7314157,1762447.0
99,1992,tt0105466,Stay Tuned,1992,Warner Bros.,Comedy,7079900,1706000.0
100,1992,tt0105636,Trespass,1992,Universal,Action,6908725,1664753.0
1,1993,tt0107290,Jurassic Park,1993,Universal,Adventure,338700740,81811772.0
2,1993,tt0106977,The Fugitive,1993,Warner Bros.,Thriller/Suspense,183910075,44422723.0
3,1993,tt0106918,The Firm,1993,Paramount Pictures,Thriller/Suspense,158340892,38246592.0
4,1993,tt0108160,Sleepless in Seattle,1993,Sony Pictures,Romantic Comedy,126680884,30599247.0
5,1993,tt0107614,Mrs. Doubtfire,1993,20th Century Fox,Comedy,122765084,29653401.0
6,1993,tt0107211,Indecent Proposal,1993,Paramount Pictures,Drama,106614059,25752188.0
7,1993,tt0107206,In the Line of Fire,1993,Sony Pictures,Thriller/Suspense,102243874,24696587.0
8,1993,tt0103639,Aladdin,1992,Walt Disney,Adventure,93790423,22654691.0
9,1993,tt0106582,Cliffhanger,1993,Sony Pictures,Action,84049211,20301741.0
10,1993,tt0106965,Free Willy,1993,Warner Bros.,Adventure,77698625,18767783.0
11,1993,tt0107798,The Pelican Brief,1993,Warner Bros.,Thriller/Suspense,71485956,17267139.0
12,1993,tt0107048,Groundhog Day,1993,Sony Pictures,Romantic Comedy,70896854,17124843.0
13,1993,tt0104257,A Few Good Men,1992,Sony Pictures,Drama,63363426,15305175.0
14,1993,tt0106673,Dave,1993,Warner Bros.,Comedy,63270710,15282780.0
15,1993,tt0107969,Rising Sun,1993,20th Century Fox,Thriller/Suspense,63095271,15240403.0
16,1993,tt0106611,Cool Runnings,1993,Walt Disney,Comedy,62663954,15136220.0
17,1993,tt0104036,The Crying Game,1992,,Thriller/Suspense,57143427,13802760.0
18,1993,tt0105323,Scent of a Woman,1992,,Drama,55160666,13323832.0
19,1993,tt0107985,Rookie of the Year,1993,20th Century Fox,Comedy,53579269,12941852.0
20,1993,tt0108333,The Three Musketeers,1993,Walt Disney,Adventure,52242170,12618881.0
21,1993,tt0106701,Dennis the Menace,1993,Warner Bros.,Comedy,51270765,12384242.0
22,1993,tt0106697,Demolition Man,1993,Warner Bros.,Action,50904671,12295814.0
23,1993,tt0108185,Sommersby,1993,Warner Bros.,Drama,50081992,12097099.0
24,1993,tt0107362,Last Action Hero,1993,Sony Pictures,Action,50016394,12081254.0
25,1993,tt0107688,The Nightmare Before Christmas,1993,Walt Disney,Musical,49019285,11840407.0
26,1993,tt0108147,Sister Act 2 Back in the Habit,1993,Walt Disney,Comedy,48942092,11821761.0
27,1993,tt0107497,Malice,1993,Sony Pictures,Thriller/Suspense,46038636,11120443.0
28,1993,tt0107478,Made In America,1993,Warner Bros.,Comedy,44942695,10855723.0
29,1993,tt0107034,The Good Son,1993,20th Century Fox,Thriller/Suspense,44456478,10738279.0
30,1993,tt0106375,Beethoven's 2nd,1993,Universal,Comedy,43728455,10562428.0
31,1993,tt0106220,Addams Family Values,1993,Paramount Pictures,Black Comedy,43116164,10414532.0
32,1993,tt0108525,Wayne’s World 2,1993,Paramount Pictures,Comedy,42848137,10349791.0
33,1993,tt0108308,Teenage Mutant Ninja Turtles III,1993,New Line,Action,42273609,10211016.0
34,1993,tt0107131,Homeward Bound: The Incredible Journey,1993,Walt Disney,Adventure,41833324,10104667.0
35,1993,tt0029583,Snow White and the Seven Dwarfs,1975,Walt Disney,Musical,41634791,10056713.0
36,1993,tt0106856,Falling Down,1993,Warner Bros.,Drama,40903593,9880094.0
37,1993,tt0107120,Hocus Pocus,1993,Walt Disney,Comedy,39323589,9498451.0
38,1993,tt0108551,What's Love Got to Do With It,1993,Walt Disney,Drama,39100956,9444675.0
39,1993,tt0107144,Hot Shots! Part Deux,1993,20th Century Fox,Comedy,38618836,9328221.0
40,1993,tt0106400,The Beverly Hillbillies,1993,20th Century Fox,Comedy,36938819,8922420.0
41,1993,tt0106246,Alive,1993,Walt Disney,Drama,36299670,8768036.0
42,1993,tt0108162,Sliver,1993,Paramount Pictures,Thriller/Suspense,36280867,8763494.0
43,1993,tt0107977,Robin Hood: Men in Tights,1993,20th Century Fox,Comedy,35699287,8623016.0
44,1993,tt0106770,Dragon: The Bruce Lee Story,1993,Universal,Drama,35112679,8481323.0
45,1993,tt0103855,The Bodyguard,1992,Warner Bros.,Drama,33714597,8143622.0
46,1993,tt0106519,Carlito’s Way,1993,Universal,Drama,33449257,8079530.0
47,1993,tt0107282,The Joy Luck Club,1993,Walt Disney,Drama,32790064,7920305.0
48,1993,tt0108037,The Sandlot,1993,20th Century Fox,Comedy,32416586,7830093.0
49,1993,tt0108358,Tombstone,1993,Walt Disney,Western,32316204,7805846.0
50,1993,tt0106226,The Age of Innocence,1993,Sony Pictures,Drama,32014993,7733090.0
51,1993,tt0107076,Hard Target,1993,Warner Bros.,Action,31636358,7641632.0
52,1993,tt0106613,Cop and ½,1993,Universal,Comedy,31226971,7542746.0
53,1993,tt0108071,The Secret Garden,1993,Warner Bros.,Drama,31181000,7531642.0
54,1993,tt0107843,Point of No Return,1993,Warner Bros.,Thriller/Suspense,30038362,7255642.0
55,1993,tt0107050,Grumpy Old Men,1993,Warner Bros.,Comedy,29017775,7009124.0
56,1993,tt0105695,Unforgiven,1992,Warner Bros.,Western,28906357,6982211.0
57,1993,tt0107659,Loaded Weapon 1,1993,New Line,Comedy,27979399,6758308.0
58,1993,tt0107554,Menace II Society,1993,New Line,Drama,27731527,6698436.0
59,1993,tt0107840,Poetic Justice,1993,Sony Pictures,Drama,27450453,6630544.0
60,1993,tt0107808,A Perfect World,1993,Warner Bros.,Drama,26698241,6448850.0
61,1993,tt0108186,Son in Law,1993,Walt Disney,Comedy,25989889,6277750.0
62,1993,tt0107630,My Life,1993,Sony Pictures,Drama,25278693,6105964.0
63,1993,tt0107501,The Man Without a Face,1993,Warner Bros.,Drama,24760338,5980757.0
64,1993,tt0104431,Home Alone 2: Lost in New York,1992,20th Century Fox,Comedy,24234763,5853807.0
65,1993,tt0106223,The Adventures of Huck Finn,1993,Walt Disney,Adventure,24103594,5822124.0
66,1993,tt0108238,Striking Distance,1993,Sony Pictures,Action,23798623,5748459.0
67,1993,tt0106387,Benny & Joon,1993,MGM,Drama,23202734,5604525.0
68,1993,tt0107889,The Program,1993,Walt Disney,Drama,23042200,5565748.0
69,1993,tt0108002,Rudy,1993,Sony Pictures,Drama,22750363,5495256.0
70,1993,tt0107057,Guilty as Sin,1993,Walt Disney,Thriller/Suspense,22622537,5464380.0
71,1993,tt0107616,Much Ado About Nothing,1993,Goldwyn Entertain…,Romantic Comedy,22549338,5446700.0
72,1993,tt0107711,Nowhere to Run,1993,Sony Pictures,Action,22189039,5359671.0
73,1993,tt0103994,Like Water For Chocolate,1993,Miramax,Drama,21656534,5231046.0
74,1993,tt0106598,Coneheads,1993,Paramount Pictures,Comedy,21153686,5109585.0
75,1993,tt0108255,Super Mario Bros.,1993,Walt Disney,Adventure,20844907,5035001.0
76,1993,tt0106292,Another Stakeout,1993,Walt Disney,Comedy,20107504,4856885.0
77,1993,tt0106912,Fire in the Sky,1993,Paramount Pictures,Drama,19724334,4764331.0
78,1993,tt0108171,Sniper,1993,Sony Pictures,Drama,18994653,4588080.0
79,1993,tt0108451,Untamed Heart,1993,MGM,Drama,18899204,4565025.0
80,1993,tt0107822,The Piano,1993,Miramax,Drama,18813506,4544325.0
81,1993,tt0107863,Posse,1993,Gramercy,Western,18290000,4417874.0
82,1993,tt0106466,Born Yesterday,1993,Walt Disney,Romantic Comedy,17760754,4290037.0
83,1993,tt0106500,CB4,1993,Universal,Comedy,17642060,4261367.0
84,1993,tt0106489,A Bronx Tale,1993,Savoy,Drama,17239789,4164200.0
85,1993,tt0105402,Sidekicks,1993,Triumph Releasing,Action,17180393,4149853.0
86,1993,tt0104291,Forever Young,1992,Warner Bros.,Drama,16815199,4061642.0
87,1993,tt0107004,Geronimo: An American Legend,1993,Sony Pictures,Western,16529758,3992695.0
88,1993,tt0107091,Heart and Souls,1993,Universal,Comedy,16479685,3980600.0
89,1993,tt0107207,In the Name of the Father,1993,Universal,Drama,15971905,3857948.0
90,1993,tt0107254,Jason Goes to Hell: The Final Friday,1993,New Line,Horror,15935068,3849050.0
91,1993,tt0107665,Needful Things,1993,Sony Pictures,Horror,15185672,3668036.0
92,1993,tt0107212,Indian Summer,1993,Walt Disney,Comedy,14717851,3555036.0
93,1993,tt0108473,The Vanishing,1993,20th Century Fox,Thriller/Suspense,14543394,3512897.0
94,1993,tt0106453,Body of Evidence,1993,MGM,Thriller/Suspense,13734039,3317400.0
95,1993,tt0106627,The Crush,1993,Warner Bros.,Thriller/Suspense,13609396,3287293.0
96,1993,tt0105706,Used People,1992,,Comedy,13239945,3198054.0
97,1993,tt0107504,Man's Best Friend,1993,New Line,Horror,12974636,3133970.0
98,1993,tt0106868,A Far Off Place,1993,Walt Disney,Adventure,12890752,3113708.0
99,1993,tt0108539,Weekend at Bernie's II,1993,Sony/TriStar,Black Comedy,12741891,3077751.0
100,1993,tt0108442,Undercover Blues,1993,MGM,Comedy,12416686,2999199.0
1,1994,tt0109830,Forrest Gump,1994,Paramount Pictures,Drama,298535927,73170570.0
2,1994,tt0110357,The Lion King,1994,Walt Disney,Adventure,297466570,72908473.0
3,1994,tt0111503,True Lies,1994,20th Century Fox,Action,146282411,35853532.0
4,1994,tt0111070,The Santa Clause,1994,Walt Disney,Adventure,137826098,33780906.0
5,1994,tt0109813,The Flintstones,1994,Universal,Comedy,130531208,31992943.0
6,1994,tt0109444,Clear and Present Danger,1994,Paramount Pictures,Action,121937936,29886749.0
7,1994,tt0111257,Speed,1994,20th Century Fox,Action,121248145,29717682.0
8,1994,tt0110475,The Mask,1994,New Line,Comedy,118963850,29157806.0
9,1994,tt0110478,Maverick,1994,Warner Bros.,Western,101631272,24909625.0
10,1994,tt0110148,Interview with the Vampire,1994,Warner Bros.,Horror,100790444,24703540.0
11,1994,tt0107614,Mrs. Doubtfire,1993,,Comedy,96429967,23634795.0
12,1994,tt0109446,The Client,1994,Warner Bros.,Thriller/Suspense,92115211,22577257.0
13,1994,tt0108052,Schindler’s List,1993,Universal,Drama,89878723,22029098.0
14,1994,tt0107818,Philadelphia,1993,,Drama,76512063,18752956.0
15,1994,tt0109040,Ace Ventura: Pet Detective,1994,Warner Bros.,Comedy,72217396,17700342.0
16,1994,tt0111280,Star Trek: Generations,1994,Paramount Pictures,Adventure,71454304,17513309.0
17,1994,tt0111282,Stargate,1994,MGM,Adventure,68863917,16878411.0
18,1994,tt0109686,Dumb & Dumber,1994,New Line,Comedy,66518916,16303655.0
19,1994,tt0111742,Wolf,1994,Sony Pictures,Horror,65011757,15934254.0
20,1994,tt0110912,Pulp Fiction,1994,Miramax,Drama,63660214,15602993.0
21,1994,tt0111255,The Specialist,1994,Warner Bros.,Action,56157168,13764011.0
22,1994,tt0109831,Four Weddings and a Funeral,1994,Gramercy,Romantic Comedy,52700832,12916870.0
23,1994,tt0110366,The Little Rascals,1994,Universal,Comedy,51764950,12687487.0
24,1994,tt0109635,Disclosure,1994,Warner Bros.,Thriller/Suspense,51713349,12674840.0
25,1994,tt0110622,Naked Gun 33 1/3: The Final Insult,1994,Paramount Pictures,Comedy,51041856,12510258.0
26,1994,tt0109506,The Crow,1994,Miramax,Action,50638075,12411292.0
27,1994,tt0110632,Natural Born Killers,1994,Warner Bros.,Black Comedy,50282766,12324207.0
28,1994,tt0109127,Angels in the Outfield,1994,Walt Disney,Comedy,50236831,12312948.0
29,1994,tt0111693,When a Man Loves a Woman,1994,Walt Disney,Drama,50021959,12260284.0
30,1994,tt0110997,The River Wild,1994,Universal,Thriller/Suspense,45732590,11208968.0
31,1994,tt0109520,D2: The Mighty Ducks,1994,Walt Disney,Comedy,45604206,11177501.0
32,1994,tt0111438,Timecop,1994,Universal,Action,44853581,10993524.0
33,1994,tt0109439,City Slickers II: The Legend of Curly’s Gold,1994,Sony Pictures,Western,43440947,10647290.0
34,1994,tt0109254,Beverly Hills Cop III,1994,Paramount Pictures,Comedy,42586861,10437956.0
35,1994,tt0107050,Grumpy Old Men,1993,,Comedy,41154846,10086972.0
36,1994,tt0110725,On Deadly Ground,1994,Warner Bros.,Action,38590458,9458445.0
37,1994,tt0110167,It Could Happen To You,1994,Sony Pictures,Romantic Comedy,37784369,9260874.0
38,1994,tt0110771,The Paper,1994,Universal,Comedy,36768310,9011840.0
39,1994,tt0111143,The Shadow,1994,Universal,Action,31835600,7802843.0
40,1994,tt0110216,Junior,1994,Universal,Comedy,30851965,7561756.0
41,1994,tt0110093,I Love Trouble,1994,Walt Disney,Romantic Comedy,30806194,7550537.0
42,1994,tt0110442,Major League II,1994,Warner Bros.,Comedy,30626182,7506417.0
43,1994,tt0109287,Blank Check,1994,Walt Disney,Comedy,30573770,7493571.0
44,1994,tt0109303,Blown Away,1994,MGM,Thriller/Suspense,30133002,7385539.0
45,1994,tt0107798,The Pelican Brief,1993,,Thriller/Suspense,29282100,7176985.0
46,1994,tt0110123,In the Army Now,1994,Walt Disney,Comedy,28881266,7078741.0
47,1994,tt0110399,A Low Down Dirty Shame,1994,Walt Disney,Action,27337327,6700325.0
48,1994,tt0109951,Guarding Tess,1994,Sony Pictures,Drama,27023278,6623352.0
49,1994,tt0110612,My Father the Hero,1994,Miramax,Comedy,25479558,6244989.0
50,1994,tt0111756,Wyatt Earp,1994,Warner Bros.,Western,25052000,6140196.0
51,1994,tt0108358,Tombstone,1993,,Western,24188861,5928642.0
52,1994,tt0110971,Renaissance Man,1994,Walt Disney,Comedy,24172899,5924730.0
53,1994,tt0110989,Ri¢hie Ri¢h,1994,Warner Bros.,Comedy,23378566,5730040.0
54,1994,tt0110213,The Jungle Book,1994,Walt Disney,Adventure,23367186,5727251.0
55,1994,tt0109676,Drop Zone,1994,Paramount Pictures,Action,23141971,5672051.0
56,1994,tt0109305,Blue Chips,1994,Paramount Pictures,Drama,22359041,5480157.0
57,1994,tt0109836,Frankenstein,1994,Sony Pictures,Horror,22006296,5393700.0
58,1994,tt0110932,Quiz Show,1994,Walt Disney,Drama,21867087,5359580.0
59,1994,tt0111301,Street Fighter,1994,Universal,Action,21502705,5270270.0
60,1994,tt0107822,The Piano,1993,,Drama,21344350,5231458.0
61,1994,tt0109067,The Air Up There,1994,Walt Disney,Comedy,20782439,5093735.0
62,1994,tt0110186,Jason's Lyric,1994,Gramercy,Drama,20654915,5062479.0
63,1994,tt0110146,Intersection,1994,Paramount Pictures,Drama,20643034,5059567.0
64,1994,tt0110157,Iron Will,1994,Walt Disney,Adventure,20623071,5054674.0
65,1994,tt0110367,Little Women,1994,Sony Pictures,Drama,20529023,5031623.0
66,1994,tt0109484,"Corrina, Corrina",1994,New Line,Comedy,20146496,4937866.0
67,1994,tt0110950,Reality Bites,1994,Universal,Romantic Comedy,20079850,4921531.0
68,1994,tt0111732,With Honors,1994,Warner Bros.,Drama,20043254,4912562.0
69,1994,tt0110737,Only You,1994,Sony Pictures,Romantic Comedy,20042048,4912266.0
70,1994,tt0109493,The Cowboy Way,1994,Universal,Comedy,19731505,4836153.0
71,1994,tt0109456,Color of Night,1994,Walt Disney,Thriller/Suspense,19726050,4834816.0
72,1994,tt0109021,8 Seconds,1994,New Line,Drama,19582455,4799621.0
73,1994,tt0110364,Little Giants,1994,Warner Bros.,Comedy,19306362,4731951.0
74,1994,tt0110064,House Party 3,1994,New Line,Comedy,19194572,4704551.0
75,1994,tt0110391,Love Affair,1994,Warner Bros.,Drama,18272894,4478650.0
76,1994,tt0107079,Sugar Hill,1994,20th Century Fox,Thriller/Suspense,18272447,4478540.0
77,1994,tt0109891,Getting Even With Dad,1994,MGM,Comedy,18195538,4459690.0
78,1994,tt0107290,Jurassic Park,1994,Universal,Adventure,18062435,4427067.0
79,1994,tt0110413,The Professional,1994,Sony Pictures,Thriller/Suspense,18053634,4424910.0
80,1994,tt0110516,Milk Money,1994,Paramount Pictures,Romantic Comedy,17996453,4410895.0
81,1994,tt0111686,Wes Craven's New Nightmare,1994,New Line,Horror,17221063,4220848.0
82,1994,tt0110527,Miracle on 34th Street,1994,20th Century Fox,Drama,17038920,4176205.0
83,1994,tt0108101,Shadowlands,1993,,Drama,16860561,4132490.0
84,1994,tt0110353,Lightning Jack,1994,Savoy,Western,16821273,4122861.0
85,1994,tt0109120,Andre,1994,Paramount Pictures,Adventure,16774699,4111445.0
86,1994,tt0109297,Blink,1994,New Line,Thriller/Suspense,16668552,4085429.0
87,1994,tt0109190,Baby’s Day Out,1994,20th Century Fox,Comedy,16581575,4064111.0
88,1994,tt0110613,My Girl 2,1994,Sony Pictures,Comedy,16559100,4058602.0
89,1994,tt0111667,The War,1994,Universal,Drama,16480770,4039404.0
90,1994,tt0111400,Terminal Velocity,1994,Walt Disney,Action,16478900,4038946.0
91,1994,tt0111161,The Shawshank Redemption,1994,Sony Pictures,Drama,16461051,4034571.0
92,1994,tt0110557,Monkey Trouble,1994,New Line,Adventure,16344520,4006009.0
93,1994,tt0109035,Above the Rim,1994,New Line,Drama,16026469,3928056.0
94,1994,tt0109890,The Getaway,1994,Universal,Action,15545115,3810077.0
95,1994,tt0110678,No Escape,1994,Savoy,Action,15339030,3759566.0
96,1994,tt0111256,Speechless,1994,MGM,Romantic Comedy,15203357,3726312.0
97,1994,tt0109198,Bad Girls,1994,20th Century Fox,Western,15187851,3722512.0
98,1994,tt0111418,Threesome,1994,Sony Pictures,Comedy,14793701,3625907.0
99,1994,tt0109936,Greedy,1994,Universal,Comedy,13137484,3219971.0
100,1994,tt0110099,I.Q.,1994,Paramount Pictures,Romantic Comedy,13063801,3201912.0
1,1995,tt0112462,Batman Forever,1995,Warner Bros.,Action,184137034,42330352.0
2,1995,tt0112384,Apollo 13,1995,Universal,Drama,172036360,39548588.0
3,1995,tt0114709,Toy Story,1995,Walt Disney,Adventure,150004917,34483888.0
4,1995,tt0114148,Pocahontas,1995,Walt Disney,Adventure,141551246,32540516.0
5,1995,tt0112281,Ace Ventura: When Nature Calls,1995,Warner Bros.,Comedy,104371496,23993447.0
6,1995,tt0112642,Casper,1995,Universal,Comedy,100620862,23131232.0
7,1995,tt0112864,Die Hard: With a Vengeance,1995,20th Century Fox,Action,100012499,22991379.0
8,1995,tt0113189,Goldeneye,1995,MGM,Action,93662146,21531527.0
9,1995,tt0112740,Crimson Tide,1995,Walt Disney,Action,91387195,21008550.0
10,1995,tt0114898,Waterworld,1995,Universal,Action,88246220,20286487.0
11,1995,tt0114369,Se7en,1995,New Line,Thriller/Suspense,87046142,20010607.0
12,1995,tt0112792,Dangerous Minds,1995,Walt Disney,Drama,84409943,19404584.0
13,1995,tt0114924,While You Were Sleeping,1995,Walt Disney,Romantic Comedy,81057016,18633796.0
14,1995,tt0112715,Congo,1995,Paramount Pictures,Adventure,81022333,18625823.0
15,1995,tt0113855,Mortal Kombat,1995,New Line,Action,70383146,16180033.0
16,1995,tt0112579,The Bridges of Madison County,1995,Warner Bros.,Drama,70107178,16116592.0
17,1995,tt0113986,Nine Months,1995,20th Century Fox,Romantic Comedy,69660733,16013961.0
18,1995,tt0113161,Get Shorty,1995,MGM,Comedy,69066951,15877460.0
19,1995,tt0114069,Outbreak,1995,Warner Bros.,Thriller/Suspense,67823573,15591625.0
20,1995,tt0112573,Braveheart,1995,Paramount Pictures,Drama,67019456,15406771.0
21,1995,tt0110322,Legends of the Fall,1994,Sony Pictures,Western,66020491,15177124.0
22,1995,tt0112442,Bad Boys,1995,Sony Pictures,Action,65647413,15091359.0
23,1995,tt0113676,The Living Sea,1995,IMAX Films,Documentary,64800000,14896551.0
24,1995,tt0109686,Dumb & Dumber,1994,New Line,Comedy,60671411,13947450.0
25,1995,tt0114508,Species,1995,MGM,Horror,60054449,13805620.0
26,1995,tt0113497,Jumanji,1995,Sony Pictures,Adventure,57848637,13298537.0
27,1995,tt0112431,Babe,1995,Universal,Comedy,56805285,13058686.0
28,1995,tt0112697,Clueless,1995,Paramount Pictures,Comedy,56461210,12979588.0
29,1995,tt0113041,Father of the Bride Part II,1995,Walt Disney,Comedy,52265735,12015111.0
30,1995,tt0112346,The American President,1995,Sony Pictures,Romantic Comedy,51068604,11739908.0
31,1995,tt0114496,Something to Talk About,1995,Warner Bros.,Comedy,50865589,11693238.0
32,1995,tt0113957,The Net,1995,Sony Pictures,Thriller/Suspense,50621733,11637180.0
33,1995,tt0114781,Under Siege 2: Dark Territory,1995,Warner Bros.,Action,50024083,11499789.0
34,1995,tt0114887,A Walk in the Clouds,1995,20th Century Fox,Drama,50008143,11496124.0
35,1995,tt0112572,The Brady Bunch Movie,1995,Paramount Pictures,Comedy,46546167,10700268.0
36,1995,tt0110912,Pulp Fiction,1994,Miramax,Drama,44268548,10176677.0
37,1995,tt0113755,Man of the House,1995,Walt Disney,Comedy,40029009,9202071.0
38,1995,tt0110684,Nobody's Fool,1994,Paramount Pictures,Drama,39007303,8967196.0
39,1995,tt0113117,French Kiss,1995,20th Century Fox,Romantic Comedy,38863798,8934206.0
40,1995,tt0113305,Higher Learning,1995,Sony Pictures,Drama,38023585,8741054.0
41,1995,tt0899194,Mighty Morphin Power Rangers: The Movie,1995,20th Century Fox,Adventure,37785198,8686252.0
42,1995,tt0112641,Casino,1995,Universal,Drama,37532665,8628198.0
43,1995,tt0113071,First Knight,1995,Sony Pictures,Adventure,37361412,8588830.0
44,1995,tt0113501,Just Cause,1995,Warner Bros.,Thriller/Suspense,36853222,8472005.0
45,1995,tt0113277,Heat,1995,Warner Bros.,Action,36508135,8392674.0
46,1995,tt2708390,To Wong Foo Thanks for Everything Julie Newmar,1995,Universal,Comedy,36466570,8383119.0
47,1995,tt0114885,Waiting to Exhale,1995,20th Century Fox,Drama,36024320,8281452.0
48,1995,tt0113419,The Indian in the Cupboard,1995,Paramount Pictures,Adventure,35627222,8190165.0
49,1995,tt0113198,A Goofy Movie,1995,Walt Disney,Adventure,35336439,8123319.0
50,1995,tt0113492,Judge Dredd,1995,Walt Disney,Action,34687912,7974232.0
51,1995,tt0113845,Money Train,1995,Sony Pictures,Action,34678517,7972072.0
52,1995,tt0113097,Forget Paris,1995,Sony Pictures,Romantic Comedy,33194512,7630922.0
53,1995,tt0114694,Tommy Boy,1995,Paramount Pictures,Comedy,32648673,7505442.0
54,1995,tt0112722,Copycat,1995,Warner Bros.,Thriller/Suspense,31436894,7226872.0
55,1995,tt0114287,Rob Roy,1995,MGM,Drama,31390587,7216226.0
56,1995,tt0109635,Disclosure,1994,Warner Bros.,Thriller/Suspense,31301740,7195802.0
57,1995,tt0109830,Forrest Gump,1994,Paramount Pictures,Drama,31074434,7143548.0
58,1995,tt0114319,Sabrina,1995,Paramount Pictures,Romantic Comedy,30788670,7077855.0
59,1995,tt0113228,Grumpier Old Men,1995,Warner Bros.,Romantic Comedy,30767512,7072991.0
60,1995,tt0113114,Free Willy 2: The Adventure Home,1995,Warner Bros.,Adventure,30077111,6914278.0
61,1995,tt0114168,Powder,1995,Walt Disney,Drama,29961344,6887665.0
62,1995,tt0112401,Assassins,1995,Warner Bros.,Action,29488174,6778890.0
63,1995,tt0110367,Little Women,1994,Sony Pictures,Drama,29474280,6775696.0
64,1995,tt0110443,Major Payne,1995,Universal,Comedy,29412050,6761390.0
65,1995,tt0113118,Friday,1995,New Line,Comedy,27467564,6314382.0
66,1995,tt0114011,Now and Then,1995,New Line,Drama,26480554,6087483.0
67,1995,tt0110066,Houseguest,1995,Walt Disney,Comedy,26325256,6051782.0
68,1995,tt0112851,Desperado,1995,Sony Pictures,Western,25532388,5869514.0
69,1995,tt0112508,Billy Madison,1995,Universal,Comedy,25460475,5852982.0
70,1995,tt0114048,Operation Dumbo Drop,1995,Walt Disney,Adventure,24670346,5671343.0
71,1995,tt0109642,Dolores Claiborne,1995,Sony Pictures,Thriller/Suspense,24262193,5577515.0
72,1995,tt0112819,Dead Presidents,1995,Walt Disney,Drama,24061776,5531442.0
73,1995,tt0114857,Virtuosity,1995,Paramount Pictures,Action,23998226,5516833.0
74,1995,tt0113347,How to Make an American Quilt,1995,Universal,Drama,23600020,5425291.0
75,1995,tt0112571,Boys on the Side,1995,Warner Bros.,Drama,23418200,5383494.0
76,1995,tt0112679,Circle of Friends,1995,Savoy,Drama,23389975,5377005.0
77,1995,tt0114814,The Usual Suspects,1995,Gramercy,Drama,22959756,5278104.0
78,1995,tt0112883,Don Juan DeMarco,1995,New Line,Drama,22032635,5064973.0
79,1995,tt0114681,To Die For,1995,Sony Pictures,Black Comedy,21155211,4863266.0
80,1995,tt0114608,Tales from the Crypt: Demon Knight,1995,Universal,Horror,21089146,4848079.0
81,1995,tt0110213,The Jungle Book,1994,Walt Disney,Adventure,20975770,4822016.0
82,1995,tt0110638,Nell,1994,20th Century Fox,Drama,20914085,4807835.0
83,1995,tt0114436,Showgirls,1995,MGM,Drama,20350754,4678334.0
84,1995,tt0114825,Vampire in Brooklyn,1995,Paramount Pictures,Horror,19114796,4394205.0
85,1995,tt0113481,Johnny Mnemonic,1995,Sony Pictures,Action,19006201,4369241.0
86,1995,tt0114214,The Quick and the Dead,1995,Sony Pictures,Western,18552460,4264933.0
87,1995,tt0112499,The Big Green,1995,Walt Disney,Comedy,17736619,4077383.0
88,1995,tt0110006,Heavy Weights,1995,Walt Disney,Comedy,17671310,4062370.0
89,1995,tt0113442,It Takes Two,1995,Warner Bros.,Comedy,17468169,4015671.0
90,1995,tt0113870,Murder in the First,1995,Warner Bros.,Drama,17300238,3977066.0
91,1995,tt0113321,Home for the Holidays,1995,Paramount Pictures,Comedy,17289513,3974600.0
92,1995,tt0113500,Jury Duty,1995,Sony Pictures,Comedy,16941552,3894609.0
93,1995,tt0114194,The Prophecy,1995,Miramax,Horror,16091660,3699232.0
94,1995,tt0112857,Devil in a Blue Dress,1995,Sony Pictures,Drama,16030096,3685079.0
95,1995,tt0113729,Mad Love,1995,Walt Disney,Drama,15446532,3550926.0
96,1995,tt0110598,Muriel's Wedding,1995,Miramax,Comedy,15185000,3490804.0
97,1995,tt0113253,Halloween: The Curse of Michael Myers,1995,Miramax,Horror,15126948,3477459.0
98,1995,tt0110428,The Madness of King George,1994,Goldwyn Entertain…,Drama,15019414,3452738.0
99,1995,tt0113552,Kiss of Death,1995,20th Century Fox,Drama,14942422,3435039.0
100,1995,tt0110989,Ri¢hie Ri¢h,1994,Warner Bros.,Comedy,14709190,3381422.0
1,1996,tt0116629,Independence Day,1996,20th Century Fox,Adventure,306169255,69269062.0
2,1996,tt0117998,Twister,1996,Warner Bros.,Action,243783813,55154708.0
3,1996,tt0117060,Mission: Impossible,1996,Paramount Pictures,Action,180981886,40946128.0
4,1996,tt0117500,The Rock,1996,Walt Disney,Action,134069511,30332468.0
5,1996,tt0117438,Ransom,1996,Walt Disney,Action,129181606,29226607.0
6,1996,tt0117218,The Nutty Professor,1996,Universal,Comedy,128814019,29143443.0
7,1996,tt0115685,The Birdcage,1996,MGM,Comedy,124060553,28067998.0
8,1996,tt0115433,101 Dalmatians,1996,Walt Disney,Adventure,121795758,27555601.0
9,1996,tt0117913,A Time to Kill,1996,Warner Bros.,Drama,108766007,24607693.0
10,1996,tt0116313,The First Wives Club,1996,Paramount Pictures,Comedy,104670012,23680998.0
11,1996,tt0117333,Phenomenon,1996,Walt Disney,Drama,104539127,23651386.0
12,1996,tt0116213,Eraser,1996,Warner Bros.,Action,101295562,22917547.0
13,1996,tt0116583,The Hunchback of Notre Dame,1996,Walt Disney,Adventure,100138851,22655848.0
14,1996,tt0117731,Star Trek: First Contact,1996,Paramount Pictures,Adventure,89187714,20178215.0
15,1996,tt0117705,Space Jam,1996,Warner Bros.,Adventure,85442296,19330836.0
16,1996,tt0116695,Jerry Maguire,1996,Sony Pictures,Romantic Comedy,83338125,18854779.0
17,1996,tt0113862,Mr. Holland's Opus,1995,Walt Disney,Drama,82450788,18654024.0
18,1996,tt0115759,Broken Arrow,1996,20th Century Fox,Action,70645997,15983257.0
19,1996,tt0115798,The Cable Guy,1996,Sony Pictures,Black Comedy,60240295,13629026.0
20,1996,tt0115956,Courage Under Fire,1996,20th Century Fox,Drama,59003384,13349181.0
21,1996,tt0116669,Jack,1996,Walt Disney,Drama,58554258,13247569.0
22,1996,tt0116705,Jingle All the Way,1996,20th Century Fox,Comedy,57213524,12944236.0
23,1996,tt0114746,12 Monkeys,1995,Universal,Drama,56838334,12859351.0
24,1996,tt0116253,Executive Decision,1996,Warner Bros.,Thriller/Suspense,56679192,12823346.0
25,1996,tt0117381,Primal Fear,1996,Paramount Pictures,Thriller/Suspense,56073633,12686342.0
26,1996,tt0115641,Beavis and Butt-Head Do America,1996,Paramount Pictures,Comedy,54196996,12261763.0
27,1996,tt0117918,Tin Cup,1996,Warner Bros.,Romantic Comedy,53854588,12184295.0
28,1996,tt0117665,Sleepers,1996,Warner Bros.,Drama,52894048,11966979.0
29,1996,tt0117038,Michael,1996,New Line,Comedy,52733564,11930670.0
30,1996,tt0116136,Dragonheart,1996,Universal,Adventure,51364680,11620968.0
31,1996,tt0118055,Up Close & Personal,1996,Walt Disney,Drama,51045801,11548823.0
32,1996,tt0117509,Romeo+Juliet,1996,20th Century Fox,Drama,44798596,10135428.0
33,1996,tt0113497,Jumanji,1995,Sony Pictures,Adventure,42609673,9640197.0
34,1996,tt0114709,Toy Story,1995,Walt Disney,Adventure,41648011,9422626.0
35,1996,tt0117057,The Mirror Has Two Faces,1996,Sony Pictures,Romantic Comedy,40767613,9223441.0
36,1996,tt0113228,Grumpier Old Men,1995,Warner Bros.,Romantic Comedy,40750991,9219681.0
37,1996,tt0112818,Dead Man Walking,1995,Gramercy,Drama,39261491,8882690.0
38,1996,tt0117571,Scream,1996,Miramax,Horror,39129829,8852902.0
39,1996,tt0117372,The Preacher’s Wife,1996,Walt Disney,Drama,38664913,8747717.0
40,1996,tt0114388,Sense and Sensibility,1995,Sony Pictures,Drama,38628080,8739384.0
41,1996,tt0116483,Happy Gilmore,1996,Universal,Comedy,38602000,8733484.0
42,1996,tt0116409,The Ghost and the Darkness,1996,Paramount Pictures,Action,37780381,8547597.0
43,1996,tt0117891,A Thin Line Between Love & Hate,1996,New Line,Black Comedy,34873513,7889935.0
44,1996,tt0117603,Set It Off,1996,New Line,Drama,34639061,7836891.0
45,1996,tt0117110,Muppet Treasure Island,1996,Walt Disney,Adventure,34327391,7766378.0
46,1996,tt0117979,The Truth About Cats & Dogs,1996,20th Century Fox,Romantic Comedy,34084531,7711432.0
47,1996,tt0116996,Mars Attacks!,1996,Warner Bros.,Black Comedy,33796571,7646283.0
48,1996,tt0116908,The Long Kiss Goodnight,1996,New Line,Action,33149649,7499920.0
49,1996,tt0117765,Striptease,1996,Sony Pictures,Black Comedy,33109743,7490892.0
50,1996,tt0117008,Matilda,1996,Sony Pictures,Comedy,33098222,7488285.0
51,1996,tt0116552,Homeward Bound II: Lost in San Francisco,1996,Walt Disney,Adventure,32709423,7400321.0
52,1996,tt0115697,Black Sheep,1996,Paramount Pictures,Comedy,32330354,7314559.0
53,1996,tt0117247,One Fine Day,1996,20th Century Fox,Romantic Comedy,32304048,7308608.0
54,1996,tt0113326,Rumble in the Bronx,1996,New Line,Action,32281907,7303598.0
55,1996,tt0116168,Eddie,1996,Walt Disney,Comedy,31369401,7097149.0
56,1996,tt0113277,Heat,1995,Warner Bros.,Action,30928683,6997439.0
57,1996,tt0114885,Waiting to Exhale,1995,20th Century Fox,Drama,30923628,6996295.0
58,1996,tt0117608,Sgt. Bilko,1996,Universal,Comedy,30356589,6868006.0
59,1996,tt0113627,Leaving Las Vegas,1995,MGM,Drama,29218365,6610489.0
60,1996,tt0116040,Daylight,1996,Universal,Action,29156655,6596528.0
61,1996,tt0116683,James and the Giant Peach,1996,Walt Disney,Adventure,28921264,6543272.0
62,1996,tt0116209,The English Patient,1996,Miramax,Drama,28072076,6351148.0
63,1996,tt0116654,The Island of Dr. Moreau,1996,New Line,Horror,27682712,6263057.0
64,1996,tt0117723,Spy Hard,1996,Walt Disney,Comedy,26936265,6094177.0
65,1996,tt0116260,Eye for an Eye,1996,Paramount Pictures,Drama,26792700,6061696.0
66,1996,tt0116493,Harriet the Spy,1996,Paramount Pictures,Adventure,26570048,6011323.0
67,1996,tt0116311,First Kid,1996,Walt Disney,Adventure,26299656,5950148.0
68,1996,tt0116367,From Dusk Till Dawn,1996,Miramax/Dimension,Horror,25728961,5821031.0
69,1996,tt0116130,Down Periscope,1996,20th Century Fox,Comedy,25723977,5819904.0
70,1996,tt0117887,That Thing You Do!,1996,20th Century Fox,Comedy,25680349,5810033.0
71,1996,tt0116225,Escape from L.A.,1996,Paramount Pictures,Action,25426861,5752683.0
72,1996,tt0116329,Fly Away Home,1996,Sony Pictures,Drama,25054202,5668371.0
73,1996,tt0116778,Kingpin,1996,MGM,Comedy,25023424,5661408.0
74,1996,tt0115963,The Craft,1996,Sony Pictures,Horror,24769466,5603951.0
75,1996,tt0113041,Father of the Bride Part II,1995,Walt Disney,Comedy,24313176,5500718.0
76,1996,tt0116282,Fargo,1996,Gramercy,Thriller/Suspense,24035883,5437982.0
77,1996,tt0116731,The Juror,1996,Sony Pictures,Thriller/Suspense,22730924,5142742.0
78,1996,tt0114319,Sabrina,1995,Paramount Pictures,Romantic Comedy,22669649,5128879.0
79,1996,tt0116000,D3: The Mighty Ducks,1996,Walt Disney,Comedy,22491695,5088618.0
80,1996,tt0116191,Emma,1996,Miramax,Comedy,22231658,5029786.0
81,1996,tt0117420,The Quest,1996,Universal,Action,21607190,4888504.0
82,1996,tt0118073,A Very Brady Sequel,1996,Paramount Pictures,Comedy,21443204,4851403.0
83,1996,tt0115857,Chain Reaction,1996,20th Century Fox,Thriller/Suspense,21226204,4802308.0
84,1996,tt0115783,Bulletproof,1996,Universal,Action,21195840,4795438.0
85,1996,tt0116531,High School High,1996,Sony Pictures,Comedy,20883060,4724674.0
86,1996,tt0116287,Fear,1996,Universal,Thriller/Suspense,20694623,4682041.0
87,1996,tt0116421,The Glimmer Man,1996,Warner Bros.,Action,20404841,4616479.0
88,1996,tt0115907,City Hall,1996,Sony Pictures,Drama,20278055,4587795.0
89,1996,tt0117108,Multiplicity,1996,Sony Pictures,Comedy,20133326,4555051.0
90,1996,tt0116322,Flipper,1996,Universal,Adventure,20080020,4542990.0
91,1996,tt0116126,Don't Be a Menace to South Central While Drinking Your Juice in the Hood,1996,Miramax,Comedy,19674813,4451315.0
92,1996,tt0115644,Bed of Roses,1996,New Line,Drama,18972237,4292361.0
93,1996,tt0116756,Kazaam,1996,Walt Disney,Comedy,18880508,4271608.0
94,1996,tt0116277,The Fan,1996,Sony Pictures,Thriller/Suspense,18582965,4204290.0
95,1996,tt0116830,Last Man Standing,1996,New Line,Action,18115927,4098626.0
96,1996,tt0117119,My Fellow Americans,1996,Warner Bros.,Comedy,18042099,4081922.0
97,1996,tt0115986,The Crow: City of Angels,1996,Miramax,Action,17897671,4049246.0
98,1996,tt0116259,Extreme Measures,1996,Sony Pictures,Drama,17378193,3931717.0
99,1996,tt0117331,The Phantom,1996,Paramount Pictures,Action,17220599,3896063.0
100,1996,tt0116320,Fled,1996,MGM,Action,17192205,3889639.0
1,1997,tt0119654,Men in Black,1997,Sony Pictures,Action,250650052,54607854.0
2,1997,tt0119567,The Lost World: Jurassic Park,1997,Universal,Action,229086679,49909951.0
3,1997,tt0119528,Liar Liar,1997,Universal,Comedy,181410615,39523009.0
4,1997,tt0118571,Air Force One,1997,Sony Pictures,Action,172480186,37577382.0
5,1997,tt0076759,Star Wars Ep. IV: A New Hope,1978,20th Century Fox,Adventure,138133173,30094373.0
6,1997,tt0119738,My Best Friend's Wedding,1997,Sony Pictures,Romantic Comedy,126776290,27620106.0
7,1997,tt0120338,Titanic,1997,Paramount Pictures,Drama,112594173,24530321.0
8,1997,tt0119094,Face/Off,1997,Paramount Pictures,Action,112276146,24461033.0
9,1997,tt0118688,Batman & Robin,1997,Warner Bros.,Action,107325195,23382395.0
10,1997,tt0119190,George Of The Jungle,1997,Walt Disney,Adventure,105263257,22933171.0
11,1997,tt0118880,Con Air,1997,Walt Disney,Action,101117573,22029972.0
12,1997,tt0118884,Contact,1997,Warner Bros.,Drama,100920329,21986999.0
13,1997,tt0119282,Hercules,1997,Walt Disney,Adventure,99112101,21593050.0
14,1997,tt0120347,Tomorrow Never Dies,1997,MGM,Action,92433154,20137942.0
15,1997,tt0120082,Scream 2,1997,Miramax,Horror,85520969,18632019.0
16,1997,tt0119137,Flubber,1997,Walt Disney,Comedy,83134090,18112002.0
17,1997,tt0118883,Conspiracy Theory,1997,Warner Bros.,Thriller/Suspense,76118990,16583657.0
18,1997,tt0116695,Jerry Maguire,1996,Sony Pictures,Romantic Comedy,70614467,15384415.0
19,1997,tt0119345,I Know What You Did Last Summer,1997,Sony Pictures,Horror,70426975,15343567.0
20,1997,tt0080684,Star Wars Ep. V: The Empire Strikes Back,1981,20th Century Fox,Adventure,67484485,14702502.0
21,1997,tt0118928,Dante’s Peak,1997,Universal,Thriller/Suspense,67163857,14632648.0
22,1997,tt0118615,Anaconda,1997,Sony Pictures,Horror,65598907,14291700.0
23,1997,tt0117571,Scream,1996,Miramax,Horror,63916834,13925236.0
24,1997,tt0119116,The Fifth Element,1997,Sony Pictures,Action,63570862,13849861.0
25,1997,tt0119360,In & Out,1997,Paramount Pictures,Comedy,63417425,13816432.0
26,1997,tt0120053,The Saint,1997,Paramount Pictures,Action,61363304,13368911.0
27,1997,tt0119432,Jungle 2 Jungle,1997,Walt Disney,Comedy,59925026,13055561.0
28,1997,tt0119468,Kiss the Girls,1997,Paramount Pictures,Thriller/Suspense,59757672,13019100.0
29,1997,tt0118971,Devil’s Advocate,1997,Warner Bros.,Horror,59092127,12874101.0
30,1997,tt0120177,Spawn,1997,New Line,Action,54979992,11978211.0
31,1997,tt0120201,Starship Troopers,1997,Sony Pictures,Action,54320555,11834543.0
32,1997,tt0118655,Austin Powers: International Man of Mystery,1997,New Line,Comedy,53883989,11739431.0
33,1997,tt0119395,The Jackal,1997,Universal,Thriller/Suspense,53153666,11580319.0
34,1997,tt0118617,Anastasia,1997,20th Century Fox,Musical,53147865,11579055.0
35,1997,tt0116209,The English Patient,1996,Miramax,Drama,50644298,11033616.0
36,1997,tt0118771,Breakdown,1997,Paramount Pictures,Thriller/Suspense,50159144,10927918.0
37,1997,tt0118548,Absolute Power,1997,Sony Pictures,Thriller/Suspense,50068310,10908128.0
38,1997,tt0119174,The Game,1997,Polygram,Thriller/Suspense,48265581,10515377.0
39,1997,tt0119173,G.I.Jane,1997,Walt Disney,Drama,48169156,10494369.0
40,1997,tt0120179,Speed II: Cruise Control,1997,20th Century Fox,Action,48068396,10472417.0
41,1997,tt33436916,Star Wars Ep. VI: Return of the Jedi,1997,20th Century Fox,Adventure,48063790,10471413.0
42,1997,tt0116250,Evita,1996,Walt Disney,Musical,47769067,10407204.0
43,1997,tt0120461,Volcano,1997,20th Century Fox,Action,47546796,10358779.0
44,1997,tt0118583,Alien: Resurrection,1997,20th Century Fox,Action,46147034,10053820.0
45,1997,tt0119978,The Rainmaker,1997,Paramount Pictures,Drama,45182594,9843702.0
46,1997,tt0118689,Bean,1997,Gramercy,Comedy,45105316,9826866.0
47,1997,tt0118887,Cop Land,1997,Miramax,Drama,44906632,9783579.0
48,1997,tt0119807,Nothing To Lose,1997,Walt Disney,Comedy,44480039,9690640.0
49,1997,tt0120169,Soul Food,1997,20th Century Fox,Comedy,43201124,9412009.0
50,1997,tt0118972,The Devil’s Own,1997,Sony Pictures,Thriller/Suspense,42885593,9343266.0
51,1997,tt0117038,Michael,1996,New Line,Comedy,42611506,9283552.0
52,1997,tt0119008,Donnie Brasco,1997,Sony Pictures,Drama,41954997,9140522.0
53,1997,tt0119822,As Good as it Gets,1997,Sony Pictures,Romantic Comedy,41563194,9055162.0
54,1997,tt0119874,The Peacemaker,1997,Dreamworks SKG,Action,41263140,8989790.0
55,1997,tt0119951,Private Parts,1997,Paramount Pictures,Comedy,41198146,8975630.0
56,1997,tt0119695,Money Talks,1997,New Line,Action,41076865,8949208.0
57,1997,tt35727399,Mouse Hunt,1997,Dreamworks SKG,Comedy,40081904,8732440.0
58,1997,tt0119488,L.A. Confidential,1997,Warner Bros.,Drama,38296320,8343424.0
59,1997,tt0120102,Seven Years in Tibet,1997,Sony Pictures,Drama,37600360,8191799.0
60,1997,tt0120434,Vegas Vacation,1997,Warner Bros.,Comedy,36470465,7945635.0
61,1997,tt0119164,The Full Monty,1997,Fox Searchlight,Comedy,35431393,7719257.0
62,1997,tt0120094,Selena,1997,Warner Bros.,Drama,35422828,7717391.0
63,1997,tt0119707,Mortal Kombat: Annihilation,1997,New Line,Action,35059903,7638323.0
64,1997,tt0118556,Addicted To Love,1997,Warner Bros.,Romantic Comedy,34673095,7554051.0
65,1997,tt0118607,Amistad,1997,Dreamworks SKG,Drama,34043386,7416859.0
66,1997,tt0120004,The Relic,1997,Paramount Pictures,Horror,33956608,7397953.0
67,1997,tt0119664,Metro,1997,Walt Disney,Action,32017895,6975576.0
68,1997,tt0119896,Picture Perfect,1997,20th Century Fox,Romantic Comedy,31301775,6819558.0
69,1997,tt0118708,Beverly Hills Ninja,1997,Sony Pictures,Comedy,31245344,6807264.0
70,1997,tt0097757,The Little Mermaid,1989,Walt Disney,Musical,29678678,6465942.0
71,1997,tt0119141,Fools Rush In,1997,Sony Pictures,Romantic Comedy,29299524,6383338.0
72,1997,tt0120032,Romy and Michele's High School Reunion,1997,Walt Disney,Comedy,29235353,6369357.0
73,1997,tt0117631,Shine,1996,Fine Line,Drama,29117149,6343605.0
74,1997,tt0119848,Out to Sea,1997,20th Century Fox,Romantic Comedy,28985323,6314885.0
75,1997,tt1804538,Father's Day,1997,Warner Bros.,Comedy,28681080,6248601.0
76,1997,tt0119229,Grosse Pointe Blank,1997,Walt Disney,Black Comedy,28084357,6118596.0
77,1997,tt0119051,The Edge,1997,20th Century Fox,Thriller/Suspense,27799255,6056482.0
78,1997,tt0119396,Jackie Brown,1997,Miramax,Drama,27190450,5923845.0
79,1997,tt0119081,Event Horizon,1997,Paramount Pictures,Horror,26673242,5811163.0
80,1997,tt0118570,Air Bud,1997,Walt Disney,Comedy,26033546,5671796.0
81,1997,tt0119731,Murder at 1600,1997,Warner Bros.,Thriller/Suspense,25842024,5630070.0
82,1997,tt0119675,Mimic,1997,Miramax,Horror,25514166,5558641.0
83,1997,tt0119142,For Richer or Poorer,1997,Universal,Comedy,24523486,5342807.0
84,1997,tt0117666,Sling Blade,1996,Miramax,Drama,24335157,5301777.0
85,1997,tt0119303,Home Alone III,1997,20th Century Fox,Comedy,24271517,5287912.0
86,1997,tt0118749,Boogie Nights,1997,New Line,Drama,23841916,5194317.0
87,1997,tt0119215,Good Burger,1997,Paramount Pictures,Comedy,23712993,5166229.0
88,1997,tt0119668,Midnight in the Garden of Good and Evil,1997,Warner Bros.,Thriller/Suspense,23616463,5145198.0
89,1997,tt0119311,Hoodlum,1997,MGM,Drama,23489997,5117646.0
90,1997,tt0119994,Red Corner,1997,MGM,Thriller/Suspense,22290435,4856303.0
91,1997,tt0118604,An American Werewolf in Paris,1997,Walt Disney,Horror,20105359,4380252.0
92,1997,tt0118750,Booty Call,1997,Sony Pictures,Comedy,20066917,4371877.0
93,1997,tt0119214,Gone Fishin',1997,Walt Disney,Comedy,19745922,4301943.0
94,1997,tt0117091,Mother,1996,Paramount Pictures,Comedy,18596826,4051596.0
95,1997,tt0117318,The People vs. Larry Flynt,1996,Sony Pictures,Drama,18447098,4018975.0
96,1997,tt0120317,That Darn Cat,1997,Walt Disney,Adventure,18301828,3987326.0
97,1997,tt0120318,That Old Feeling,1997,Universal,Romantic Comedy,16408534,3574844.0
98,1997,tt0119123,Fire Down Below,1997,Warner Bros.,Action,16148906,3518280.0
99,1997,tt0120524,Wes Craven's Wishmaster,1997,Live Entertainment,Horror,15719109,3424642.0
100,1997,tt0119718,Mr. Magoo,1997,Walt Disney,Comedy,15671371,3414242.0
1,1998,tt0120338,Titanic,1997,Paramount Pictures,Drama,488192879,104092298.0
2,1998,tt0120591,Armageddon,1998,Walt Disney,Adventure,201573391,42979401.0
3,1998,tt0120815,Saving Private Ryan,1998,Dreamworks SKG,Drama,190373184,40591297.0
4,1998,tt0129387,There's Something About Mary,1998,20th Century Fox,Romantic Comedy,174422745,37190351.0
5,1998,tt0120484,The Waterboy,1998,Walt Disney,Comedy,147895431,31534207.0
6,1998,tt0118998,Doctor Dolittle,1998,20th Century Fox,Comedy,144139984,30733472.0
7,1998,tt0120647,Deep Impact,1998,Paramount Pictures,Adventure,140300426,29914803.0
8,1998,tt0120685,Godzilla,1998,Sony Pictures,Action,136142003,29028146.0
9,1998,tt0120812,Rush Hour,1998,New Line,Action,136065335,29011799.0
10,1998,tt0119217,Good Will Hunting,1997,Miramax,Drama,133167234,28393867.0
11,1998,tt0122151,Lethal Weapon 4,1998,Warner Bros.,Action,129734803,27662005.0
12,1998,tt0120623,A Bug’s Life,1998,Walt Disney,Adventure,127682000,27224307.0
13,1998,tt0120382,The Truman Show,1998,Paramount Pictures,Drama,125466701,26751962.0
14,1998,tt0119822,As Good as it Gets,1997,Sony Pictures,Romantic Comedy,123223474,26273662.0
15,1998,tt0120762,Mulan,1998,Walt Disney,Adventure,120618403,25718210.0
16,1998,tt0120746,The Mask of Zorro,1998,Sony Pictures,Adventure,93715262,19981932.0
17,1998,tt0120660,Enemy of the State,1998,Walt Disney,Action,92020000,19620469.0
18,1998,tt0120587,Antz,1998,Dreamworks SKG,Adventure,88668349,18905831.0
19,1998,tt0134067,The Rugrats Movie,1998,Paramount Pictures,Adventure,85479000,18225800.0
20,1998,tt0365474,The X Files: Fight the Future,1998,20th Century Fox,Action,83826398,17873432.0
21,1998,tt0120888,The Wedding Singer,1998,New Line,Romantic Comedy,80224502,17105438.0
22,1998,tt0120632,City of Angels,1998,Warner Bros.,Drama,78745923,16790175.0
23,1998,tt0119314,The Horse Whisperer,1998,Walt Disney,Drama,75370763,16070525.0
24,1998,tt0120828,"Six Days, Seven Nights",1998,Walt Disney,Romantic Comedy,74292149,15840543.0
25,1998,tt0120611,Blade,1998,New Line,Action,70001065,14925600.0
26,1998,tt0120738,Lost In Space,1998,New Line,Adventure,69102910,14734096.0
27,1998,tt0120787,A Perfect Murder,1998,Warner Bros.,Thriller/Suspense,67549705,14402922.0
28,1998,tt0120783,The Parent Trap,1998,Walt Disney,Comedy,66304095,14137334.0
29,1998,tt0120631,Ever After: A Cinderella Story,1998,20th Century Fox,Drama,65646857,13997198.0
30,1998,tt0128853,You’ve Got Mail,1998,Warner Bros.,Romantic Comedy,63797000,13602772.0
31,1998,tt0119313,Hope Floats,1998,20th Century Fox,Drama,60033780,12800380.0
32,1998,tt0120873,U.S. Marshals,1998,Warner Bros.,Thriller/Suspense,57823170,12329034.0
33,1998,tt0120744,The Man in the Iron Mask,1998,MGM,Adventure,56876365,12127157.0
34,1998,tt0120661,Everest,1998,MacGillivray Free…,Documentary,55742120,11885313.0
35,1998,tt0120832,Snake Eyes,1998,Paramount Pictures,Thriller/Suspense,55585389,11851895.0
36,1998,tt0120889,What Dreams May Come,1998,Polygram,Drama,55485043,11830499.0
37,1998,tt0120794,The Prince of Egypt,1998,Dreamworks SKG,Adventure,55108000,11750107.0
38,1998,tt0120694,Halloween: H2O,1998,Miramax,Horror,55004135,11727961.0
39,1998,tt0122718,Small Soldiers,1998,Dreamworks SKG,Adventure,54452676,11610379.0
40,1998,tt0120844,Star Trek: Insurrection,1998,Paramount Pictures,Adventure,53977000,11508955.0
41,1998,tt0120347,Tomorrow Never Dies,1997,MGM,Action,52054326,11099003.0
42,1998,tt0120791,Practical Magic,1998,Warner Bros.,Comedy,46404796,9894413.0
43,1998,tt0129290,Patch Adams,1998,Universal,Comedy,46222000,9855437.0
44,1998,tt0120768,The Negotiator,1998,Warner Bros.,Action,44484065,9484875.0
45,1998,tt0119643,Meet Joe Black,1998,Universal,Drama,43240705,9219767.0
46,1998,tt0120885,Wag the Dog,1997,New Line,Drama,42790574,9123790.0
47,1998,tt0122690,Ronin,1998,MGM,Action,41521101,8853113.0
48,1998,tt0133952,The Siege,1998,20th Century Fox,Action,39908508,8509277.0
49,1998,tt0119942,Primary Colors,1998,Universal,Comedy,38966057,8308328.0
50,1998,tt0130018,I Still Know What You Did Last Summer,1998,Sony Pictures,Horror,38889884,8292086.0
51,1998,tt0120789,Pleasantville,1998,New Line,Comedy,38761688,8264752.0
52,1998,tt0120703,How Stella Got Her Groove Back,1998,20th Century Fox,Drama,37659364,8029715.0
53,1998,tt0146336,Urban Legend,1998,Sony Pictures,Horror,37506463,7997114.0
54,1998,tt0120780,Out of Sight,1998,Universal,Comedy,37474810,7990365.0
55,1998,tt0120184,Sphere,1998,Warner Bros.,Thriller/Suspense,36976367,7884087.0
56,1998,tt0120686,Stepmom,1998,Sony/TriStar,Drama,35270000,7520256.0
57,1998,tt35727399,Mouse Hunt,1997,Dreamworks SKG,Comedy,33240214,7087466.0
58,1998,tt0120749,Mercury Rising,1998,Universal,Thriller/Suspense,32940507,7023562.0
59,1998,tt0144120,Bride of Chucky,1998,Universal,Horror,32305400,6888145.0
60,1998,tt0120770,A Night at the Roxbury,1998,Paramount Pictures,Comedy,30312145,6463144.0
61,1998,tt0123987,Madeline,1998,Sony Pictures,Adventure,29767901,6347100.0
62,1998,tt0120890,Wild Things,1998,Sony Pictures,Thriller/Suspense,29753944,6344125.0
63,1998,tt0120185,Spice World,1998,Sony Pictures,Comedy,29247405,6236120.0
64,1998,tt0120772,The Object of my Affection,1998,20th Century Fox,Romantic Comedy,29106737,6206127.0
65,1998,tt0433384,Grease,1998,Paramount Pictures,Musical,28411018,6057786.0
66,1998,tt0141109,Jack Frost,1998,Warner Bros.,Comedy,27975000,5964819.0
67,1998,tt0120609,The Big Hit,1998,Sony Pictures,Action,27052167,5768053.0
68,1998,tt0125454,Paulie,1998,Dreamworks SKG,Comedy,27008669,5758778.0
69,1998,tt0119488,L.A. Confidential,1997,Warner Bros.,Drama,26886628,5732757.0
70,1998,tt0118798,Bulworth,1998,20th Century Fox,Comedy,26525834,5655828.0
71,1998,tt0120082,Scream 2,1997,Miramax,Horror,26394374,5627798.0
72,1998,tt0119223,Great Expectations,1998,20th Century Fox,Drama,26333044,5614722.0
73,1998,tt0127723,Can't Hardly Wait,1998,Sony Pictures,Romantic Comedy,25339117,5402797.0
74,1998,tt0119099,Fallen,1998,Warner Bros.,Thriller/Suspense,25188006,5370577.0
75,1998,tt0118661,The Avengers,1998,Warner Bros.,Adventure,23385416,4986229.0
76,1998,tt0120776,One True Thing,1998,Universal,Drama,23209440,4948708.0
77,1998,tt0119905,The Players Club,1998,New Line,Black Comedy,23031390,4910744.0
78,1998,tt0128442,Rounders,1998,Miramax,Drama,22905674,4883939.0
79,1998,tt0120603,Beloved,1998,Walt Disney,Horror,22755961,4852017.0
80,1998,tt0120800,Quest for Camelot,1998,Warner Bros.,Adventure,22717758,4843872.0
81,1998,tt0119396,Jackie Brown,1997,Miramax,Drama,22669595,4833602.0
82,1998,tt0118755,The Borrowers,1998,Polygram,Adventure,22359293,4767440.0
83,1998,tt0118607,Amistad,1997,Dreamworks SKG,Drama,21938721,4677766.0
84,1998,tt0124718,He Got Game,1998,Walt Disney,Drama,21554585,4595860.0
85,1998,tt0118632,The Apostle,1997,October Films,Drama,20692516,4412050.0
86,1998,tt0155975,Psycho,1998,Universal,Horror,20363450,4341887.0
87,1998,tt0120751,Mighty Joe Young,1998,Walt Disney,Adventure,20117000,4289339.0
88,1998,tt0120877,Vampires,1998,Sony Pictures,Horror,19915018,4246272.0
89,1998,tt0120741,Jane Austen's Mafia,1998,Walt Disney,Comedy,19843795,4231086.0
90,1998,tt0120696,Hard Rain,1998,Paramount Pictures,Action,19819494,4225905.0
91,1998,tt0120841,Species 2,1998,MGM,Horror,19165560,4086473.0
92,1998,tt0120008,The Replacement Killers,1998,Sony Pictures,Action,18967571,4044258.0
93,1998,tt0120773,The Odd Couple II,1998,Paramount Pictures,Comedy,18878566,4025281.0
94,1998,tt0133751,The Faculty,1998,Miramax,Horror,18323000,3906823.0
95,1998,tt0124879,Simon Birch,1998,Walt Disney,Drama,18253415,3891986.0
96,1998,tt0118715,The Big Lebowski,1998,Gramercy,Comedy,17439163,3718372.0
97,1998,tt0134619,Disturbing Behavior,1998,MGM,Thriller/Suspense,17411331,3712437.0
98,1998,tt0120693,Half Baked,1998,Universal,Comedy,17278980,3684217.0
99,1998,tt0120577,54,1998,Miramax,Drama,16574731,3534058.0
100,1998,tt0120576,Dance With Me,1998,Sony Pictures,Drama,15862680,3382235.0
1,1999,tt0120915,Star Wars Ep. I: The Phantom Menace,1999,20th Century Fox,Adventure,430443350,84732942.0
2,1999,tt0167404,The Sixth Sense,1999,Walt Disney,Thriller/Suspense,276386495,54406790.0
3,1999,tt0145660,Austin Powers: The Spy Who Shagged Me,1999,New Line,Comedy,205957794,40542873.0
4,1999,tt0120363,Toy Story 2,1999,Walt Disney,Adventure,199876000,39345669.0
5,1999,tt0133093,The Matrix,1999,Warner Bros.,Action,171383253,33736861.0
6,1999,tt0120855,Tarzan,1999,Walt Disney,Adventure,170904824,33642681.0
7,1999,tt0142342,Big Daddy,1999,Sony Pictures,Comedy,163479795,32181062.0
8,1999,tt0120616,The Mummy,1999,Universal,Adventure,155247825,30560595.0
9,1999,tt0163187,Runaway Bride,1999,Paramount Pictures,Romantic Comedy,152162347,29953217.0
10,1999,tt0185937,The Blair Witch Project,1999,Artisan,Horror,140539099,27665177.0
11,1999,tt0125439,Notting Hill,1999,Universal,Romantic Comedy,116089678,22852299.0
12,1999,tt0143145,The World is Not Enough,1999,MGM,Action,115903000,22815551.0
13,1999,tt0150377,Double Jeopardy,1999,Paramount Pictures,Action,114032117,22447267.0
14,1999,tt0120891,Wild Wild West,1999,Warner Bros.,Western,113805681,22402693.0
15,1999,tt0122933,Analyze This,1999,Warner Bros.,Comedy,106823373,21028223.0
16,1999,tt0144214,The General's Daughter,1999,Paramount Pictures,Drama,102705852,20217687.0
17,1999,tt0163651,American Pie,1999,Universal,Comedy,101800948,20039557.0
18,1999,tt0141369,Inspector Gadget,1999,Walt Disney,Adventure,97387965,19170859.0
19,1999,tt0138097,Shakespeare in Love,1998,Miramax,Romantic Comedy,94001753,18504282.0
20,1999,tt0162661,Sleepy Hollow,1999,Paramount Pictures,Horror,92839722,18275535.0
21,1999,tt0171363,The Haunting,1999,Dreamworks SKG,Horror,91188905,17950572.0
22,1999,tt0129290,Patch Adams,1998,Universal,Comedy,88792968,17478931.0
23,1999,tt0137494,Entrapment,1999,20th Century Fox,Thriller/Suspense,87707396,17265235.0
24,1999,tt0190641,Pokemon: The First Movie,1999,Warner Bros.,Adventure,84091099,16553365.0
25,1999,tt0120784,Payback,1999,Paramount Pictures,Action,81526121,16048449.0
26,1999,tt0149261,Deep Blue Sea,1999,Warner Bros.,Horror,73648228,14497683.0
27,1999,tt0169547,American Beauty,1999,Dreamworks SKG,Drama,71017815,13979884.0
28,1999,tt0155267,The Thomas Crown Affair,1999,MGM,Thriller/Suspense,69282369,13638261.0
29,1999,tt0164912,Stuart Little,1999,Sony Pictures,Adventure,68874000,13557874.0
30,1999,tt0181316,Blue Streak,1999,Sony Pictures,Action,67760741,13338728.0
31,1999,tt0120689,The Green Mile,1999,Warner Bros.,Drama,67494000,13286220.0
32,1999,tt0131325,Bowfinger,1999,Universal,Comedy,66365290,13064033.0
33,1999,tt0123964,Life,1999,Universal,Comedy,64016268,12601628.0
34,1999,tt0145681,The Bone Collector,1999,Universal,Thriller/Suspense,63788270,12556746.0
35,1999,tt0160862,She's All That,1999,Miramax,Romantic Comedy,63319509,12464470.0
36,1999,tt0146675,End of Days,1999,Universal,Action,63185000,12437992.0
37,1999,tt0120188,Three Kings,1999,Warner Bros.,Black Comedy,59223104,11658091.0
38,1999,tt0120633,A Civil Action,1998,Walt Disney,Drama,56547305,11131359.0
39,1999,tt0120686,Stepmom,1998,Sony/TriStar,Drama,55760827,10976541.0
40,1999,tt0120663,Eyes Wide Shut,1999,Warner Bros.,Drama,55637680,10952299.0
41,1999,tt0151738,Never Been Kissed,1999,20th Century Fox,Romantic Comedy,55474757,10920228.0
42,1999,tt0141098,Forces of Nature,1999,Dreamworks SKG,Romantic Comedy,52900680,10413520.0
43,1999,tt0139699,Varsity Blues,1999,Paramount Pictures,Drama,52894169,10412238.0
44,1999,tt0139462,Message in a Bottle,1999,Warner Bros.,Drama,52799004,10393505.0
45,1999,tt0158983,"South Park: Bigger, Longer & Uncut",1999,Paramount Pictures,Musical,52037603,10243623.0
46,1999,tt0128853,You’ve Got Mail,1998,Warner Bros.,Romantic Comedy,51934542,10223335.0
47,1999,tt0145531,Stigmata,1999,MGM,Horror,50014865,9845445.0
48,1999,tt0118799,Life Is Beautiful,1998,Miramax,Drama,47261822,9303508.0
49,1999,tt0205000,Deuce Bigalow: Male Gigolo,1999,Walt Disney,Comedy,46353560,9124716.0
50,1999,tt0120794,The Prince of Egypt,1998,Dreamworks SKG,Adventure,46109900,9076752.0
51,1999,tt0185371,House on Haunted Hill,1999,Warner Bros.,Horror,40489824,7970437.0
52,1999,tt0139134,Cruel Intentions,1999,Sony Pictures,Drama,38201895,7520058.0
53,1999,tt0147800,10 Things I Hate About You,1999,Walt Disney,Romantic Comedy,38177966,7515348.0
54,1999,tt0120764,My Favorite Martian,1999,Walt Disney,Comedy,36850101,7253957.0
55,1999,tt0137523,Fight Club,1999,20th Century Fox,Drama,36515098,7188011.0
56,1999,tt0146838,Any Given Sunday,1999,Warner Bros.,Drama,36301000,7145866.0
57,1999,tt0134273,8MM,1999,Sony Pictures,Thriller/Suspense,36283501,7142421.0
58,1999,tt0120863,The Thin Red Line,1998,20th Century Fox,Drama,35740961,7035622.0
59,1999,tt0126916,For Love of the Game,1999,Universal,Drama,35188640,6926898.0
60,1999,tt0120623,A Bug’s Life,1998,Walt Disney,Adventure,35110677,6911551.0
61,1999,tt0128278,Instinct,1999,Walt Disney,Thriller/Suspense,34105207,6713623.0
62,1999,tt0130121,Mickey Blue Eyes,1999,Warner Bros.,Romantic Comedy,33864342,6666209.0
63,1999,tt0182789,Bicentennial Man,1999,Walt Disney,Drama,33378000,6570472.0
64,1999,tt0168501,The Best Man,1999,Universal,Romantic Comedy,33293520,6553842.0
65,1999,tt0120657,The 13th Warrior,1999,Walt Disney,Action,32694788,6435982.0
66,1999,tt0132477,October Sky,1999,Universal,Drama,32570685,6411552.0
67,1999,tt0139414,Lake Placid,1999,20th Century Fox,Horror,31770413,6254018.0
68,1999,tt0156934,Random Hearts,1999,Sony Pictures,Drama,31054924,6113174.0
69,1999,tt0120751,Mighty Joe Young,1998,Walt Disney,Adventure,30511009,6006104.0
70,1999,tt0167427,Superstar,1999,Paramount Pictures,Comedy,30150814,5935199.0
71,1999,tt0132347,Mystery Men,1999,Universal,Comedy,29762011,5858664.0
72,1999,tt0134119,The Talented Mr. Ripley,1999,Paramount Pictures,Thriller/Suspense,29463000,5799803.0
73,1999,tt0120655,Dogma,1999,Lionsgate,Comedy,28983260,5705366.0
74,1999,tt0129280,The Out-of-Towners,1999,Paramount Pictures,Comedy,28544120,5618921.0
75,1999,tt0123209,The Other Sister,1999,Walt Disney,Romantic Comedy,27807627,5473942.0
76,1999,tt0118665,Baby Geniuses,1999,Sony Pictures,Adventure,27151490,5344781.0
77,1999,tt0160916,The Story of Us,1999,Universal,Romantic Comedy,27100030,5334652.0
78,1999,tt0145921,Mysteries of Egypt,1998,Sony Pictures,Documentary,27042366,5323300.0
79,1999,tt0124298,Blast from the Past,1999,New Line,Romantic Comedy,26494611,5215475.0
80,1999,tt0140352,The Insider,1999,Walt Disney,Drama,26114890,5140726.0
81,1999,tt0120815,Saving Private Ryan,1998,Dreamworks SKG,Drama,25746307,5068171.0
82,1999,tt0161100,The Wood,1999,Paramount Pictures,Comedy,25059640,4933000.0
83,1999,tt0137363,Arlington Road,1999,Sony Pictures,Thriller/Suspense,24362501,4795768.0
84,1999,tt0163862,T-Rex: Back to the Cretaceous,1998,IMAX Films,Adventure,24343061,4791941.0
85,1999,tt0129167,The Iron Giant,1999,Warner Bros.,Adventure,23159305,4558918.0
86,1999,tt0131369,EDtv,1999,Universal,Comedy,22421087,4413600.0
87,1999,tt0132512,At First Sight,1999,MGM,Drama,22326247,4394931.0
88,1999,tt0133751,The Faculty,1998,Miramax,Horror,21741955,4279912.0
89,1999,tt0120596,The Bachelor,1999,New Line,Romantic Comedy,21266456,4186310.0
90,1999,tt0164181,A Stir of Echoes,1999,Artisan,Horror,21133087,4160056.0
91,1999,tt0166485,Anna and the King,1999,20th Century Fox,Drama,20513000,4037992.0
92,1999,tt0125664,Man on the Moon,1999,Universal,Drama,19967000,3930512.0
93,1999,tt0177789,Galaxy Quest,1999,Dreamworks SKG,Comedy,19911000,3919488.0
94,1999,tt0120660,Enemy of the State,1998,Walt Disney,Action,19524445,3843395.0
95,1999,tt0166396,Waking Ned Devine,1998,20th Century Fox,Comedy,19453347,3829399.0
96,1999,tt0187819,Doug's 1st Movie,1999,Walt Disney,Adventure,19421271,3823085.0
97,1999,tt0162677,Summer of Sam,1999,Walt Disney,Thriller/Suspense,19288130,3796876.0
98,1999,tt0122541,An Ideal Husband,1999,Miramax,Romantic Comedy,18542974,3650192.0
99,1999,tt0120601,Being John Malkovich,1999,USA Films,Black Comedy,18243969,3591332.0
100,1999,tt0149691,Anywhere But Here,1999,20th Century Fox,Drama,18215284,3585685.0
1,2000,tt0170016,How the Grinch Stole Christmas,2000,Universal,Adventure,251629105,46684435.0
2,2000,tt18304238,Mission: Impossible 2,2000,Paramount Pictures,Action,215409889,39964729.0
3,2000,tt0172495,Gladiator,2000,Dreamworks SKG,Action,186610052,34621531.0
4,2000,tt0177971,The Perfect Storm,2000,Warner Bros.,Drama,182618434,33880971.0
5,2000,tt0212338,Meet the Parents,2000,Universal,Comedy,161325490,29930518.0
6,2000,tt0120903,X-Men,2000,20th Century Fox,Action,157299717,29183621.0
7,2000,tt0175142,Scary Movie,2000,Miramax/Dimension,Comedy,157019771,29131683.0
8,2000,tt0161081,What Lies Beneath,2000,Dreamworks SKG,Thriller/Suspense,155370362,28825670.0
9,2000,tt0130623,Dinosaur,2000,Walt Disney,Adventure,137748063,25556227.0
10,2000,tt0195685,Erin Brockovich,2000,Universal,Drama,125548685,23292891.0
11,2000,tt0144528,Nutty Professor II: The Klumps,2000,Universal,Comedy,123307945,22877170.0
12,2000,tt0160127,Charlie's Angels,2000,Sony Pictures,Action,122802761,22783444.0
13,2000,tt0208003,Big Momma's House,2000,20th Century Fox,Comedy,117559438,21810656.0
14,2000,tt0210945,Remember the Titans,2000,Walt Disney,Drama,113746040,21103161.0
15,2000,tt0187393,The Patriot,2000,Sony Pictures,Drama,113330342,21026037.0
16,2000,tt0207201,What Women Want,2000,Paramount Pictures,Romantic Comedy,110187561,20442961.0
17,2000,tt0120630,Chicken Run,2000,Dreamworks SKG,Adventure,106793915,19813342.0
18,2000,tt0187078,Gone in 60 Seconds,2000,Walt Disney,Action,101643008,18857701.0
19,2000,tt0162222,Cast Away,2000,20th Century Fox,Adventure,100628594,18669498.0
20,2000,tt0183505,"Me, Myself & Irene",2000,20th Century Fox,Comedy,90570999,16803525.0
21,2000,tt0186566,Space Cowboys,2000,Warner Bros.,Adventure,90179885,16730962.0
22,2000,tt0217869,Unbreakable,2000,Walt Disney,Thriller/Suspense,90033796,16703858.0
23,2000,tt0134084,Scream 3,2000,Miramax,Horror,89138076,16537676.0
24,2000,tt0141926,U-571,2000,Universal,Action,77086030,14301675.0
25,2000,tt0164052,Hollow Man,2000,Sony Pictures,Horror,73209340,13582438.0
26,2000,tt0213203,Rugrats in Paris,2000,Paramount Pictures,Adventure,71205699,13210705.0
27,2000,tt0164912,Stuart Little,1999,Sony Pictures,Adventure,71141224,13198743.0
28,2000,tt0162650,Shaft,2000,Paramount Pictures,Action,70327868,13047842.0
29,2000,tt0219854,The Kid,2000,Walt Disney,Comedy,69688384,12929199.0
30,2000,tt0120689,The Green Mile,1999,Warner Bros.,Drama,69307374,12858511.0
31,2000,tt0215129,Road Trip,2000,Dreamworks SKG,Comedy,68525609,12713471.0
32,2000,tt0204946,Bring it On,2000,Universal,Comedy,68353550,12681549.0
33,2000,tt0160797,Rules of Engagement,2000,Paramount Pictures,Drama,61322858,11377154.0
34,2000,tt0209958,The Cell,2000,New Line,Thriller/Suspense,61280963,11369381.0
35,2000,tt0183523,Mission to Mars,2000,Walt Disney,Adventure,60874615,11293992.0
36,2000,tt0200550,Coyote Ugly,2000,Walt Disney,Drama,60786269,11277601.0
37,2000,tt0184907,Snow Day,2000,Paramount Pictures,Comedy,60008303,11133266.0
38,2000,tt0169547,American Beauty,1999,Dreamworks SKG,Drama,59040232,10953661.0
39,2000,tt0211181,102 Dalmatians,2000,Walt Disney,Adventure,58335959,10822998.0
40,2000,tt0120910,Fantasia 2000,2000,Walt Disney,Musical,58216703,10800873.0
41,2000,tt0190138,The Whole Nine Yards,2000,Warner Bros.,Comedy,57262492,10623839.0
42,2000,tt0195945,Next Friday,2000,New Line,Comedy,57176582,10607900.0
43,2000,tt0184894,Shanghai Noon,2000,Walt Disney,Western,56932305,10562580.0
44,2000,tt0165929,Romeo Must Die,2000,Warner Bros.,Action,55973336,10384663.0
45,2000,tt0263278,Dolphins,2000,MacGillivray Free…,Documentary,54000000,10018552.0
46,2000,tt0124315,The Cider House Rules,1999,Miramax,Drama,53345693,9897160.0
47,2000,tt0195714,Final Destination,2000,New Line,Horror,53302314,9889112.0
48,2000,tt0134119,The Talented Mr. Ripley,1999,Paramount Pictures,Thriller/Suspense,51829135,9615795.0
49,2000,tt0177789,Galaxy Quest,1999,Dreamworks SKG,Comedy,51512726,9557092.0
50,2000,tt0138749,The Road to El Dorado,2000,Dreamworks SKG,Adventure,50802661,9425355.0
51,2000,tt0174856,The Hurricane,1999,Universal,Drama,50158016,9305754.0
52,2000,tt0190865,Vertical Limit,2000,Sony Pictures,Thriller/Suspense,49835304,9245882.0
53,2000,tt0203019,Men of Honor,2000,20th Century Fox,Drama,47512458,8814927.0
54,2000,tt0120917,The Emperor's New Groove,2000,Walt Disney,Adventure,47465336,8806185.0
55,2000,tt0120363,Toy Story 2,1999,Walt Disney,Adventure,45947397,8524563.0
56,2000,tt0220099,The Tigger Movie,2000,Walt Disney,Adventure,45542421,8449429.0
57,2000,tt0186151,Frequency,2000,New Line,Thriller/Suspense,44983704,8345771.0
58,2000,tt0191397,The Replacements,2000,Warner Bros.,Comedy,44737059,8300011.0
59,2000,tt0382918,Pokemon 2000,2000,Warner Bros.,Adventure,43746923,8116312.0
60,2000,tt0212346,Miss Congeniality,2000,Warner Bros.,Comedy,40784573,7566711.0
61,2000,tt0163978,The Beach,2000,20th Century Fox,Drama,39778599,7380074.0
62,2000,tt0134847,Pitch Black,2000,USA Films,Horror,39235088,7279237.0
63,2000,tt0146838,Any Given Sunday,1999,Warner Bros.,Drama,39229832,7278262.0
64,2000,tt0218967,The Family Man,2000,Universal,Comedy,39170330,7267223.0
65,2000,tt0185431,Little Nicky,2000,New Line,Comedy,38848624,7207537.0
66,2000,tt0236388,The Original Kings of Comedy,2000,Paramount Pictures,Concert/Perfor…,38168022,7081266.0
67,2000,tt0174480,Autumn in New York,2000,MGM,Drama,37752931,7004254.0
68,2000,tt0230030,Bedazzled,2000,20th Century Fox,Comedy,37519291,6960907.0
69,2000,tt0070047,The Exorcist,1973,Warner Bros.,Horror,37121807,6887163.0
70,2000,tt0171433,Keeping the Faith,2000,Walt Disney,Romantic Comedy,37036404,6871318.0
71,2000,tt0191754,28 Days,2000,Sony Pictures,Comedy,37035515,6871153.0
72,2000,tt0186894,Bounce,2000,Miramax,Drama,36675505,6804361.0
73,2000,tt0162983,Hanging Up,2000,Sony Pictures,Comedy,36037909,6686068.0
74,2000,tt0158622,The Flintstones in Viva Rock Vegas,2000,Universal,Comedy,35231365,6536431.0
75,2000,tt0192614,The Skulls,2000,Universal,Thriller/Suspense,35007180,6494839.0
76,2000,tt0216216,The 6th Day,2000,Sony Pictures,Action,34317634,6366908.0
77,2000,tt0242423,"Dude, Where’s My Car?",2000,20th Century Fox,Comedy,34135927,6333196.0
78,2000,tt0156812,My Dog Skip,2000,Warner Bros.,Drama,34099640,6326464.0
79,2000,tt0198021,Where the Heart Is,2000,20th Century Fox,Drama,33771174,6265524.0
80,2000,tt0223897,Pay it Forward,2000,Warner Bros.,Drama,32966043,6116149.0
81,2000,tt0122459,Return to Me,2000,MGM,Romantic Comedy,32662299,6059796.0
82,2000,tt0181875,Almost Famous,2000,Dreamworks SKG,Comedy,31939009,5925605.0
83,2000,tt0146984,The Legend of Bagger Vance,2000,Dreamworks SKG,Drama,30695227,5694847.0
84,2000,tt0160009,The Art of War,2000,Warner Bros.,Thriller/Suspense,30199105,5602802.0
85,2000,tt0163983,Bless the Child,2000,Paramount Pictures,Horror,29374178,5449755.0
86,2000,tt0228750,Proof of Life,2000,Warner Bros.,Action,29053477,5390255.0
87,2000,tt0204626,The Watcher,2000,Universal,Thriller/Suspense,28946615,5370429.0
88,2000,tt0172493,"Girl, Interrupted",1999,Sony Pictures,Drama,28436380,5275766.0
89,2000,tt0199725,Love and Basketball,2000,New Line,Drama,27441122,5091117.0
90,2000,tt0146882,High Fidelity,2000,Walt Disney,Comedy,27277055,5060678.0
91,2000,tt0229260,Book of Shadows: Blair Witch 2,2000,Artisan,Horror,26421314,4901914.0
92,2000,tt0131704,The Adventures of Rocky & Bullwinkle,2000,Universal,Adventure,26000610,4823861.0
93,2000,tt0171580,Nurse Betty,2000,USA Films,Black Comedy,25170054,4669769.0
94,2000,tt0182789,Bicentennial Man,1999,Walt Disney,Drama,24842776,4609049.0
95,2000,tt0184858,Reindeer Games,2000,Miramax,Action,23360779,4334096.0
96,2000,tt0120913,Titan A.E.,2000,20th Century Fox,Adventure,22751979,4221146.0
97,2000,tt0175880,Magnolia,1999,New Line,Drama,21686030,4023382.0
98,2000,tt0185183,Battlefield Earth: A Saga of the Year 3000,2000,Warner Bros.,Action,21471685,3983615.0
99,2000,tt0192731,Urban Legends: Final Cut,2000,Sony Pictures,Horror,21468807,3983081.0
100,2000,tt0204175,Boys and Girls,2000,Miramax,Romantic Comedy,20773721,3854123.0
1,2001,tt0241527,Harry Potter and the Sorcerer’s Stone,2001,Warner Bros.,Adventure,288493000,50970495.0
2,2001,tt0126029,Shrek,2001,Dreamworks SKG,Adventure,267655011,47288871.0
3,2001,tt0198781,"Monsters, Inc.",2001,Walt Disney,Adventure,237775000,42009717.0
4,2001,tt0266915,Rush Hour 2,2001,New Line,Action,226164286,39958354.0
5,2001,tt0209163,The Mummy Returns,2001,Universal,Adventure,202007640,35690396.0
6,2001,tt0213149,Pearl Harbor,2001,Walt Disney,Action,198539855,35077713.0
7,2001,tt25211432,Jurassic Park 3,2001,Universal,Action,181166115,32008148.0
8,2001,tt0133152,Planet of the Apes,2001,20th Century Fox,Adventure,179774963,31762361.0
9,2001,tt0212985,Hannibal,2001,MGM,Horror,165091986,29168195.0
10,2001,tt0120737,The Lord of the Rings: The Fellowship of the Ring,2001,New Line,Adventure,163871215,28952511.0
11,2001,tt0252866,American Pie 2,2001,Universal,Comedy,145096820,25635481.0
12,2001,tt0232500,The Fast and the Furious,2001,Universal,Action,144512310,25532210.0
13,2001,tt0162222,Cast Away,2000,20th Century Fox,Adventure,133003548,23498860.0
14,2001,tt0240772,Ocean's Eleven,2001,Warner Bros.,Thriller/Suspense,132262000,23367845.0
15,2001,tt0146316,Lara Croft: Tomb Raider,2001,Paramount Pictures,Adventure,131144183,23170350.0
16,2001,tt0181865,Traffic,2000,USA Films,Drama,123735812,21861451.0
17,2001,tt0190332,"Crouching Tiger, Hidden Dragon",2000,Sony Pictures Cla…,Action,114617017,20250356.0
18,2001,tt0240462,Dr Dolittle 2,2001,20th Century Fox,Comedy,112950721,19955958.0
19,2001,tt0227538,Spy Kids,2001,Miramax/Dimension,Adventure,112692062,19910258.0
20,2001,tt0247638,The Princess Diaries,2001,Walt Disney,Comedy,108184054,19113790.0
21,2001,tt0230600,The Others,2001,Miramax,Horror,96522687,17053478.0
22,2001,tt0250494,Legally Blonde,2001,MGM,Comedy,96493426,17048308.0
23,2001,tt0265029,America's Sweethearts,2001,Sony Pictures,Romantic Comedy,93607673,16538458.0
24,2001,tt0239395,Cats & Dogs,2001,Warner Bros.,Comedy,93375151,16497377.0
25,2001,tt0206275,Save the Last Dance,2001,Paramount Pictures,Drama,91038276,16084501.0
26,2001,tt0230011,Atlantis: The Lost Empire,2001,Walt Disney,Adventure,84052762,14850311.0
27,2001,tt0212720,Artificial Intelligence: AI,2001,Warner Bros.,Drama,78616689,13889874.0
28,2001,tt0139654,Training Day,2001,Warner Bros.,Thriller/Suspense,76261036,13473681.0
29,2001,tt0164334,Along Came a Spider,2001,Paramount Pictures,Thriller/Suspense,74058698,13084576.0
30,2001,tt0207201,What Women Want,2000,Paramount Pictures,Romantic Comedy,72617562,12829958.0
31,2001,tt0243155,Bridget Jones's Diary,2001,Miramax,Romantic Comedy,71500556,12632607.0
32,2001,tt0257106,Scary Movie 2,2001,Miramax/Dimension,Comedy,71277420,12593184.0
33,2001,tt0227445,The Score,2001,Paramount Pictures,Thriller/Suspense,71069884,12556517.0
34,2001,tt0244244,Swordfish,2001,Warner Bros.,Action,69772969,12327380.0
35,2001,tt0259711,Vanilla Sky,2001,Paramount Pictures,Thriller/Suspense,68757000,12147880.0
36,2001,tt0256380,Shallow Hal,2001,20th Century Fox,Romantic Comedy,68429897,12090088.0
37,2001,tt0241303,Chocolat,2000,Miramax,Drama,67060776,11848194.0
38,2001,tt0236493,The Mexican,2001,Dreamworks SKG,Action,66808615,11803642.0
39,2001,tt0212346,Miss Congeniality,2000,Warner Bros.,Comedy,66023094,11664858.0
40,2001,tt0231775,Down to Earth,2001,Paramount Pictures,Comedy,64172251,11337854.0
41,2001,tt0266987,Spy Game,2001,Universal,Action,60977785,10773460.0
42,2001,tt0209475,The Wedding Planner,2001,Sony Pictures,Romantic Comedy,60400856,10671529.0
43,2001,tt0203009,Moulin Rouge,2001,20th Century Fox,Musical,57044922,10078608.0
44,2001,tt0250687,Rat Race,2001,Paramount Pictures,Comedy,56607223,10001276.0
45,2001,tt0183790,A Knight’s Tale,2001,Sony Pictures,Adventure,56083966,9908828.0
46,2001,tt0255798,The Animal,2001,Sony Pictures,Comedy,55762229,9851984.0
47,2001,tt0260866,Don’t Say a Word,2001,20th Century Fox,Thriller/Suspense,54924196,9703922.0
48,2001,tt0221027,Blow,2001,New Line,Drama,52990775,9362328.0
49,2001,tt0242445,Exit Wounds,2001,Warner Bros.,Action,51758599,9144629.0
50,2001,tt0215750,Enemy at the Gates,2001,Paramount Pictures,Drama,51396781,9080703.0
51,2001,tt0159273,Behind Enemy Lines,2001,20th Century Fox,Action,51023475,9014748.0
52,2001,tt0272152,K-PAX,2001,Universal,Drama,50315140,8889601.0
53,2001,tt0240890,Serendipity,2001,Miramax,Romantic Comedy,50255310,8879030.0
54,2001,tt0268397,Jimmy Neutron: Boy Genius,2001,Paramount Pictures,Adventure,46849000,8277208.0
55,2001,tt0181536,Finding Forrester,2000,Sony Pictures,Drama,46466892,8209698.0
56,2001,tt0196229,Zoolander,2001,Paramount Pictures,Comedy,45128129,7973168.0
57,2001,tt0249478,Domestic Disturbance,2001,Paramount Pictures,Thriller/Suspense,44746318,7905710.0
58,2001,tt0267804,The One,2001,Sony Pictures,Action,43905746,7757199.0
59,2001,tt0190590,"O Brother, Where Art Thou?",2000,Walt Disney,Comedy,43569988,7697878.0
60,2001,tt0245674,Thir13en Ghosts,2001,Warner Bros.,Horror,41867960,7397166.0
61,2001,tt0120917,The Emperor's New Groove,2000,Walt Disney,Adventure,41831237,7390678.0
62,2001,tt0219965,Bandits,2001,MGM,Comedy,41402323,7314898.0
63,2001,tt0125022,Heartbreakers,2001,MGM,Comedy,40334024,7126153.0
64,2001,tt0180734,Hardball,2001,Paramount Pictures,Drama,40087867,7082662.0
65,2001,tt0251075,Evolution,2001,Dreamworks SKG,Comedy,38311134,6768752.0
66,2001,tt0263488,Jeepers Creepers,2001,MGM,Horror,37904175,6696851.0
67,2001,tt0271027,Kiss of the Dragon,2001,20th Century Fox,Action,36833473,6507681.0
68,2001,tt0265632,Recess: School's Out,2001,Walt Disney,Adventure,36696761,6483527.0
69,2001,tt0248667,Ali,2001,Sony Pictures,Drama,36625000,6470848.0
70,2001,tt0218967,The Family Man,2000,Universal,Comedy,36593755,6465328.0
71,2001,tt0146309,Thirteen Days,2000,New Line,Drama,34229974,6047699.0
72,2001,tt0250720,See Spot Run,2001,Warner Bros.,Comedy,33357476,5893547.0
73,2001,tt0132245,Driven,2001,Warner Bros.,Action,32616869,5762698.0
74,2001,tt0161083,What's the Worst That Could Happen?,2001,MGM,Comedy,32267774,5701020.0
75,2001,tt0173840,Final Fantasy: The Spirits Within,2001,Sony Pictures,Adventure,32131830,5677002.0
76,2001,tt0277371,Not Another Teen Movie,2001,Sony Pictures,Comedy,32017512,5656804.0
77,2001,tt0265087,Black Knight,2001,20th Century Fox,Adventure,31588772,5581055.0
78,2001,tt0120681,From Hell,2001,20th Century Fox,Thriller/Suspense,31507144,5566633.0
79,2001,tt0261392,Jay and Silent Bob Strike Back,2001,Miramax/Dimension,Comedy,30059386,5310846.0
80,2001,tt0208092,Snatch,2000,Sony Pictures,Black Comedy,30033056,5306194.0
81,2001,tt0238948,Double Take,2001,Walt Disney,Action,29823162,5269110.0
82,2001,tt0200027,Riding in Cars with Boys,2001,Sony Pictures,Drama,29781453,5261741.0
83,2001,tt0255819,Baby Boy,2001,Sony Pictures,Drama,28734552,5076776.0
84,2001,tt0250274,The Brothers,2001,Sony Pictures,Comedy,27457409,4851132.0
85,2001,tt0244970,Someone Like You,2001,20th Century Fox,Romantic Comedy,27338033,4830041.0
86,2001,tt0245686,Joe Dirt,2001,Sony Pictures,Comedy,27087695,4785812.0
87,2001,tt0246544,The Musketeer,2001,Universal,Adventure,27053815,4779826.0
88,2001,tt0231402,Crocodile Dundee in Los Angeles,2001,Paramount Pictures,Comedy,25590119,4521222.0
89,2001,tt0209144,Memento,2001,Newmarket Films,Thriller/Suspense,25530884,4510757.0
90,2001,tt0238112,Captain Corelli's Mandolin,2001,Miramax,Drama,25528495,4510335.0
91,2001,tt0230838,Sweet November,2001,Warner Bros.,Drama,25178165,4448439.0
92,2001,tt0179626,15 Minutes,2001,New Line,Thriller/Suspense,24375436,4306614.0
93,2001,tt0252501,Hearts in Atlantis,2001,Warner Bros.,Drama,24185781,4273106.0
94,2001,tt0225071,Angel Eyes,2001,Warner Bros.,Drama,24044532,4248151.0
95,2001,tt0250310,Corky Romano,2001,Walt Disney,Comedy,23658960,4180028.0
96,2001,tt0252503,Heist,2001,New Line,Action,23483357,4149003.0
97,2001,tt0246002,Kingdom Come,2001,Fox Searchlight,Comedy,23247539,4107339.0
98,2001,tt0269341,Two Can Play That Game,2001,Sony Pictures,Romantic Comedy,22235901,3928604.0
99,2001,tt0206314,Joy Ride,2001,20th Century Fox,Thriller/Suspense,21966161,3880947.0
100,2001,tt0242998,Valentine,2001,Warner Bros.,Horror,20384136,3601437.0
1,2002,tt0145487,Spider-Man,2002,Sony Pictures,Adventure,403706375,69484746.0
2,2002,tt0121765,Star Wars Ep. II: Attack of the Clones,2002,20th Century Fox,Adventure,302181125,52010521.0
3,2002,tt0295297,Harry Potter and the Chamber of Secrets,2002,Warner Bros.,Adventure,243855000,41971601.0
4,2002,tt0286106,Signs,2002,Walt Disney,Thriller/Suspense,227538771,39163300.0
5,2002,tt0259446,My Big Fat Greek Wedding,2002,IFC Films,Romantic Comedy,222517469,38299048.0
6,2002,tt0167261,The Lord of the Rings: The Two Towers,2002,New Line,Adventure,218595905,37624080.0
7,2002,tt0295178,Austin Powers in Goldmember,2002,New Line,Comedy,213117789,36681203.0
8,2002,tt0120912,Men in Black 2,2002,Sony Pictures,Action,190418803,32774321.0
9,2002,tt0268380,Ice Age,2002,20th Century Fox,Adventure,176387405,30359278.0
10,2002,tt0268978,A Beautiful Mind,2001,Universal,Drama,154759996,26636832.0
11,2002,tt0267913,Scooby-Doo,2002,Warner Bros.,Adventure,153294164,26384538.0
12,2002,tt0120737,The Lord of the Rings: The Fellowship of the Ring,2001,New Line,Adventure,149492899,25730275.0
13,2002,tt0246460,Die Another Day,2002,MGM,Action,148710000,25595525.0
14,2002,tt0275847,Lilo & Stitch,2002,Walt Disney,Adventure,145771527,25089764.0
15,2002,tt0295701,xXx,2002,Sony Pictures,Action,141405944,24338372.0
16,2002,tt0304669,The Santa Clause 2,2002,Walt Disney,Adventure,135459771,23314935.0
17,2002,tt0181689,Minority Report,2002,20th Century Fox,Action,132024714,22723703.0
18,2002,tt0298130,The Ring,2002,Dreamworks SKG,Horror,126761025,21817732.0
19,2002,tt0280590,Mr. Deeds,2002,Sony Pictures,Comedy,126203320,21721742.0
20,2002,tt0256415,Sweet Home Alabama,2002,Walt Disney,Romantic Comedy,125415296,21586109.0
21,2002,tt0258463,The Bourne Identity,2002,Universal,Thriller/Suspense,121468960,20906878.0
22,2002,tt0164184,The Sum of All Fears,2002,Paramount Pictures,Action,118471320,20390933.0
23,2002,tt0298203,8 Mile,2002,Universal,Drama,114707095,19743046.0
24,2002,tt0265086,Black Hawk Down,2001,Sony Pictures,Action,108364398,18651359.0
25,2002,tt0257044,The Road to Perdition,2002,Dreamworks SKG,Drama,104054514,17909555.0
26,2002,tt0258000,Panic Room,2002,Sony Pictures,Thriller/Suspense,95308367,16404194.0
27,2002,tt0289765,Red Dragon,2002,Universal,Thriller/Suspense,92955420,15999212.0
28,2002,tt0277296,The Scorpion King,2002,Universal,Action,90580000,15590361.0
29,2002,tt29072616,Spy Kids 2: The Island of Lost Dreams,2002,Miramax/Dimension,Adventure,85570368,14728118.0
30,2002,tt25281288,Blade 2,2002,New Line,Action,81676888,14057984.0
31,2002,tt0281373,Snow Dogs,2002,Walt Disney,Adventure,81150692,13967417.0
32,2002,tt0277434,We Were Soldiers,2002,Paramount Pictures,Drama,78120196,13445817.0
33,2002,tt0083866,ET: The Extra-Terrestrial,1982,Universal,Adventure,75752422,13038283.0
34,2002,tt0265662,The Rookie,2002,Walt Disney,Drama,75600072,13012061.0
35,2002,tt0303714,Barbershop,2002,MGM,Comedy,75228991,12948191.0
36,2002,tt0166813,Spirit: Stallion of the Cimarron,2002,Dreamworks SKG,Adventure,73215310,12601602.0
37,2002,tt0251160,John Q,2002,New Line,Thriller/Suspense,71026631,12224893.0
38,2002,tt0279778,The Divine Secrets of the Ya-Ya Sisterhood,2002,Warner Bros.,Comedy,69586544,11977030.0
39,2002,tt0278504,Insomnia,2002,Warner Bros.,Thriller/Suspense,67263182,11577140.0
40,2002,tt0264472,Changing Lanes,2002,Paramount Pictures,Thriller/Suspense,66790248,11495740.0
41,2002,tt0243585,Stuart Little 2,2002,Sony Pictures,Adventure,64736114,11142188.0
42,2002,tt0322802,Jackass: The Movie,2002,Paramount Pictures,Reality,64081188,11029464.0
43,2002,tt0264464,Catch Me if You Can,2002,Dreamworks SKG,Drama,62423000,10744062.0
44,2002,tt0252076,Maid in Manhattan,2002,Sony Pictures,Romantic Comedy,62079000,10684854.0
45,2002,tt0268695,The Time Machine,2002,Dreamworks SKG,Adventure,56684819,9756423.0
46,2002,tt0245844,The Count of Monte Cristo,2002,Walt Disney,Adventure,54228104,9333581.0
47,2002,tt0250797,Unfaithful,2002,20th Century Fox,Thriller/Suspense,52752475,9079600.0
48,2002,tt0308506,Like Mike,2002,20th Century Fox,Comedy,51432423,8852396.0
49,2002,tt0240772,Ocean's Eleven,2001,Warner Bros.,Thriller/Suspense,51155150,8804673.0
50,2002,tt0290095,The Tuxedo,2002,Dreamworks SKG,Action,50189179,8638413.0
51,2002,tt0313737,Two Weeks Notice,2002,Warner Bros.,Romantic Comedy,50173000,8635628.0
52,2002,tt0280030,Peter Pan: Return to Neverland,2002,Walt Disney,Adventure,48423368,8334487.0
53,2002,tt0265298,Big Fat Liar,2002,Universal,Adventure,47811275,8229135.0
54,2002,tt0253556,Reign of Fire,2002,Walt Disney,Action,43061982,7411701.0
55,2002,tt0265666,The Royal Tenenbaums,2001,Walt Disney,Black Comedy,41563435,7153775.0
56,2002,tt0257756,High Crimes,2002,20th Century Fox,Thriller/Suspense,41543207,7150294.0
57,2002,tt0281358,A Walk to Remember,2002,Warner Bros.,Drama,41227069,7095881.0
58,2002,tt0273923,Orange County,2002,Paramount Pictures,Comedy,41059716,7067077.0
59,2002,tt0245562,Windtalkers,2002,MGM,Action,40914068,7042008.0
60,2002,tt0276751,About a Boy,2002,Universal,Romantic Comedy,40803000,7022892.0
61,2002,tt0280707,Gosford Park,2001,USA Films,Comedy,40775720,7018196.0
62,2002,tt0295427,The Master of Disguise,2002,Sony Pictures,Comedy,40363530,6947251.0
63,2002,tt0277027,I Am Sam,2001,New Line,Drama,40203477,6919703.0
64,2002,tt0300532,Blue Crush,2002,Universal,Drama,40118420,6905064.0
65,2002,tt0233469,Collateral Damage,2002,Warner Bros.,Action,40048332,6893000.0
66,2002,tt0120804,Resident Evil,2002,Sony Pictures,Horror,39532308,6804184.0
67,2002,tt0278435,Enough,2002,Sony Pictures,Thriller/Suspense,39177215,6743066.0
68,2002,tt0303933,Drumline,2002,20th Century Fox,Comedy,39114000,6732186.0
69,2002,tt0279493,Undercover Brother,2002,Universal,Comedy,38230435,6580109.0
70,2002,tt0284490,Showtime,2002,Warner Bros.,Comedy,37948765,6531629.0
71,2002,tt0243736,40 Days and 40 Nights,2002,Miramax,Romantic Comedy,37939782,6530083.0
72,2002,tt0275022,Crossroads,2002,Paramount Pictures,Drama,37188667,6400803.0
73,2002,tt0157472,Clockstoppers,2002,Paramount Pictures,Adventure,36985501,6365835.0
74,2002,tt0253754,Star Trek: Nemesis,2002,Paramount Pictures,Adventure,35477000,6106196.0
75,2002,tt0265349,The Mothman Prophecies,2002,Sony Pictures,Horror,35228696,6063459.0
76,2002,tt0267626,K-19: The Widowmaker,2002,Paramount Pictures,Action,35168966,6053178.0
77,2002,tt0217505,Gangs of New York,2002,Miramax,Drama,34140000,5876076.0
78,2002,tt0268397,Jimmy Neutron: Boy Genius,2001,Paramount Pictures,Adventure,34087232,5866993.0
79,2002,tt0247425,In the Bedroom,2001,Miramax,Drama,33549209,5774391.0
80,2002,tt0297181,I Spy,2002,Sony Pictures,Action,33105600,5698038.0
81,2002,tt0133240,Treasure Planet,2002,Walt Disney,Adventure,32849870,5654022.0
82,2002,tt0293815,Friday After Next,2002,New Line,Comedy,32220690,5545730.0
83,2002,tt0264935,Murder by Numbers,2002,Warner Bros.,Thriller/Suspense,31874869,5486208.0
84,2002,tt0259711,Vanilla Sky,2001,Paramount Pictures,Thriller/Suspense,31857858,5483280.0
85,2002,tt0265459,One Hour Photo,2002,Fox Searchlight,Thriller/Suspense,31585655,5436429.0
86,2002,tt0285742,Monster's Ball,2001,Lionsgate,Drama,31056370,5345330.0
87,2002,tt0238546,Queen of the Damned,2002,Warner Bros.,Horror,30307804,5216490.0
88,2002,tt0280460,The Banger Sisters,2002,20th Century Fox,Comedy,30306281,5216227.0
89,2002,tt0220506,Halloween: Resurrection,2002,Miramax/Dimension,Horror,30259652,5208202.0
90,2002,tt0280486,Bad Company,2002,Walt Disney,Action,30157016,5190536.0
91,2002,tt0259288,Dragonfly,2002,Universal,Thriller/Suspense,30063805,5174493.0
92,2002,tt0290296,Space Station,2002,IMAX Films,Documentary,29820971,5132697.0
93,2002,tt0288477,Ghost Ship,2002,Warner Bros.,Horror,29615761,5097377.0
94,2002,tt0241527,Harry Potter and the Sorcerer’s Stone,2001,Warner Bros.,Adventure,29082550,5005602.0
95,2002,tt0241760,The New Guy,2002,Sony Pictures,Comedy,28972187,4986607.0
96,2002,tt0283026,Swimfan,2002,20th Century Fox,Thriller/Suspense,28564995,4916522.0
97,2002,tt0305396,The Crocodile Hunter: Collision Course,2002,MGM,Adventure,28436931,4894480.0
98,2002,tt0289848,Analyze That,2002,Warner Bros.,Comedy,27862354,4795586.0
99,2002,tt0035423,Kate and Leopold,2001,Miramax,Romantic Comedy,27312453,4700939.0
100,2002,tt0297037,Brown Sugar,2002,20th Century Fox,Romantic Comedy,27266244,4692985.0
1,2003,tt0266543,Finding Nemo,2003,Walt Disney,Adventure,339714367,56337374.0
2,2003,tt0325980,Pirates of the Caribbean: The Curse of the Black Pearl,2003,Walt Disney,Adventure,305403035,50647269.0
3,2003,tt0234215,The Matrix Reloaded,2003,Warner Bros.,Action,281553689,46692154.0
4,2003,tt0167260,The Lord of the Rings: The Return of the King,2003,New Line,Adventure,249445927,41367484.0
5,2003,tt0315327,Bruce Almighty,2003,Universal,Comedy,242704995,40249585.0
6,2003,tt0290334,X2: X-Men United,2003,20th Century Fox,Action,214949694,35646715.0
7,2003,tt0299658,Chicago,2002,Miramax,Musical,168612589,27962287.0
8,2003,tt0319343,Elf,2003,New Line,Comedy,167600000,27794362.0
9,2003,tt0181852,Terminator 3: Rise of the Machines,2003,Warner Bros.,Action,150358296,24935041.0
10,2003,tt0172156,Bad Boys II,2003,Sony Pictures,Action,138540870,22975269.0
11,2003,tt0242653,The Matrix Revolutions,2003,Warner Bros.,Action,138108286,22903530.0
12,2003,tt0305224,Anger Management,2003,Sony Pictures,Comedy,135560942,22481085.0
13,2003,tt0305669,Bringing Down the House,2003,Walt Disney,Comedy,132675402,22002554.0
14,2003,tt0286716,Hulk,2003,Universal,Action,132177234,21919939.0
15,2003,tt0322259,2 Fast 2 Furious,2003,Universal,Action,127120058,21081270.0
16,2003,tt0167261,The Lord of the Rings: The Two Towers,2003,New Line,Adventure,121919240,20218779.0
17,2003,tt0329575,Seabiscuit,2003,Universal,Drama,120197488,19933248.0
18,2003,tt0257076,S.W.A.T.,2003,Sony Pictures,Action,116877597,19382686.0
19,2003,tt0338459,Spy Kids 3-D: Game Over,2003,Miramax/Dimension,Adventure,111646351,18515149.0
20,2003,tt0322330,Freaky Friday,2003,Walt Disney,Comedy,110122747,18262479.0
21,2003,tt0306047,Scary Movie 3,2003,Miramax/Dimension,Comedy,109405399,18143516.0
22,2003,tt0317740,The Italian Job,2003,Paramount Pictures,Adventure,106126012,17599670.0
23,2003,tt0251127,How to Lose a Guy in 10 Days,2003,Paramount Pictures,Romantic Comedy,105807520,17546852.0
24,2003,tt0328828,American Wedding,2003,Universal,Comedy,104354205,17305838.0
25,2003,tt0317303,Daddy Day Care,2003,Sony Pictures,Comedy,104148781,17271771.0
26,2003,tt0287978,Daredevil,2003,20th Century Fox,Action,102543518,17005559.0
27,2003,tt0264464,Catch Me if You Can,2002,Dreamworks SKG,Drama,102183800,16945904.0
28,2003,tt0305357,Charlie’s Angels: Full Throttle,2003,Sony Pictures,Action,100814328,16718794.0
29,2003,tt2235370,Dr. Seuss’ The Cat in the Hat,2003,Universal,Comedy,98395200,16317612.0
30,2003,tt0333780,"Legally Blonde 2: Red, White & Blonde",2003,MGM,Comedy,90168825,14953371.0
31,2003,tt0328880,Brother Bear,2003,Walt Disney,Adventure,82768239,13726076.0
32,2003,tt0329101,Freddy vs. Jason,2003,New Line,Horror,82490748,13680058.0
33,2003,tt0311113,Master and Commander: The Far Side of the World,2003,20th Century Fox,Adventure,81888264,13580143.0
34,2003,tt0324216,The Texas Chainsaw Massacre,2003,New Line,Horror,80243207,13307331.0
35,2003,tt0332379,School of Rock,2003,Paramount Pictures,Comedy,79967424,13261596.0
36,2003,tt0325710,The Last Samurai,2003,Warner Bros.,Action,79700000,13217247.0
37,2003,tt0302886,Old School,2003,Dreamworks SKG,Comedy,75155000,12463516.0
38,2003,tt0266697,Kill Bill: Volume 1,2003,Miramax,Action,69614896,11544759.0
39,2003,tt0338094,The Haunted Mansion,2003,Walt Disney,Adventure,67916500,11263101.0
40,2003,tt0311289,Holes,2003,Walt Disney,Adventure,67383924,11174780.0
41,2003,tt0257568,Kangaroo Jack,2003,Warner Bros.,Comedy,66723216,11065210.0
42,2003,tt0311429,The League of Extraordinary Gentlemen,2003,20th Century Fox,Adventure,66465204,11022422.0
43,2003,tt0325703,Lara Croft: Tomb Raider: The Cradle of Life,2003,Paramount Pictures,Adventure,65653758,10887854.0
44,2003,tt0337741,Something's Gotta Give,2003,Sony Pictures,Romantic Comedy,65300000,10829187.0
45,2003,tt0257360,About Schmidt,2002,New Line,Drama,62432406,10353633.0
46,2003,tt0300471,Shanghai Knights,2003,Walt Disney,Western,60470220,10028229.0
47,2003,tt0316356,Open Range,2003,Walt Disney,Western,58331254,9673508.0
48,2003,tt0348836,Gothika,2003,Warner Bros.,Horror,57848673,9593478.0
49,2003,tt0314331,Love Actually,2003,Universal,Romantic Comedy,56697160,9402514.0
50,2003,tt0285823,Once Upon a Time in Mexico,2003,Sony Pictures,Action,56330657,9341734.0
51,2003,tt0305711,Just Married,2003,20th Century Fox,Romantic Comedy,56127162,9307987.0
52,2003,tt0349205,Cheaper by the Dozen,2003,20th Century Fox,Comedy,55800000,9253731.0
53,2003,tt0327056,Mystic River,2003,Warner Bros.,Drama,53890707,8937099.0
54,2003,tt0292506,The Recruit,2003,Walt Disney,Thriller/Suspense,52784696,8753681.0
55,2003,tt0309698,Identity,2003,Sony Pictures,Thriller/Suspense,52131264,8645317.0
56,2003,tt0320691,Underworld,2003,Sony Pictures,Action,51812674,8592483.0
57,2003,tt0316465,Radio,2003,Sony Pictures,Drama,51613430,8559441.0
58,2003,tt0307987,Bad Santa,2003,Miramax/Dimension,Black Comedy,50947195,8448954.0
59,2003,tt0313542,Runaway Jury,2003,20th Century Fox,Thriller/Suspense,48953591,8118340.0
60,2003,tt0283426,The Jungle Book 2,2003,Walt Disney,Adventure,47901582,7943878.0
61,2003,tt0327850,The Rundown,2003,Universal,Action,47641743,7900787.0
62,2003,tt0313911,Agent Cody Banks,2003,MGM,Adventure,47545060,7884753.0
63,2003,tt0309593,Final Destination 2,2003,New Line,Horror,46896664,7777225.0
64,2003,tt0183649,Phone Booth,2003,20th Century Fox,Thriller/Suspense,46566212,7722423.0
65,2003,tt28105787,28 Days Later…,2003,Fox Searchlight,Horror,45064915,7473452.0
66,2003,tt0314353,Tears of the Sun,2003,Sony Pictures,Action,43632458,7235897.0
67,2003,tt0217505,Gangs of New York,2002,Miramax,Drama,43590500,7228939.0
68,2003,tt0328589,Under the Tuscan Sun,2003,Walt Disney,Comedy,43211381,7166067.0
69,2003,tt0313737,Two Weeks Notice,2002,Warner Bros.,Romantic Comedy,43181918,7161180.0
70,2003,tt0306841,The Lizzie McGuire Movie,2003,Walt Disney,Adventure,42672630,7076721.0
71,2003,tt0327137,Secondhand Lions,2003,New Line,Drama,42023715,6969107.0
72,2003,tt0274558,The Hours,2002,Paramount Pictures,Drama,41259208,6842323.0
73,2003,tt0313443,Out of Time,2003,MGM,Thriller/Suspense,41025603,6803583.0
74,2003,tt0337711,Rugrats Go Wild,2003,Paramount Pictures,Adventure,39402572,6534423.0
75,2003,tt0304415,Mona Lisa Smile,2003,Sony Pictures,Drama,38600000,6401327.0
76,2003,tt0325537,Head of State,2003,Dreamworks SKG,Comedy,37788228,6266704.0
77,2003,tt0326900,Good Boy!,2003,MGM,Adventure,37639635,6242062.0
78,2003,tt0263757,Uptown Girls,2003,MGM,Comedy,37095657,6151850.0
79,2003,tt0325805,Matchstick Men,2003,Warner Bros.,Comedy,36873198,6114958.0
80,2003,tt0271668,National Security,2003,Sony Pictures,Action,36288951,6018068.0
81,2003,tt0286788,What a Girl Wants,2003,Warner Bros.,Comedy,35990505,5968575.0
82,2003,tt0388146,Jeepers Creepers II,2003,MGM,Horror,35623801,5907761.0
83,2003,tt0138524,Intolerable Cruelty,2003,Universal,Romantic Comedy,35273738,5849708.0
84,2003,tt0306685,Cradle 2 the Grave,2003,Warner Bros.,Action,34657731,5747551.0
85,2003,tt0328099,Malibu's Most Wanted,2003,Warner Bros.,Comedy,34308901,5689702.0
86,2003,tt0269347,The Hunted,2003,Paramount Pictures,Action,34234008,5677282.0
87,2003,tt0285531,Dreamcatcher,2003,Warner Bros.,Horror,33685268,5586280.0
88,2003,tt0401784,Bend it Like Beckham,2003,Fox Searchlight,Comedy,32543449,5396924.0
89,2003,tt0282209,Darkness Falls,2003,Sony Pictures,Horror,32539681,5396299.0
90,2003,tt0253474,The Pianist,2002,Focus Features,Drama,32376125,5369175.0
91,2003,tt0252076,Maid in Manhattan,2002,Sony Pictures,Romantic Comedy,31853896,5282570.0
92,2003,tt0298814,The Core,2003,Paramount Pictures,Action,31111260,5159413.0
93,2003,tt0335266,Lost in Translation,2003,Focus Features,Drama,31087018,5155393.0
94,2003,tt0191133,The Fighting Temptations,2003,Paramount Pictures,Comedy,30238577,5014689.0
95,2003,tt0329717,Hollywood Homicide,2003,Sony Pictures,Action,30207785,5009583.0
96,2003,tt0159365,Cold Mountain,2003,Miramax,Drama,28200000,4676617.0
97,2003,tt0274166,Johnny English,2003,Universal,Action,28013509,4645690.0
98,2003,tt0322589,Honey,2003,Universal,Drama,27744345,4601052.0
99,2003,tt0338466,Stuck On You,2003,20th Century Fox,Comedy,26800000,4444444.0
100,2003,tt0264395,Basic,2003,Sony Pictures,Thriller/Suspense,26599248,4411152.0
1,2004,tt0298148,Shrek 2,2004,Dreamworks SKG,Adventure,436471036,70285191.0
2,2004,tt0316654,Spider-Man 2,2004,Sony Pictures,Adventure,373524485,60148870.0
3,2004,tt0335345,The Passion of the Christ,2004,Newmarket Films,Drama,370274604,59625540.0
4,2004,tt0304141,Harry Potter and the Prisoner of Azkaban,2004,Warner Bros.,Adventure,249538952,40183406.0
5,2004,tt0317705,The Incredibles,2004,Walt Disney,Adventure,248900000,40080515.0
6,2004,tt0319262,The Day After Tomorrow,2004,20th Century Fox,Adventure,186740799,30070982.0
7,2004,tt0372183,The Bourne Supremacy,2004,Universal,Thriller/Suspense,176087450,28355467.0
8,2004,tt0307453,Shark Tale,2004,Dreamworks SKG,Adventure,160762022,25887604.0
9,2004,tt0338348,The Polar Express,2004,Warner Bros.,Adventure,151623383,24416004.0
10,2004,tt0368891,National Treasure,2004,Walt Disney,Adventure,150300000,24202899.0
11,2004,tt0343818,"I, Robot",2004,20th Century Fox,Action,144801023,23317395.0
12,2004,tt0332452,Troy,2004,Warner Bros.,Action,133298577,21465149.0
13,2004,tt0290002,Meet the Fockers,2004,Universal,Comedy,133000000,21417069.0
14,2004,tt0167260,The Lord of the Rings: The Return of the King,2003,New Line,Adventure,127613073,20549609.0
15,2004,tt0343660,50 First Dates,2004,Sony Pictures,Romantic Comedy,120776832,19448765.0
16,2004,tt0338526,Van Helsing,2004,Universal,Action,120150546,19347914.0
17,2004,tt0361596,Fahrenheit 9/11,2004,Lionsgate,Documentary,119114517,19181082.0
18,2004,tt0364725,Dodgeball: A True Underdog Story,2004,20th Century Fox,Comedy,114326736,18410102.0
19,2004,tt0368447,The Village,2004,Walt Disney,Thriller/Suspense,114197520,18389295.0
20,2004,tt0391198,The Grudge,2004,Sony Pictures,Horror,110175871,17741686.0
21,2004,tt0349903,Ocean's Twelve,2004,Warner Bros.,Adventure,100700000,16215781.0
22,2004,tt0369339,Collateral,2004,Dreamworks SKG,Action,100170152,16130459.0
23,2004,tt0368933,The Princess Diaries 2: Royal Engagement,2004,Walt Disney,Romantic Comedy,95149435,15321970.0
24,2004,tt0335438,Starsky & Hutch,2004,Warner Bros.,Comedy,88200225,14202935.0
25,2004,tt0343135,Along Came Polly,2004,Universal,Romantic Comedy,88073507,14182529.0
26,2004,tt0377092,Mean Girls,2004,Paramount Pictures,Comedy,86047227,13856236.0
27,2004,tt0339291,Lemony Snicket’s A Series of Unfortunate Events,2004,Paramount Pictures,Adventure,84800000,13655395.0
28,2004,tt0331632,Scooby-Doo 2: Monsters Unleashed,2004,Warner Bros.,Adventure,84185387,13556423.0
29,2004,tt0357413,Anchorman: The Legend of Ron Burgundy,2004,Dreamworks SKG,Comedy,84136909,13548617.0
30,2004,tt0349205,Cheaper by the Dozen,2003,20th Century Fox,Comedy,82814544,13335675.0
31,2004,tt0345950,SpongeBob SquarePants,2004,Paramount Pictures,Adventure,81900075,13188417.0
32,2004,tt0332280,The Notebook,2004,New Line,Drama,81001787,13043766.0
33,2004,tt0472993,AVP: Alien Vs. Predator,2004,20th Century Fox,Action,80281096,12927713.0
34,2004,tt0328107,Man on Fire,2004,20th Century Fox,Thriller/Suspense,77906816,12545381.0
35,2004,tt0362227,The Terminal,2004,Dreamworks SKG,Drama,77073959,12411266.0
36,2004,tt0356634,Garfield The Movie,2004,20th Century Fox,Adventure,75367693,12136505.0
37,2004,tt0349710,Ladder 49,2004,Walt Disney,Thriller/Suspense,73870841,11895465.0
38,2004,tt0388419,Christmas with the Kranks,2004,Sony Pictures,Comedy,73077009,11767634.0
39,2004,tt0350258,Ray,2004,Universal,Drama,71611065,11531572.0
40,2004,tt0381707,White Chicks,2004,Sony Pictures,Comedy,69148997,11135104.0
41,2004,tt0159365,Cold Mountain,2003,Miramax,Drama,67432614,10858714.0
42,2004,tt0317648,Hidalgo,2004,Walt Disney,Western,67286731,10835222.0
43,2004,tt0356618,The Forgotton,2004,Sony Pictures,Thriller/Suspense,66711892,10742656.0
44,2004,tt0422704,Kill Bill: Volume 2,2004,Miramax,Action,66207920,10661501.0
45,2004,tt0368008,The Manchurian Candidate,2004,Paramount Pictures,Thriller/Suspense,65948711,10619760.0
46,2004,tt0337579,Barbershop 2: Back in Business,2004,MGM,Comedy,65070412,10478327.0
47,2004,tt0349825,Miracle,2004,Walt Disney,Drama,64378093,10366843.0
48,2004,tt0390022,Friday Night Lights,2004,Universal,Drama,61255921,9864077.0
49,2004,tt0319061,Big Fish,2003,Sony Pictures,Drama,60523109,9746072.0
50,2004,tt0327162,The Stepford Wives,2004,Paramount Pictures,Black Comedy,59475623,9577395.0
51,2004,tt0337741,Something's Gotta Give,2003,Sony Pictures,Romantic Comedy,59385242,9562841.0
52,2004,tt0167190,Hellboy,2004,Sony Pictures,Action,59103901,9517536.0
53,2004,tt0363547,Dawn of the Dead,2004,Universal,Horror,58990765,9499318.0
54,2004,tt0364751,Without a Paddle,2004,Paramount Pictures,Comedy,58107982,9357162.0
55,2004,tt0289879,The Butterfly Effect,2004,New Line,Thriller/Suspense,57924679,9327646.0
56,2004,tt0296572,The Chronicles of Riddick,2004,Universal,Action,57712751,9293519.0
57,2004,tt0358135,Shall We Dance?,2004,Miramax,Romantic Comedy,57149868,9202877.0
58,2004,tt0337563,13 Going On 30,2004,Sony Pictures,Romantic Comedy,57139723,9201244.0
59,2004,tt0387564,Saw,2004,Lionsgate,Horror,55153403,8881385.0
60,2004,tt0299977,Jet Li’s Hero,2004,Miramax,Action,53652140,8639636.0
61,2004,tt0349683,King Arthur,2004,Walt Disney,Adventure,51877963,8353939.0
62,2004,tt0356470,A Cinderella Story,2004,Warner Bros.,Romantic Comedy,51438175,8283120.0
63,2004,tt0318627,Resident Evil: Apocalypse,2004,Sony Pictures,Horror,50740078,8170705.0
64,2004,tt0299172,Home on the Range,2004,Walt Disney,Western,50026353,8055773.0
65,2004,tt0359013,Blade: Trinity,2004,New Line,Action,48079939,7742341.0
66,2004,tt0363988,Secret Window,2004,Sony Pictures,Thriller/Suspense,47958031,7722710.0
67,2004,tt0351977,Walking Tall,2004,MGM,Action,46213824,7441840.0
68,2004,tt0374900,Napoleon Dynamite,2004,Fox Searchlight,Comedy,44411050,7151537.0
69,2004,tt0204313,Exorcist: The Beginning,2004,Warner Bros.,Horror,41814863,6733472.0
70,2004,tt0327554,Catwoman,2004,Warner Bros.,Action,40202379,6473813.0
71,2004,tt0365957,You Got Served,2004,Sony Pictures,Drama,40066497,6451932.0
72,2004,tt0317198,Bridget Jones: The Edge Of Reason,2004,Universal,Romantic Comedy,39877945,6421569.0
73,2004,tt0335245,The Ladykillers,2004,Walt Disney,Black Comedy,39692139,6391649.0
74,2004,tt0346156,Sky Captain and the World of Tomorrow,2004,Paramount Pictures,Adventure,37760080,6080528.0
75,2004,tt0350028,Raising Helen,2004,Walt Disney,Comedy,37485528,6036317.0
76,2004,tt0316732,Taxi,2004,20th Century Fox,Action,36362287,5855440.0
77,2004,tt0327056,Mystic River,2003,Warner Bros.,Drama,36244484,5836471.0
78,2004,tt0338013,Eternal Sunshine of the Spotless Mind,2004,Focus Features,Comedy,34366518,5534061.0
79,2004,tt0387412,Monster,2004,Newmarket Films,Drama,34244004,5514332.0
80,2004,tt0346491,Alexander,2004,Warner Bros.,Action,34000304,5475089.0
81,2004,tt0330793,The Punisher,2004,Lionsgate,Action,33571379,5406019.0
82,2004,tt0372588,Team America: World Police,2004,Paramount Pictures,Comedy,32749828,5273724.0
83,2004,tt0364045,Taking Lives,2004,Warner Bros.,Thriller/Suspense,32682342,5262857.0
84,2004,tt0337921,Cellular,2004,New Line,Thriller/Suspense,32003620,5153562.0
85,2004,tt0366174,Anacondas: The Hunt for the Blood Orchid,2004,Sony Pictures,Horror,31526393,5076714.0
86,2004,tt0325710,The Last Samurai,2003,Warner Bros.,Action,31410575,5058064.0
87,2004,tt0359517,Johnson Family Vacation,2004,Fox Searchlight,Comedy,31203964,5024793.0
88,2004,tt0374102,Open Water,2004,Lionsgate,Horror,30500882,4911575.0
89,2004,tt0361467,Confessions of a Teenage Drama Queen,2004,Walt Disney,Comedy,29302097,4718534.0
90,2004,tt0338337,Paycheck,2003,Paramount Pictures,Thriller/Suspense,28689313,4619857.0
91,2004,tt0337909,Calendar Girls,2003,Walt Disney,Comedy,28495504,4588648.0
92,2004,tt0477072,The Prince & Me,2004,Paramount Pictures,Romantic Comedy,28165882,4535569.0
93,2004,tt0367479,After the Sunset,2004,New Line,Action,28113925,4527202.0
94,2004,tt0376541,Closer,2004,Sony Pictures,Drama,27460754,4422021.0
95,2004,tt0333766,Garden State,2004,Fox Searchlight,Drama,26754251,4308252.0
96,2004,tt0371246,Spanglish,2004,Sony Pictures,Comedy,26500000,4267311.0
97,2004,tt0316396,Peter Pan,2003,Universal,Adventure,26417850,4254082.0
98,2004,tt0396592,Fat Albert,2004,20th Century Fox,Comedy,26300000,4235105.0
99,2004,tt0300051,Jersey Girl,2004,Miramax,Comedy,25266129,4068620.0
100,2004,tt0304415,Mona Lisa Smile,2003,Sony Pictures,Drama,25203100,4058470.0
1,2005,tt0121766,Star Wars Ep. III: Revenge of the Sith,2005,20th Century Fox,Adventure,380270577,59324583.0
2,2005,tt0330373,Harry Potter and the Goblet of Fire,2005,Warner Bros.,Adventure,273281180,42633569.0
3,2005,tt0407304,War of the Worlds,2005,Paramount Pictures,Action,234280354,36549197.0
4,2005,tt0363771,The Chronicles of Narnia: The Lion the Witch and the Wardrobe,2005,Walt Disney,Adventure,209440087,32673961.0
5,2005,tt0396269,Wedding Crashers,2005,New Line,Comedy,209218368,32639371.0
6,2005,tt0367594,Charlie and the Chocolate Factory,2005,Warner Bros.,Adventure,206459076,32208904.0
7,2005,tt0372784,Batman Begins,2005,Warner Bros.,Action,205343774,32034910.0
8,2005,tt0351283,Madagascar,2005,Dreamworks SKG,Adventure,193166575,30135191.0
9,2005,tt2923564,Mr. And Mrs. Smith,2005,20th Century Fox,Action,186336279,29069622.0
10,2005,tt0386588,Hitch,2005,Sony Pictures,Romantic Comedy,177784257,27735454.0
11,2005,tt0360717,King Kong,2005,Universal,Adventure,158709835,24759725.0
12,2005,tt0398165,The Longest Yard,2005,Paramount Pictures,Comedy,158119460,24667622.0
13,2005,tt0120667,Fantastic Four,2005,20th Century Fox,Action,154695569,24133474.0
14,2005,tt0290002,Meet the Fockers,2004,Universal,Comedy,146167575,22803054.0
15,2005,tt0371606,Chicken Little,2005,Walt Disney,Adventure,131944653,20584189.0
16,2005,tt0358082,Robots,2005,,Adventure,128200012,20000002.0
17,2005,tt0395699,The Pacifier,2005,Walt Disney,Comedy,113006880,17629778.0
18,2005,tt0405422,The 40 Year-old Virgin,2005,Universal,Romantic Comedy,109449237,17074764.0
19,2005,tt0405159,Million Dollar Baby,2005,Warner Bros.,Drama,99309220,15492858.0
20,2005,tt0358273,Walk the Line,2005,20th Century Fox,Drama,91742439,14312393.0
21,2005,tt0408790,Flightplan,2005,Walt Disney,Thriller/Suspense,89132263,13905189.0
22,2005,tt0432348,Saw II,2005,Lionsgate,Horror,87014325,13574778.0
23,2005,tt0369735,Monster-in-Law,2005,New Line,Romantic Comedy,82931301,12937800.0
24,2005,tt0368578,Are We There Yet?,2005,Sony Pictures,Comedy,82301521,12839551.0
25,2005,tt0377818,The Dukes of Hazzard,2005,Warner Bros.,Comedy,80270227,12522656.0
26,2005,tt0338751,The Aviator,2004,Miramax,Drama,78308827,12216666.0
27,2005,tt0428803,March of the Penguins,2005,Warner Independent,Documentary,77437223,12080690.0
28,2005,tt0377109,The Ring Two,2005,Dreamworks SKG,Horror,75941727,11847383.0
29,2005,tt0360486,Constantine,2005,Warner Bros.,Action,75500759,11778590.0
30,2005,tt0404032,The Exorcism of Emily Rose,2005,Sony Pictures,Horror,75072454,11711771.0
31,2005,tt0430105,Four Brothers,2005,Paramount Pictures,Thriller/Suspense,74494381,11621588.0
32,2005,tt0401792,Sin City,2005,Miramax/Dimension,Thriller/Suspense,74103820,11560658.0
33,2005,tt0373926,The Interpreter,2005,Universal,Thriller/Suspense,72515360,11312849.0
34,2005,tt0318649,Sahara,2005,Paramount Pictures,Adventure,68671925,10713249.0
35,2005,tt0372237,Guess Who,2005,Sony Pictures,Comedy,67962333,10602548.0
36,2005,tt0393162,Coach Carter,2005,Paramount Pictures,Drama,67264877,10493741.0
37,2005,tt0400497,Herbie: Fully Loaded,2005,Walt Disney,Adventure,66010682,10298078.0
38,2005,tt0384806,The Amityville Horror,2005,Filmways Pictures,Horror,64858000,10118253.0
39,2005,tt0405325,Sky High,2005,Walt Disney,Adventure,63939454,9974954.0
40,2005,tt0418763,Jarhead,2005,Universal,Drama,62454785,9743336.0
41,2005,tt0374536,Bewitched,2005,Sony Pictures,Comedy,62252415,9711765.0
42,2005,tt0352248,Cinderella Man,2005,Universal,Drama,61649911,9617771.0
43,2005,tt0421239,Red-Eye,2005,Dreamworks SKG,Thriller/Suspense,57891803,9031483.0
44,2005,tt0312004,Wallace & Gromit: The Curse of the Were-Rabbit,2005,Dreamworks SKG,Adventure,56019476,8739388.0
45,2005,tt0375210,White Noise,2005,Universal,Horror,55865715,8715400.0
46,2005,tt0377471,Be Cool,2005,MGM,Comedy,55849401,8712855.0
47,2005,tt0965408,Crash,2005,Lionsgate,Drama,55334418,8632515.0
48,2005,tt0369441,Fun with Dick & Jane,2005,Sony Pictures,Black Comedy,54062538,8434093.0
49,2005,tt0121164,Corpse Bride,2005,Warner Bros.,Adventure,53359111,8324354.0
50,2005,tt0113537,Kicking and Screaming,2005,Universal,Comedy,52580895,8202948.0
51,2005,tt0382077,Hide and Seek,2005,20th Century Fox,Horror,51100486,7971995.0
52,2005,tt0371724,The Hitchhiker’s Guide to the Galaxy,2005,Walt Disney,Adventure,51019112,7959300.0
53,2005,tt0063829,"Yours, Mine and Ours",2005,Paramount Pictures,Comedy,50733384,7914724.0
54,2005,tt0422093,Diary of a Mad Black Woman,2005,Lionsgate,Drama,50406346,7863705.0
55,2005,tt0376105,Racing Stripes,2005,Warner Bros.,Adventure,49186871,7673459.0
56,2005,tt0375063,Sideways,2004,Fox Searchlight,Drama,49098097,7659610.0
57,2005,tt0385307,Miss Congeniality 2: Armed and Fabulous,2005,Warner Bros.,Comedy,48478006,7562871.0
58,2005,tt0425123,Just Like Heaven,2005,Dreamworks SKG,Romantic Comedy,48318130,7537930.0
59,2005,tt0397101,The Skeleton Key,2005,Universal,Horror,47806295,7458080.0
60,2005,tt0320661,Kingdom of Heaven,2005,20th Century Fox,Action,47398413,7394448.0
61,2005,tt0357507,Boogeyman,2005,Sony Pictures,Horror,46363118,7232936.0
62,2005,tt0452598,Cheaper by the Dozen 2,2005,20th Century Fox,Comedy,45958914,7169877.0
63,2005,tt0386140,The Legend of Zorro,2005,Sony Pictures,Adventure,45356386,7075879.0
64,2005,tt0385267,In Good Company,2004,Universal,Comedy,45264721,7061579.0
65,2005,tt0417001,Must Love Dogs,2005,Warner Bros.,Romantic Comedy,43894863,6847873.0
66,2005,tt0388482,The Transporter 2,2005,20th Century Fox,Action,43095600,6723183.0
67,2005,tt0332047,Fever Pitch,2005,20th Century Fox,Romantic Comedy,42071069,6563349.0
68,2005,tt0356680,The Family Stone,2005,20th Century Fox,Comedy,41405336,6459491.0
69,2005,tt0424774,The Adventures of Sharkboy and Lavagirl in 3-D,2005,Miramax/Dimension,Adventure,39177541,6111941.0
70,2005,tt0403508,The Sisterhood of the Traveling Pants,2005,Warner Bros.,Drama,39008741,6085607.0
71,2005,tt0293508,The Phantom of the Opera,2004,Warner Bros.,Musical,38525796,6010265.0
72,2005,tt0355295,The Brothers Grimm,2005,Miramax/Dimension,Adventure,37899638,5912580.0
73,2005,tt0365737,Syriana,2005,Warner Bros.,Thriller/Suspense,37725004,5885336.0
74,2005,tt0388500,Beauty Shop,2005,MGM,Comedy,36351350,5671037.0
75,2005,tt0399201,The Island,2005,Dreamworks SKG,Action,35818913,5587974.0
76,2005,tt0398017,Derailed,2005,Weinstein Co.,Thriller/Suspense,35679977,5566299.0
77,2005,tt0340163,Hostage,2005,Miramax,Action,34636443,5403501.0
78,2005,tt0339291,Lemony Snicket’s A Series of Unfortunate Events,2004,Paramount Pictures,Adventure,33827117,5277241.0
79,2005,tt1217593,Pride and Prejudice,2005,Focus Features,Drama,33782660,5270306.0
80,2005,tt0387131,The Constant Gardener,2005,Focus Features,Thriller/Suspense,33579798,5238658.0
81,2005,tt0074174,The Bad News Bears,2005,Paramount Pictures,Comedy,32868349,5127668.0
82,2005,tt0388125,In Her Shoes,2005,20th Century Fox,Drama,32832249,5122036.0
83,2005,tt0418647,Dreamer: Inspired by a True Story,2005,Dreamworks SKG,Drama,32654700,5094337.0
84,2005,tt0317132,Because of Winn-Dixie,2005,20th Century Fox,Comedy,32645546,5092909.0
85,2005,tt0397065,House of Wax,2005,Warner Bros.,Horror,32064800,5002309.0
86,2005,tt0382992,Stealth,2005,Sony Pictures,Action,31704416,4946087.0
87,2005,tt0372532,The Wedding Date,2005,Universal,Romantic Comedy,31585300,4927504.0
88,2005,tt0433400,Just Friends,2005,New Line,Romantic Comedy,31493937,4913251.0
89,2005,tt0399146,A History of Violence,2005,New Line,Thriller/Suspense,31198508,4867162.0
90,2005,tt0430308,Get Rich or Die Tryin',2005,Paramount Pictures,Drama,30805240,4805810.0
91,2005,tt0432291,The Fog,2005,Sony Pictures,Horror,29511112,4603918.0
92,2005,tt0294870,Rent,2005,Sony Pictures,Musical,29045189,4531231.0
93,2005,tt0406375,Zathura,2005,Sony Pictures,Adventure,28045540,4375279.0
94,2005,tt0419706,Doom,2005,Universal,Horror,28031250,4373050.0
95,2005,tt0308644,Finding Neverland,2004,Miramax,Drama,27000234,4212205.0
96,2005,tt0368709,Elizabethtown,2005,Paramount Pictures,Drama,26850426,4188834.0
97,2005,tt0329774,XXX: State of the Union,2005,Sony Pictures,Action,26082914,4069097.0
98,2005,tt0382628,Dark Water,2005,Walt Disney,Horror,25473093,3973961.0
99,2005,tt0379786,Serenity,2005,Universal,Action,25335935,3952564.0
100,2005,tt0397535,Memoirs of a Geisha,2005,Sony Pictures,Drama,25323884,3950684.0
1,2006,tt0383574,Pirates of the Caribbean: Dead Man’s Chest,2006,Walt Disney,Adventure,423315812,64628368.0
2,2006,tt0317219,Cars,2006,Walt Disney,Adventure,244082982,37264577.0
3,2006,tt0376994,X-Men: The Last Stand,2006,20th Century Fox,Action,234362462,35780529.0
4,2006,tt0382625,The Da Vinci Code,2006,Sony Pictures,Adventure,217536138,33211624.0
5,2006,tt0348150,Superman Returns,2006,Warner Bros.,Adventure,200120000,30552672.0
6,2006,tt0438097,Ice Age: The Meltdown,2006,20th Century Fox,Adventure,195330621,29821469.0
7,2006,tt0366548,Happy Feet,2006,Warner Bros.,Musical,175967627,26865287.0
8,2006,tt0327084,Over the Hedge,2006,Paramount Pictures,Adventure,155019340,23667075.0
9,2006,tt0381061,Casino Royale,2006,Sony Pictures,Action,153531944,23439991.0
10,2006,tt0415306,Talladega Nights: The Ballad of Ricky Bobby,2006,Sony Pictures,Comedy,148213377,22627996.0
11,2006,tt0389860,Click,2006,Sony Pictures,Comedy,137340146,20967961.0
12,2006,tt0317919,Mission: Impossible III,2006,Paramount Pictures,Action,133501348,20381885.0
13,2006,tt0443453,Borat,2006,20th Century Fox,Comedy,125601414,19175788.0
14,2006,tt0458352,The Devil Wears Prada,2006,20th Century Fox,Comedy,124740460,19044345.0
15,2006,tt0407887,The Departed,2006,Warner Bros.,Drama,120359613,18375513.0
16,2006,tt0452594,The Break-Up,2006,Universal,Romantic Comedy,118703275,18122637.0
17,2006,tt0477347,Night at the Museum,2006,20th Century Fox,Adventure,115822154,17682772.0
18,2006,tt0454921,The Pursuit of Happyness,2006,Sony Pictures,Drama,98411670,15024682.0
19,2006,tt0362120,Scary Movie 4,2006,Weinstein/Dimension,Comedy,90710620,13848950.0
20,2006,tt0427229,Failure to Launch,2006,Paramount Pictures,Romantic Comedy,88715192,13544304.0
21,2006,tt0454848,Inside Man,2006,Universal,Thriller/Suspense,88513495,13513511.0
22,2006,tt0400717,Open Season,2006,Sony Pictures,Adventure,84325668,12874148.0
23,2006,tt0452681,The Santa Clause 3: The Escape Clause,2006,Walt Disney,Adventure,83549047,12755580.0
24,2006,tt0363771,The Chronicles of Narnia: The Lion the Witch and the Wardrobe,2005,Walt Disney,Adventure,82270870,12560438.0
25,2006,tt0383216,The Pink Panther,2006,Sony Pictures,Adventure,82226474,12553660.0
26,2006,tt0397313,Eight Below,2006,Walt Disney,Adventure,81612565,12459934.0
27,2006,tt0489270,Saw III,2006,Lionsgate,Horror,80238724,12250187.0
28,2006,tt0457510,Nacho Libre,2006,Paramount Pictures,Comedy,80197993,12243968.0
29,2006,tt0463034,"You, Me and Dupree",2006,Universal,Comedy,75628110,11546276.0
30,2006,tt0385880,Monster House,2006,Sony Pictures,Adventure,73661010,11245956.0
31,2006,tt0414853,Barnyard: The Original Party Animals,2006,Paramount Pictures,Adventure,72779000,11111298.0
32,2006,tt0493430,Jackass: Number Two,2006,Paramount Pictures,Reality,72778712,11111254.0
33,2006,tt0449089,R.V.,2006,Sony Pictures,Adventure,71452035,10908708.0
34,2006,tt0775408,V for Vendetta,2006,Warner Bros.,Action,70511035,10765044.0
35,2006,tt0469641,World Trade Center,2006,Paramount Pictures,Drama,70278893,10729602.0
36,2006,tt0421729,Big Momma's House 2,2006,20th Century Fox,Comedy,70165972,10712362.0
37,2006,tt0388795,Brokeback Mountain,2005,Focus Features,Drama,69169010,10560154.0
38,2006,tt0462590,Step Up,2006,Walt Disney,Drama,65328121,9973759.0
39,2006,tt0430357,Miami Vice,2006,Universal,Action,63450470,9687095.0
40,2006,tt0455612,Madea’s Family Reunion,2006,Lionsgate,Comedy,63257940,9657701.0
41,2006,tt0463985,The Fast and the Furious: Tokyo Drift,2006,Universal,Action,62514415,9544185.0
42,2006,tt0401855,Underworld: Evolution,2006,Sony Pictures,Action,62318875,9514332.0
43,2006,tt0424095,Flushed Away,2006,Paramount Pictures,Adventure,61733119,9424904.0
44,2006,tt5649074,Déjà Vu,2006,Walt Disney,Thriller/Suspense,61574479,9400684.0
45,2006,tt0393735,The Shaggy Dog,2006,Walt Disney,Comedy,61123569,9331843.0
46,2006,tt0409182,Poseidon,2006,Warner Bros.,Adventure,60674817,9263331.0
47,2006,tt0449059,Little Miss Sunshine,2006,Fox Searchlight,Comedy,59489083,9082303.0
48,2006,tt0360717,King Kong,2005,Universal,Adventure,59370190,9064151.0
49,2006,tt0381971,Curious George,2006,Universal,Adventure,58336565,8906346.0
50,2006,tt0430304,Little Man,2006,Sony Pictures,Comedy,58295702,8900107.0
51,2006,tt0445990,Invincible,2006,Walt Disney,Drama,57806952,8825489.0
52,2006,tt0437863,The Benchwarmers,2006,Sony Pictures,Comedy,57651794,8801801.0
53,2006,tt0369441,Fun with Dick & Jane,2005,Sony Pictures,Black Comedy,56487462,8624040.0
54,2006,tt0449010,Eragon,2006,20th Century Fox,Adventure,56420434,8613807.0
55,2006,tt0406816,The Guardian,2006,Walt Disney,Action,54968470,8392133.0
56,2006,tt0466909,The Omen,2006,20th Century Fox,Horror,54607383,8337005.0
57,2006,tt0414982,Final Destination 3,2006,New Line,Horror,54098051,8259244.0
58,2006,tt0413895,Charlotte's Web,2006,Paramount Pictures,Drama,52532601,8020244.0
59,2006,tt0482571,The Prestige,2006,Walt Disney,Thriller/Suspense,52474548,8011381.0
60,2006,tt0410297,The Lake House,2006,Warner Bros.,Drama,52330111,7989330.0
61,2006,tt0443536,Hoodwinked,2006,Weinstein Co.,Adventure,51221667,7820102.0
62,2006,tt0457939,The Holiday,2006,Sony Pictures,Romantic Comedy,50029085,7638028.0
63,2006,tt0408345,Firewall,2006,Warner Bros.,Thriller/Suspense,48751189,7442930.0
64,2006,tt0466342,Date Movie,2006,20th Century Fox,Comedy,48548426,7411973.0
65,2006,tt0479143,Rocky Balboa,2006,MGM,Drama,47940632,7319180.0
66,2006,tt0455857,When a Stranger Calls,2006,Sony Pictures,Horror,47860214,7306903.0
67,2006,tt0497383,Hostel,2006,Lionsgate,Horror,47326473,7225416.0
68,2006,tt0396752,Nanny McPhee,2006,Universal,Adventure,47124400,7194565.0
69,2006,tt0384537,Silent Hill,2006,Sony Pictures,Horror,46982632,7172921.0
70,2006,tt0472043,Apocalypto,2006,Walt Disney,Action,42654236,6512097.0
71,2006,tt0385726,Glory Road,2006,Walt Disney,Drama,42647449,6511061.0
72,2006,tt0452637,Lady in the Water,2006,Warner Bros.,Thriller/Suspense,42285169,6455751.0
73,2006,tt0454841,The Hills Have Eyes,2006,Fox Searchlight,Horror,41778863,6378452.0
74,2006,tt0455967,John Tucker Must Die,2006,20th Century Fox,Romantic Comedy,41011711,6261330.0
75,2006,tt0420223,Stranger Than Fiction,2006,Sony Pictures,Comedy,40435190,6173311.0
76,2006,tt0443543,The Illusionist,2006,Yari Film Group R…,Drama,39770232,6071791.0
77,2006,tt0420294,The Texas Chainsaw Massacre: The Beginning,2006,New Line,Horror,39506362,6031506.0
78,2006,tt0433386,The Grudge 2,2006,Sony Pictures,Horror,39143839,5976159.0
79,2006,tt0421206,Gridiron Gang,2006,Sony Pictures,Drama,38432823,5867607.0
80,2006,tt0408985,Last Holiday,2006,Paramount Pictures,Comedy,38399961,5862589.0
81,2006,tt0483726,Man of the Year,2006,Universal,Comedy,37442180,5716363.0
82,2006,tt0405469,The Wild,2006,Walt Disney,Adventure,37384046,5707488.0
83,2006,tt0443489,Dreamgirls,2006,Paramount Pictures,Musical,37064395,5658686.0
84,2006,tt0450232,16 Blocks,2006,Warner Bros.,Action,36883539,5631075.0
85,2006,tt0452598,Cheaper by the Dozen 2,2005,20th Century Fox,Comedy,36612259,5589658.0
86,2006,tt0384793,Accepted,2006,Universal,Comedy,36323505,5545573.0
87,2006,tt0443632,The Sentinel,2006,20th Century Fox,Thriller/Suspense,36280697,5539038.0
88,2006,tt0762121,The Nativity Story,2006,New Line,Drama,36276572,5538408.0
89,2006,tt0450259,Blood Diamond,2006,Warner Bros.,Action,35726534,5454433.0
90,2006,tt0408306,Munich,2005,Universal,Thriller/Suspense,35103430,5359302.0
91,2006,tt0343737,The Good Shepherd,2006,Universal,Drama,35066495,5353663.0
92,2006,tt0790604,Deck the Halls,2006,20th Century Fox,Comedy,34753961,5305948.0
93,2006,tt0446046,Take the Lead,2006,New Line,Drama,34742066,5304132.0
94,2006,tt0417148,Snakes on a Plane,2006,New Line,Thriller/Suspense,34020814,5194017.0
95,2006,tt0454945,She’s the Man,2006,Paramount Pictures,Romantic Comedy,33687630,5143150.0
96,2006,tt0418689,Flags of Our Fathers,2006,Paramount Pictures,Drama,33602376,5130134.0
97,2006,tt0397535,Memoirs of a Geisha,2005,Sony Pictures,Drama,31686969,4837705.0
98,2006,tt0475276,United 93,2006,Universal,Drama,31483450,4806634.0
99,2006,tt0424993,Employee of the Month,2006,Lionsgate,Comedy,28444855,4342726.0
100,2006,tt0455499,Garfield: A Tail of Two Kitties,2006,20th Century Fox,Adventure,28426747,4339961.0
1,2007,tt0413300,Spider-Man 3,2007,Sony Pictures,Adventure,336530303,48914288.0
2,2007,tt0413267,Shrek the Third,2007,Paramount Pictures,Adventure,321012359,46658773.0
3,2007,tt0418279,Transformers,2007,Paramount Pictures,Action,319071806,46376716.0
4,2007,tt0449088,Pirates of the Caribbean: At World’s End,2007,Walt Disney,Adventure,309420425,44973899.0
5,2007,tt0373889,Harry Potter and the Order of the Phoenix,2007,Warner Bros.,Adventure,292004738,42442549.0
6,2007,tt0440963,The Bourne Ultimatum,2007,Universal,Thriller/Suspense,227471070,33062656.0
7,2007,tt33397756,300,2007,Warner Bros.,Action,210592590,30609388.0
8,2007,tt0382932,Ratatouille,2007,Walt Disney,Adventure,206445654,30006636.0
9,2007,tt0480249,I am Legend,2007,Warner Bros.,Thriller/Suspense,206129574,29960694.0
10,2007,tt0462538,The Simpsons Movie,2007,20th Century Fox,Comedy,183135014,26618461.0
11,2007,tt0486946,Wild Hogs,2007,Walt Disney,Comedy,168213584,24449649.0
12,2007,tt0952640,Alvin and the Chipmunks,2007,20th Century Fox,Adventure,153632443,22330297.0
13,2007,tt0478311,Knocked Up,2007,Universal,Romantic Comedy,148761765,21622350.0
14,2007,tt0293564,Rush Hour 3,2007,New Line,Action,140125968,20367147.0
15,2007,tt0477347,Night at the Museum,2006,20th Century Fox,Adventure,135041114,19628069.0
16,2007,tt0337978,Live Free or Die Hard,2007,20th Century Fox,Action,134529403,19553692.0
17,2007,tt0465234,National Treasure: Book of Secrets,2007,Walt Disney,Adventure,133263682,19369721.0
18,2007,tt0486576,Fantastic Four: Rise of the Silver Surfer,2007,20th Century Fox,Action,131921738,19174671.0
19,2007,tt0765429,American Gangster,2007,Universal,Drama,129150735,18771909.0
20,2007,tt0389790,Bee Movie,2007,Paramount Pictures,Adventure,124518342,18098596.0
21,2007,tt0829482,Superbad,2007,Sony Pictures,Comedy,121463226,17654539.0
22,2007,tt0762107,I Now Pronounce You Chuck and Larry,2007,Universal,Comedy,119725280,17401930.0
23,2007,tt0427327,Hairspray,2007,New Line,Musical,118871849,17277885.0
24,2007,tt0445934,Blades of Glory,2007,Paramount Pictures,Comedy,118245842,17186896.0
25,2007,tt0496806,Ocean's Thirteen,2007,Warner Bros.,Adventure,117144465,17026812.0
26,2007,tt0259324,Ghost Rider,2007,Sony Pictures,Action,115802596,16831773.0
27,2007,tt0461770,Enchanted,2007,Walt Disney,Adventure,112144474,16300069.0
28,2007,tt0413099,Evan Almighty,2007,Universal,Comedy,100289690,14576990.0
29,2007,tt0396555,Meet the Robinsons,2007,Walt Disney,Adventure,97822171,14218339.0
30,2007,tt0477051,Norbit,2007,Paramount Pictures,Comedy,95360247,13860501.0
31,2007,tt0492956,The Game Plan,2007,Walt Disney,Comedy,89039983,12941858.0
32,2007,tt0398808,Bridge to Terabithia,2007,Walt Disney,Drama,82234139,11952636.0
33,2007,tt0442933,Beowulf,2007,Paramount Pictures,Adventure,81205200,11803081.0
34,2007,tt0486822,Disturbia,2007,Paramount Pictures,Thriller/Suspense,80106701,11643416.0
35,2007,tt0450385,1408,2007,MGM,Horror,71975611,10461571.0
36,2007,tt0486583,Fred Claus,2007,Warner Bros.,Comedy,71397435,10377534.0
37,2007,tt0443489,Dreamgirls,2006,Paramount Pictures,Musical,66301561,9636855.0
38,2007,tt0454921,The Pursuit of Happyness,2006,Sony Pictures,Drama,64174366,9327669.0
39,2007,tt0890870,Saw IV,2007,Lionsgate,Horror,63300095,9200595.0
40,2007,tt0775539,Stomp the Yard,2007,Sony Pictures,Drama,61356221,8918055.0
41,2007,tt0423294,Surf’s Up,2007,Sony Pictures,Adventure,58867694,8556351.0
42,2007,tt0385752,His Dark Materials: The Golden Compass,2007,New Line,Adventure,58775336,8542927.0
43,2007,tt0373883,Halloween,2007,MGM,Horror,58269151,8469353.0
44,2007,tt0906108,Why Did I Get Married?,2007,Lionsgate,Comedy,55204525,8023914.0
45,2007,tt0453556,TMNT,2007,Warner Bros.,Action,54149098,7870508.0
46,2007,tt0381849,3:10 to Yuma,2007,Lionsgate,Western,53606916,7791703.0
47,2007,tt0432021,Resident Evil: Extinction,2007,Sony Pictures,Horror,50648679,7361727.0
48,2007,tt0758766,Music and Lyrics,2007,Warner Bros.,Romantic Comedy,50572589,7350667.0
49,2007,tt0422774,Are We Done Yet?,2007,Sony Pictures,Comedy,49631958,7213947.0
50,2007,tt0937375,This Christmas,2007,Sony Pictures,Drama,48781228,7090295.0
51,2007,tt0477071,Premonition,2007,Sony Pictures,Thriller/Suspense,47852604,6955320.0
52,2007,tt0431197,The Kingdom,2007,Universal,Action,47467250,6899310.0
53,2007,tt0822854,Shooter,2007,Paramount Pictures,Thriller/Suspense,47003582,6831916.0
54,2007,tt0480242,Dan in Real Life,2007,Walt Disney,Romantic Comedy,46907153,6817900.0
55,2007,tt0762114,License to Wed,2007,Warner Bros.,Romantic Comedy,43799818,6366253.0
56,2007,tt0467110,Underdog,2007,Walt Disney,Adventure,43760605,6360553.0
57,2007,tt0481141,No Reservations,2007,Warner Bros.,Romantic Comedy,43107979,6265695.0
58,2007,tt0490084,Because I Said So,2007,Universal,Romantic Comedy,42674040,6202622.0
59,2007,tt0472062,Charlie Wilson's War,2007,Universal,Comedy,41703310,6061528.0
60,2007,tt0477348,No Country for Old Men,2007,Miramax,Western,41068444,5969251.0
61,2007,tt0799949,Epic Movie,2007,20th Century Fox,Comedy,39739367,5776071.0
62,2007,tt0389722,30 Days of Night,2007,Sony Pictures,Horror,39568996,5751308.0
63,2007,tt0465494,Hitman,2007,20th Century Fox,Action,39248698,5704753.0
64,2007,tt0465538,Michael Clayton,2007,Warner Bros.,Drama,39167392,5692935.0
65,2007,tt0488120,Fracture,2007,New Line,Thriller/Suspense,39004700,5669288.0
66,2007,tt0486655,Stardust,2007,Paramount Pictures,Adventure,38373235,5577505.0
67,2007,tt0457430,Pan's Labyrinth,2006,Picturehouse,Horror,37065974,5387496.0
68,2007,tt0476964,The Brave One,2007,Warner Bros.,Thriller/Suspense,36793804,5347937.0
69,2007,tt0408839,The Heartbreak Kid,2007,Paramount Pictures,Romantic Comedy,36787257,5346985.0
70,2007,tt0463998,Freedom Writers,2007,Paramount Pictures,Drama,36605602,5320582.0
71,2007,tt1148297,Smokin' Aces,2007,Universal,Comedy,35662731,5183536.0
72,2007,tt0425430,The Messengers,2007,Sony Pictures,Horror,35374833,5141691.0
73,2007,tt0481369,The Number 23,2007,New Line,Thriller/Suspense,35193167,5115286.0
74,2007,tt0452625,Good Luck Chuck,2007,Lionsgate,Romantic Comedy,35017297,5089723.0
75,2007,tt0206634,Children of Men,2006,Universal,Thriller/Suspense,34244964,4977466.0
76,2007,tt0443706,Zodiac,2007,Paramount Pictures,Drama,33080084,4808152.0
77,2007,tt0401997,Breach,2007,Universal,Thriller/Suspense,33000880,4796640.0
78,2007,tt0424823,Balls of Fury,2007,Focus Features,Comedy,32886940,4780078.0
79,2007,tt0453451,Mr. Bean’s Holiday,2007,Universal,Adventure,32589350,4736824.0
80,2007,tt0467406,Juno,2007,Fox Searchlight,Comedy,31470011,4574130.0
81,2007,tt0778661,Daddy's Little Girls,2007,Lionsgate,Drama,31366978,4559154.0
82,2007,tt0457419,Mr. Magorium's Wonder Emporium,2007,20th Century Fox,Comedy,31097159,4519936.0
83,2007,tt0408236,Sweeney Todd: The Demon Barber of Fleet Street,2007,Paramount Pictures,Musical,30609858,4449107.0
84,2007,tt0758730,Aliens vs. Predator - Requiem,2007,20th Century Fox,Action,30485323,4431006.0
85,2007,tt0426931,August Rush,2007,Warner Bros.,Drama,30173217,4385642.0
86,2007,tt0413895,Charlotte's Web,2006,Paramount Pictures,Drama,30067167,4370228.0
87,2007,tt0463854,28 Weeks Later,2007,20th Century Fox,Horror,28637507,4162428.0
88,2007,tt0498399,We Own the Night,2007,Sony Pictures,Action,28563179,4151625.0
89,2007,tt0780571,Mr. Brooks,2007,MGM,Thriller/Suspense,28476219,4138985.0
90,2007,tt0436697,The Queen,2006,Miramax,Drama,28245105,4105393.0
91,2007,tt0431308,"P.S., I Love You",2007,Warner Bros.,Romantic Comedy,27901562,4055460.0
92,2007,tt0367959,Hannibal Rising,2007,Weinstein Co.,Thriller/Suspense,27669725,4021762.0
93,2007,tt0489237,The Nanny Diaries,2007,MGM,Comedy,25926673,3768412.0
94,2007,tt0419984,Mr. Woodcock,2007,New Line,Comedy,25799486,3749925.0
95,2007,tt0479500,Nancy Drew,2007,Warner Bros.,Adventure,25584685,3718704.0
96,2007,tt0884328,The Mist,2007,MGM,Horror,25296735,3676851.0
97,2007,tt0444682,The Reaping,2007,Warner Bros.,Horror,25126214,3652066.0
98,2007,tt0462322,Grindhouse,2007,Weinstein/Dimension,Multiple Genres,25031037,3638232.0
99,2007,tt0343737,The Good Shepherd,2006,Universal,Drama,24842070,3610766.0
100,2007,tt0386032,Sicko,2007,Lionsgate,Documentary,24538513,3566644.0
1,2008,tt0468569,The Dark Knight,2008,Warner Bros.,Action,531001578,73955652.0
2,2008,tt0371746,Iron Man,2008,Paramount Pictures,Adventure,318412101,44347089.0
3,2008,tt0367882,Indiana Jones and the Kingdom of the Crystal Skull,2008,Paramount Pictures,Adventure,317101119,44164501.0
4,2008,tt0448157,Hancock,2008,Sony Pictures,Action,227946274,31747392.0
5,2008,tt0910970,WALL-E,2008,Walt Disney,Adventure,223806889,31170876.0
6,2008,tt0441773,Kung Fu Panda,2008,Paramount Pictures,Adventure,215434591,30004818.0
7,2008,tt0479952,Madagascar: Escape 2 Africa,2008,Paramount Pictures,Adventure,177016810,24654152.0
8,2008,tt1099212,Twilight,2008,Summit Entertainment,Drama,170672976,23770609.0
9,2008,tt0830515,Quantum of Solace,2008,Sony Pictures,Action,165690358,23076652.0
10,2008,tt0451079,Horton Hears a Who,2008,20th Century Fox,Adventure,154529439,21522206.0
11,2008,tt1000774,Sex and the City,2008,Warner Bros.,Comedy,152647258,21260064.0
12,2008,tt0795421,Mamma Mia!,2008,Universal,Musical,144130063,20073825.0
13,2008,tt0499448,The Chronicles of Narnia: Prince Caspian,2008,Walt Disney,Adventure,141621490,19724442.0
14,2008,tt0800080,The Incredible Hulk,2008,Universal,Adventure,134806913,18775336.0
15,2008,tt0493464,Wanted,2008,Universal,Action,134508551,18733781.0
16,2008,tt0425061,Get Smart,2008,Warner Bros.,Comedy,130319208,18150308.0
17,2008,tt0369436,Four Christmases,2008,Warner Bros.,Comedy,118189834,16460980.0
18,2008,tt0467406,Juno,2007,Fox Searchlight,Comedy,112025254,15602403.0
19,2008,tt0942385,Tropic Thunder,2008,Paramount Pictures,Comedy,110515313,15392105.0
20,2008,tt0397892,Bolt,2008,Walt Disney,Adventure,109917145,15308795.0
21,2008,tt0822832,Marley & Me,2008,20th Century Fox,Comedy,106664046,14855717.0
22,2008,tt0859163,The Mummy: Tomb of the Dragon Emperor,2008,Universal,Adventure,102491776,14274621.0
23,2008,tt0373051,Journey to the Center of the Earth,2008,Warner Bros.,Adventure,101704370,14164954.0
24,2008,tt1059786,Eagle Eye,2008,Paramount Pictures,Thriller/Suspense,101401695,14122799.0
25,2008,tt0838283,Step Brothers,2008,Sony Pictures,Comedy,100468793,13992868.0
26,2008,tt0960144,You Don’t Mess With the Zohan,2008,Sony Pictures,Comedy,100018837,13930200.0
27,2008,tt0443649,"10,000 B.C.",2008,Warner Bros.,Adventure,94784201,13201142.0
28,2008,tt1014775,Beverly Hills Chihuahua,2008,Walt Disney,Adventure,93778953,13061136.0
29,2008,tt4744200,The Bucket List,2008,Warner Bros.,Comedy,92588080,12895276.0
30,2008,tt0962726,High School Musical 3: Senior Year,2008,Walt Disney,Musical,90224290,12566057.0
31,2008,tt0910936,The Pineapple Express,2008,Sony Pictures,Comedy,87341380,12164538.0
32,2008,tt0465234,National Treasure: Book of Secrets,2007,Walt Disney,Adventure,86697819,12074905.0
33,2008,tt0478087,21,2008,Sony Pictures,Thriller/Suspense,81159365,11303533.0
34,2008,tt1033643,What Happens in Vegas...,2008,20th Century Fox,Romantic Comedy,80277646,11180731.0
35,2008,tt0489099,Jumper,2008,20th Century Fox,Adventure,80172128,11166035.0
36,2008,tt1060277,Cloverfield,2008,Paramount Pictures,Action,80048433,11148807.0
37,2008,tt1068680,Yes Man,2008,Warner Bros.,Romantic Comedy,79507388,11073452.0
38,2008,tt0421715,The Curious Case of Benjamin Button,2008,Paramount Pictures,Drama,79297086,11044162.0
39,2008,tt0988595,27 Dresses,2008,20th Century Fox,Romantic Comedy,76808654,10697584.0
40,2008,tt0411477,Hellboy 2: The Golden Army,2008,Universal,Action,75986503,10583078.0
41,2008,tt0970416,The Day the Earth Stood Still,2008,20th Century Fox,Adventure,74424256,10365495.0
42,2008,tt0443274,Vantage Point,2008,Sony Pictures,Thriller/Suspense,72266306,10064945.0
43,2008,tt0416236,The Spiderwick Chronicles,2008,Paramount Pictures,Adventure,71195053,9915746.0
44,2008,tt0770752,Fool's Gold,2008,Warner Bros.,Adventure,70231041,9781482.0
45,2008,tt0430922,Role Models,2008,Universal,Comedy,66703740,9290214.0
46,2008,tt1127884,Hannah Montana and Miley Cyrus: Best of Both Worlds Concert Tour,2008,Walt Disney,Concert/Performance,65281781,9092170.0
47,2008,tt0949731,The Happening,2008,20th Century Fox,Thriller/Suspense,64506874,8984244.0
48,2008,tt0952640,Alvin and the Chipmunks,2007,20th Century Fox,Adventure,63694531,8871105.0
49,2008,tt0800039,Forgetting Sarah Marshall,2008,Universal,Romantic Comedy,63172463,8798393.0
50,2008,tt0985699,Valkyrie,2008,United Artists,Thriller/Suspense,60733921,8458763.0
51,2008,tt0871426,Baby Mama,2008,Universal,Comedy,60494212,8425378.0
52,2008,tt0887883,Burn After Reading,2008,Focus Features,Black Comedy,60355347,8406037.0
53,2008,tt1023481,Step Up 2 the Streets,2008,Walt Disney,Drama,58017783,8080471.0
54,2008,tt1132626,Saw V,2008,Lionsgate,Horror,56746769,7903450.0
55,2008,tt0482606,The Strangers,2008,Focus Features,Thriller/Suspense,52597610,7325572.0
56,2008,tt0865556,The Forbidden Kingdom,2008,Lionsgate,Action,52075270,7252823.0
57,2008,tt0960731,Bedtime Stories,2008,Walt Disney,Adventure,51006534,7103974.0
58,2008,tt0480249,I am Legend,2007,Warner Bros.,Thriller/Suspense,50263436,7000479.0
59,2008,tt0852713,The House Bunny,2008,Sony Pictures,Comedy,48237389,6718299.0
60,2008,tt0410377,Nim’s Island,2008,20th Century Fox,Adventure,48006762,6686179.0
61,2008,tt0455824,Australia,2008,20th Century Fox,Drama,46686713,6502328.0
62,2008,tt0866439,Made of Honor,2008,Sony Pictures,Romantic Comedy,46012734,6408459.0
63,2008,tt0997047,College Road Trip,2008,Walt Disney,Adventure,45610425,6352427.0
64,2008,tt1018785,The Sisterhood of the Traveling Pants 2,2008,Warner Bros.,Comedy,44089964,6140664.0
65,2008,tt0811080,Speed Racer,2008,Warner Bros.,Action,43945766,6120580.0
66,2008,tt0926129,Prom Night,2008,Sony Pictures,Horror,43869350,6109937.0
67,2008,tt0814314,Seven Pounds,2008,Sony Pictures,Drama,43688000,6084680.0
68,2008,tt0420238,The Tale of Despereaux,2008,Universal,Adventure,43661775,6081027.0
69,2008,tt0462499,Rambo,2008,Lionsgate,Action,42754105,5954611.0
70,2008,tt0494652,Welcome Home Roscoe Jenkins,2008,Universal,Comedy,42436517,5910378.0
71,2008,tt1047494,Meet the Browns,2008,Lionsgate,Comedy,41975388,5846154.0
72,2008,tt0956038,Nights in Rodanthe,2008,Warner Bros.,Drama,41802381,5822059.0
73,2008,tt0467197,Max Payne,2008,20th Century Fox,Action,40677229,5665352.0
74,2008,tt1034331,Righteous Kill,2008,Overture Films,Thriller/Suspense,40081410,5582369.0
75,2008,tt0469494,There Will Be Blood,2007,Paramount Vantage,Drama,39795491,5542547.0
76,2008,tt0783233,Atonement,2007,Focus Features,Drama,39743016,5535239.0
77,2008,tt0758774,Body of Lies,2008,Warner Bros.,Thriller/Suspense,39315385,5475680.0
78,2008,tt0947802,Lakeview Terrace,2008,Sony Pictures,Thriller/Suspense,39263506,5468455.0
79,2008,tt1073498,Meet the Spartans,2008,20th Century Fox,Comedy,38233676,5325025.0
80,2008,tt0481536,Harold & Kumar Escape from Guantanamo Bay,2008,Warner Bros.,Comedy,38108728,5307622.0
81,2008,tt0486578,First Sunday,2008,Sony Pictures,Comedy,37931869,5282990.0
82,2008,tt0416212,The Secret Life of Bees,2008,Fox Searchlight,Drama,37525311,5226366.0
83,2008,tt1142798,The Family That Preys,2008,Lionsgate,Comedy,37105289,5167868.0
84,2008,tt0452608,Death Race,2008,Universal,Action,36316032,5057943.0
85,2008,tt0824747,Changeling,2008,Universal,Thriller/Suspense,35707327,4973165.0
86,2008,tt1185834,Star Wars: The Clone Wars,2008,Warner Bros.,Adventure,35161554,4897152.0
87,2008,tt0839980,Semi-Pro,2008,New Line,Comedy,33479698,4662911.0
88,2008,tt0477348,No Country for Old Men,2007,Miramax,Western,33205061,4624660.0
89,2008,tt1129423,Fireproof,2008,Samuel Goldwyn Films,Drama,33199738,4623919.0
90,2008,tt0817538,Drillbit Taylor,2008,Paramount Pictures,Comedy,32862104,4576895.0
91,2008,tt0832266,"Definitely, Maybe",2008,Universal,Romantic Comedy,32241649,4490480.0
92,2008,tt0811138,The Love Guru,2008,Paramount Pictures,Comedy,32235793,4489665.0
93,2008,tt1129442,Transporter 3,2008,Lionsgate,Action,31715062,4417140.0
94,2008,tt1082868,Quarantine,2008,Sony Pictures,Horror,31691811,4413901.0
95,2008,tt0981227,Nick and Norah's Infinite Playlist,2008,Sony Pictures,Drama,31487293,4385417.0
96,2008,tt0406759,The Eye,2008,Lionsgate,Horror,31418697,4375863.0
97,2008,tt0379865,Leatherheads,2008,Universal,Comedy,31373938,4369629.0
98,2008,tt1007028,Zack and Miri Make a Porno,2008,Weinstein Co.,Comedy,31233293,4350041.0
99,2008,tt0790686,Mirrors,2008,20th Century Fox,Horror,30691439,4274574.0
100,2008,tt0482603,Space Chimps,2008,20th Century Fox,Adventure,30105968,4193032.0
1,2009,tt1055369,Transformers: Revenge of the Fallen,2009,Paramount Pictures,Action,402111870,53614916.0
2,2009,tt0499549,Avatar,2009,20th Century Fox,Action,352114898,46948653.0
3,2009,tt0417741,Harry Potter and the Half-Blood Prince,2009,Warner Bros.,Adventure,301959197,40261226.0
4,2009,tt1049413,Up,2009,Walt Disney,Adventure,293004164,39067222.0
5,2009,tt1259571,The Twilight Saga: New Moon,2009,Summit Entertainment,Drama,284512392,37934986.0
6,2009,tt1119646,The Hangover,2009,Warner Bros.,Comedy,277322503,36976334.0
7,2009,tt0796366,Star Trek,2009,Paramount Pictures,Adventure,257730019,34364003.0
8,2009,tt0878804,The Blind Side,2009,Warner Bros.,Drama,208476067,27796809.0
9,2009,tt0892782,Monsters vs. Aliens,2009,Paramount Pictures,Adventure,198351526,26446870.0
10,2009,tt1080016,Ice Age: Dawn of the Dinosaurs,2009,20th Century Fox,Adventure,196573705,26209827.0
11,2009,tt0458525,X-Men Origins: Wolverine,2009,20th Century Fox,Action,179883157,23984421.0
12,2009,tt1078912,Night at the Museum: Battle of the Smithsonian,2009,20th Century Fox,Adventure,177243721,23632496.0
13,2009,tt1041829,The Proposal,2009,Walt Disney,Romantic Comedy,163958031,21861071.0
14,2009,tt1190080,2012,2009,Sony Pictures,Adventure,163442129,21792284.0
15,2009,tt1231580,Alvin and the Chipmunks: The Squeakquel,2009,20th Century Fox,Adventure,155916935,20788925.0
16,2009,tt1013752,Fast & Furious,2009,Universal,Action,155064265,20675235.0
17,2009,tt1046173,G.I. Joe: The Rise of Cobra,2009,Paramount Pictures,Action,150201498,20026866.0
18,2009,tt1114740,Paul Blart: Mall Cop,2009,Sony Pictures,Comedy,146336178,19511490.0
19,2009,tt1391871,Taken,2009,20th Century Fox,Thriller/Suspense,145000989,19333465.0
20,2009,tt0988045,Sherlock Holmes,2009,Warner Bros.,Adventure,138715437,18495392.0
21,2009,tt1753876,Gran Torino,2009,Warner Bros.,Drama,138274748,18436633.0
22,2009,tt1067106,Disney’s A Christmas Carol,2009,Walt Disney,Drama,137443917,18325856.0
23,2009,tt0808151,Angels & Demons,2009,Sony Pictures,Thriller/Suspense,133375846,17783446.0
24,2009,tt0438488,Terminator Salvation,2009,Warner Bros.,Action,125322469,16709663.0
25,2009,tt0844471,Cloudy with a Chance of Meatballs,2009,Sony Pictures,Adventure,124264907,16568654.0
26,2009,tt0361748,Inglourious Basterds,2009,Weinstein Co.,Action,120774594,16103279.0
27,2009,tt0436339,G-Force,2009,Walt Disney,Adventure,119436770,15924903.0
28,2009,tt1136608,District 9,2009,Sony Pictures,Thriller/Suspense,115646235,15419498.0
29,2009,tt1010048,Slumdog Millionaire,2008,Fox Searchlight,Drama,112654105,15020547.0
30,2009,tt1078940,Couples Retreat,2009,Universal,Romantic Comedy,108297465,14439662.0
31,2009,tt12717532,Paranormal Activity,2009,Paramount Pictures,Horror,107854596,14380613.0
32,2009,tt0409459,Watchmen,2009,Warner Bros.,Action,107509799,14334640.0
33,2009,tt1152836,Public Enemies,2009,Universal,Drama,97104620,12947283.0
34,2009,tt1135503,Julie & Julia,2009,Sony Pictures,Comedy,94125426,12550057.0
35,2009,tt1001508,He's Just Not That Into You,2009,Warner Bros.,Romantic Comedy,93953653,12527154.0
36,2009,tt1142800,Madea Goes To Jail,2009,Lionsgate,Comedy,90508336,12067778.0
37,2009,tt1142988,The Ugly Truth,2009,Sony Pictures,Romantic Comedy,88915214,11855362.0
38,2009,tt0780521,The Princess and the Frog,2009,Walt Disney,Adventure,85859339,11447912.0
39,2009,tt0448011,Knowing,2009,Summit Entertainment,Thriller/Suspense,79957634,10661018.0
40,2009,tt1114677,Hannah Montana: The Movie,2009,Walt Disney,Drama,79576189,10610159.0
41,2009,tt0386117,Where the Wild Things Are,2009,Warner Bros.,Adventure,76566491,10208865.0
42,2009,tt1156398,Zombieland,2009,Sony Pictures,Comedy,75590286,10078705.0
43,2009,tt0327597,Coraline,2009,Focus Features,Adventure,75286229,10038164.0
44,2009,tt0785006,Hotel for Dogs,2009,Paramount Pictures,Comedy,73178547,9757140.0
45,2009,tt1197624,Law Abiding Citizen,2009,Overture Films,Thriller/Suspense,72764227,9701897.0
46,2009,tt1570981,Michael Jackson's This Is It,2009,Sony Pictures,Documentary,72091016,9612135.0
47,2009,tt1155056,"I Love You, Man",2009,Paramount Pictures,Comedy,72013010,9601735.0
48,2009,tt1198138,Obsessed,2009,Sony Pictures,Thriller/Suspense,68261644,9101553.0
49,2009,tt1075417,Race to Witch Mountain,2009,Walt Disney,Adventure,67172594,8956346.0
50,2009,tt1144884,The Final Destination,2009,Warner Bros.,Horror,66477700,8863693.0
51,2009,tt1111422,The Taking of Pelham 123,2009,Sony Pictures,Action,65452312,8726975.0
52,2009,tt0758746,Friday the 13th,2009,Warner Bros.,Horror,65002019,8666936.0
53,2009,tt0974661,17 Again,2009,Warner Bros.,Comedy,64167069,8555609.0
54,2009,tt0452694,The Time Traveler’s Wife,2009,Warner Bros.,Drama,63414846,8455313.0
55,2009,tt0889583,Brüno,2009,Universal,Comedy,60054530,8007271.0
56,2009,tt0901476,Bride Wars,2009,20th Century Fox,Comedy,58715510,7828735.0
57,2009,tt0492044,The Haunting in Connecticut,2009,Lionsgate,Horror,55389516,7385269.0
58,2009,tt0821640,Ghosts of Girlfriends Past,2009,Warner Bros.,Romantic Comedy,55250026,7366670.0
59,2009,tt1201167,Funny People,2009,Universal,Comedy,51855045,6914006.0
60,2009,tt1385912,I Can Do Bad All By Myself,2009,Lionsgate,Comedy,51733921,6897856.0
61,2009,tt1179891,My Bloody Valentine,2009,Lionsgate,Horror,51545952,6872794.0
62,2009,tt0457400,Land of the Lost,2009,Universal,Comedy,49438370,6591783.0
63,2009,tt1078588,My Sister’s Keeper,2009,Warner Bros.,Drama,49200230,6560031.0
64,2009,tt0421715,The Curious Case of Benjamin Button,2008,Paramount Pictures,Drama,48212240,6428299.0
65,2009,tt0976238,Old Dogs,2009,Walt Disney,Comedy,47239575,6298610.0
66,2009,tt0834001,Underworld 3: Rise of the Lycans,2009,Sony Pictures,Action,45802315,6106975.0
67,2009,tt1193138,Up in the Air,2009,Paramount Pictures,Drama,44375265,5916702.0
68,2009,tt1093908,Confessions of a Shopaholic,2009,Walt Disney,Romantic Comedy,44277350,5903647.0
69,2009,tt0929632,Precious (Based on the Novel Push by Sapphire),2009,Lionsgate,Drama,43760123,5834683.0
70,2009,tt1045778,Year One,2009,Sony Pictures,Comedy,43337279,5778304.0
71,2009,tt1139668,The Unborn,2009,Universal,Horror,42670410,5689388.0
72,2009,tt1127180,Drag Me To Hell,2009,Universal,Horror,42100625,5613417.0
73,2009,tt1148204,Orphan,2009,Warner Bros.,Drama,41596251,5546167.0
74,2009,tt1135487,Duplicity,2009,Universal,Comedy,40572825,5409710.0
75,2009,tt1230414,It’s Complicated,2009,Universal,Romantic Comedy,40375875,5383450.0
76,2009,tt0762125,Planet 51,2009,Sony Pictures,Adventure,39410558,5254741.0
77,2009,tt0986263,Surrogates,2009,Walt Disney,Action,38577772,5143703.0
78,2009,tt1186367,Ninja Assassin,2009,Warner Bros.,Action,37492774,4999037.0
79,2009,tt0473705,State of Play,2009,Universal,Thriller/Suspense,37017955,4935727.0
80,2009,tt0472198,Notorious,2009,Fox Searchlight,Drama,36843682,4912491.0
81,2009,tt0822832,Marley & Me,2008,20th Century Fox,Comedy,36489705,4865294.0
82,2009,tt0838232,The Pink Panther 2,2009,Sony Pictures,Adventure,35922978,4789730.0
83,2009,tt0881891,All About Steve,2009,20th Century Fox,Romantic Comedy,33862903,4515054.0
84,2009,tt22485786,Halloween 2,2009,Weinstein/Dimension,Horror,33392973,4452396.0
85,2009,tt1130080,The Informant,2009,Warner Bros.,Comedy,33316821,4442243.0
86,2009,tt0844708,The Last House on the Left,2009,Universal,Horror,32752215,4366962.0
87,2009,tt1572162,(500) Days of Summer,2009,Fox Searchlight,Romantic Comedy,32425665,4323422.0
88,2009,tt0976051,The Reader,2008,Weinstein Co.,Drama,32239301,4298573.0
89,2009,tt1757737,earth,2009,Walt Disney,Documentary,32011576,4268210.0
90,2009,tt1234548,The Men Who Stare at Goats,2009,Overture Films,Black Comedy,31976937,4263592.0
91,2009,tt0821642,The Soloist,2009,Paramount Pictures,Drama,31853584,4247145.0
92,2009,tt0465580,Push,2009,Summit Entertainment,Thriller/Suspense,31811527,4241537.0
93,2009,tt0472033,9,2009,Focus Features,Adventure,31749894,4233319.0
94,2009,tt0114709,Toy Story 3D Double Feature,2009,Walt Disney,Adventure,30702446,4093659.0
95,2009,tt1057500,Invictus,2009,Warner Bros.,Drama,30586445,4078193.0
96,2009,tt0814335,The Stepfather,2009,Sony Pictures,Thriller/Suspense,29062561,3875008.0
97,2009,tt0815245,The Uninvited,2009,Paramount Pictures,Horror,28596818,3812909.0
98,2009,tt1571569,Defiance,2009,Paramount Vantage,Drama,28444199,3792560.0
99,2009,tt1233227,Saw VI,2009,Lionsgate,Horror,27693292,3692439.0
100,2009,tt0814314,Seven Pounds,2008,Sony Pictures,Drama,26263824,3501843.0
1,2010,tt0435761,Toy Story 3,2010,Walt Disney,Adventure,415004880,52598844.0
2,2010,tt0499549,Avatar,2009,20th Century Fox,Action,408392727,51760802.0
3,2010,tt1014759,Alice in Wonderland,2010,Walt Disney,Adventure,334191110,42356288.0
4,2010,tt1228705,Iron Man 2,2010,Paramount Pictures,Action,312433331,39598648.0
5,2010,tt1325004,The Twilight Saga: Eclipse,2010,Summit Entertainment,Drama,300531751,38090209.0
6,2010,tt1375666,Inception,2010,Warner Bros.,Thriller/Suspense,292568851,37080970.0
7,2010,tt0926084,Harry Potter and the Deathly Hallows: Part I,2010,Warner Bros.,Adventure,283533215,35935769.0
8,2010,tt1323594,Despicable Me,2010,Universal,Adventure,251203225,31838178.0
9,2010,tt0892791,Shrek Forever After,2010,Paramount Pictures,Adventure,238736787,30258148.0
10,2010,tt0892769,How to Train Your Dragon,2010,Paramount Pictures,Adventure,217581231,27576835.0
11,2010,tt1155076,The Karate Kid,2010,Sony Pictures,Action,176591618,22381701.0
12,2010,tt0800320,Clash of the Titans,2010,Warner Bros.,Action,163214888,20686298.0
13,2010,tt1375670,Grown Ups,2010,Sony Pictures,Comedy,162001186,20532470.0
14,2010,tt0398286,Tangled,2010,Walt Disney,Adventure,161284390,20441621.0
15,2010,tt1001526,MegaMind,2010,Paramount Pictures,Adventure,144192018,18275287.0
16,2010,tt0938283,The Last Airbender,2010,Paramount Pictures,Adventure,131772187,16701164.0
17,2010,tt1130884,Shutter Island,2010,Paramount Pictures,Thriller/Suspense,128012934,16224706.0
18,2010,tt1386588,The Other Guys,2010,Sony Pictures,Comedy,119219978,15110263.0
19,2010,tt0944835,Salt,2010,Sony Pictures,Thriller/Suspense,118311368,14995104.0
20,2010,tt1104001,Tron: Legacy,2010,Walt Disney,Adventure,117540071,14897347.0
21,2010,tt1116184,Jackass 3D,2010,Paramount Pictures,Comedy,117109417,14842765.0
22,2010,tt0817230,Valentine's Day,2010,Warner Bros.,Romantic Comedy,110485654,14003251.0
23,2010,tt0955308,Robin Hood,2010,Universal,Action,105487148,13369727.0
24,2010,tt1320253,The Expendables,2010,Lionsgate,Action,103068524,13063184.0
25,2010,tt0970866,Little Fockers,2010,Universal,Comedy,102576190,13000785.0
26,2010,tt1231583,Due Date,2010,Warner Bros.,Comedy,99231922,12576923.0
27,2010,tt1279935,Date Night,2010,20th Century Fox,Comedy,98711404,12510951.0
28,2010,tt1261945,Sex and the City 2,2010,Warner Bros.,Comedy,95347692,12084625.0
29,2010,tt1037705,The Book of Eli,2010,Warner Bros.,Action,94835059,12019653.0
30,2010,tt1285016,The Social Network,2010,Sony Pictures,Drama,93222026,11815212.0
31,2010,tt0840361,The Town,2010,Warner Bros.,Thriller/Suspense,92173235,11682286.0
32,2010,tt0473075,Prince of Persia: Sands of Time,2010,Walt Disney,Action,90759676,11503128.0
33,2010,tt1245526,Red,2010,Summit Entertainment,Action,89505187,11344130.0
34,2010,tt0814255,Percy Jackson & the Olympians: The Lightning Thief,2010,20th Century Fox,Adventure,88768303,11250735.0
35,2010,tt0980970,The Chronicles of Narnia: The Voyage of the Dawn Treader,2010,20th Century Fox,Adventure,86926397,11017287.0
36,2010,tt1403865,True Grit,2010,Paramount Pictures,Western,86670382,10984839.0
37,2010,tt1536044,Paranormal Activity 2,2010,Paramount Pictures,Horror,84660648,10730120.0
38,2010,tt0879870,Eat Pray Love,2010,Sony Pictures,Drama,80574010,10212169.0
39,2010,tt0989757,Dear John,2010,Sony Pictures,Drama,80014842,10141298.0
40,2010,tt0477080,Unstoppable,2010,20th Century Fox,Action,79468486,10072051.0
41,2010,tt0429493,The A-Team,2010,20th Century Fox,Action,77222099,9787338.0
42,2010,tt1013743,Knight and Day,2010,20th Century Fox,Action,76423035,9686063.0
43,2010,tt0427152,Dinner for Schmucks,2010,Paramount Pictures,Comedy,73026337,9255556.0
44,2010,tt0988045,Sherlock Holmes,2009,Warner Bros.,Adventure,70313242,8911691.0
45,2010,tt1038919,The Bounty Hunter,2010,Sony Pictures,Romantic Comedy,67061228,8499522.0
46,2010,tt1302067,Yogi Bear,2010,Warner Bros.,Adventure,65755336,8334010.0
47,2010,tt1196141,Diary of a Wimpy Kid,2010,20th Century Fox,Comedy,64003625,8111993.0
48,2010,tt1231580,Alvin and the Chipmunks: The Squeakquel,2009,20th Century Fox,Adventure,63697677,8073216.0
49,2010,tt0963966,The Sorcerer's Apprentice,2010,Walt Disney,Adventure,63150991,8003928.0
50,2010,tt1179056,A Nightmare on Elm Street,2010,Warner Bros.,Horror,63075011,7994298.0
51,2010,tt1294226,The Last Song,2010,Walt Disney,Drama,62950384,7978502.0
52,2010,tt1483768,The Wolf Man,2010,Universal,Horror,62189884,7882115.0
53,2010,tt1226229,Get Him to the Greek,2010,Universal,Comedy,61153526,7750764.0
54,2010,tt1220634,Resident Evil: Afterlife,2010,Sony Pictures,Horror,60128566,7620858.0
55,2010,tt1391137,Why Did I Get Married Too?,2010,Lionsgate,Drama,60095852,7616711.0
56,2010,tt1615893,The Tooth Fairy,2010,20th Century Fox,Adventure,60022256,7607384.0
57,2010,tt1028576,Secretariat,2010,Walt Disney,Drama,59053682,7484623.0
58,2010,tt1282140,Easy A,2010,Sony Pictures,Comedy,58401464,7401960.0
59,2010,tt1135084,Takers,2010,Sony Pictures,Thriller/Suspense,57744720,7318722.0
60,2010,tt1219342,Legend of the Guardians: The Owls of Ga’Hoole,2010,,Adventure,55549823,7040535.0
61,2010,tt1243957,The Tourist,2010,Sony Pictures,Thriller/Suspense,54633191,6924359.0
62,2010,tt1230414,It’s Complicated,2009,Universal,Romantic Comedy,53556535,6787901.0
63,2010,tt0892318,Letters to Juliet,2010,Summit Entertainment,Drama,53032453,6721477.0
64,2010,tt1055292,Life as We Know It,2010,Warner Bros.,Romantic Comedy,52886508,6702979.0
65,2010,tt1027718,Wall Street 2: Money Never Sleeps,2010,20th Century Fox,Drama,52474616,6650775.0
66,2010,tt1424381,Predators,2010,20th Century Fox,Action,52000688,6590708.0
67,2010,tt1231587,Hot Tub Time Machine,2010,MGM,Comedy,50269859,6371338.0
68,2010,tt1250777,Kick-Ass,2010,Lionsgate,Black Comedy,48071303,6092687.0
69,2010,tt0947798,Black Swan,2010,Fox Searchlight,Thriller/Suspense,47807791,6059289.0
70,2010,tt0878804,The Blind Side,2009,Warner Bros.,Drama,47483408,6018176.0
71,2010,tt1103153,Killers,2010,Lionsgate,Action,47059963,5964507.0
72,2010,tt0964517,The Fighter,2010,Paramount Pictures,Drama,46388853,5879449.0
73,2010,tt1477076,Saw 3D,2010,Lionsgate,Horror,45710178,5793432.0
74,2010,tt1385867,Cop Out,2010,Warner Bros.,Comedy,44875481,5687640.0
75,2010,tt0380510,The Lovely Bones,2009,Paramount Pictures,Drama,43731131,5542602.0
76,2010,tt1287468,Cats & Dogs: The Revenge of Kitty Galore,2010,Warner Bros.,Adventure,43585753,5524177.0
77,2010,tt1226273,Edge of Darkness,2010,Warner Bros.,Thriller/Suspense,43313890,5489720.0
78,2010,tt1321509,Death at a Funeral,2010,Sony Pictures,Black Comedy,42739347,5416901.0
79,2010,tt1193631,Step Up 3D,2010,Walt Disney,Drama,42400223,5373919.0
80,2010,tt1320244,The Last Exorcism,2010,Lionsgate,Horror,41034350,5200805.0
81,2010,tt1038686,Legion,2010,Sony Pictures,Horror,40168080,5091011.0
82,2010,tt1193138,Up in the Air,2009,Paramount Pictures,Drama,39448116,4999761.0
83,2010,tt0455407,The Crazies,2010,Overture Films,Horror,39123589,4958630.0
84,2010,tt1263670,Crazy Heart,2009,Fox Searchlight,Drama,38769554,4913758.0
85,2010,tt1126591,Burlesque,2010,Sony Pictures,Musical,37733561,4782454.0
86,2010,tt1405500,For Colored Girls,2010,Lionsgate,Drama,37669204,4774297.0
87,2010,tt1212436,The Back-up Plan,2010,CBS Films,Romantic Comedy,37490007,4751585.0
88,2010,tt1666186,Vampires Suck,2010,20th Century Fox,Comedy,36661504,4646578.0
89,2010,tt1440728,The American,2010,Focus Features,Thriller/Suspense,35606376,4512849.0
90,2010,tt0947810,Green Zone,2010,Universal,Drama,35497337,4499029.0
91,2010,tt1314655,Devil,2010,Universal,Horror,33679655,4268651.0
92,2010,tt1392197,Marmaduke,2010,20th Century Fox,Comedy,33644788,4264232.0
93,2010,tt1212419,Hereafter,2010,Warner Bros.,Drama,32712586,4146082.0
94,2010,tt1185416,When in Rome,2010,Walt Disney,Romantic Comedy,32680633,4142032.0
95,2010,tt0815236,She's Out of My League,2010,Paramount Pictures,Romantic Comedy,32010860,4057143.0
96,2010,tt0446029,Scott Pilgrim vs. The World,2010,Universal,Comedy,31611316,4006504.0
97,2010,tt0758752,Love and Other Drugs,2010,20th Century Fox,Drama,31267088,3962876.0
98,2010,tt1438254,Charlie St. Cloud,2010,Universal,Drama,31206263,3955166.0
99,2010,tt1126618,Morning Glory,2010,Paramount Pictures,Comedy,30759976,3898603.0
100,2010,tt0433362,Daybreakers,2010,Lionsgate,Horror,30101577,3815156.0
1,2011,tt1201607,Harry Potter and the Deathly Hallows: Part II,2011,Warner Bros.,Adventure,381011219,48046812.0
2,2011,tt1399103,Transformers: Dark of the Moon,2011,Paramount Pictures,Action,352390543,44437647.0
3,2011,tt1324999,The Twilight Saga: Breaking Dawn Part 1,2011,Summit Entertainment,Drama,274841954,34658506.0
4,2011,tt1411697,The Hangover Part II,2011,Warner Bros.,Comedy,254464305,32088815.0
5,2011,tt1298650,Pirates of the Caribbean: On Stranger Tides,2011,Walt Disney,Adventure,241071802,30399975.0
6,2011,tt1596343,Fast Five,2011,Universal,Action,210031325,26485665.0
7,2011,tt1216475,Cars 2,2011,Walt Disney,Adventure,191450875,24142607.0
8,2011,tt0800369,Thor,2011,Paramount Pictures,Action,181030624,22828578.0
9,2011,tt1318514,Rise of the Planet of the Apes,2011,20th Century Fox,Adventure,176760185,22290061.0
10,2011,tt0458339,Captain America: The First Avenger,2011,Paramount Pictures,Action,176654505,22276735.0
11,2011,tt1454029,The Help,2011,Walt Disney,Drama,169499546,21374470.0
12,2011,tt1478338,Bridesmaids,2011,Universal,Comedy,169211718,21338174.0
13,2011,tt1302011,Kung Fu Panda 2,2011,Paramount Pictures,Adventure,165249063,20838469.0
14,2011,tt1270798,X-Men: First Class,2011,20th Century Fox,Action,146408305,18462586.0
15,2011,tt0448694,Puss in Boots,2011,Paramount Pictures,Adventure,145738327,18378099.0
16,2011,tt1436562,Rio,2011,20th Century Fox,Adventure,143619809,18110947.0
17,2011,tt0472181,The Smurfs,2011,Sony Pictures,Adventure,142614158,17984131.0
18,2011,tt1229238,Mission: Impossible—Ghost Protocol,2011,Paramount Pictures,Action,141186646,17804117.0
19,2011,tt1515091,Sherlock Holmes: A Game of Shadows,2011,Warner Bros.,Action,136910219,17264845.0
20,2011,tt1650062,Super 8,2011,Paramount Pictures,Thriller/Suspense,127004179,16015659.0
21,2011,tt1192628,Rango,2011,Paramount Pictures,Western,123477607,15570947.0
22,2011,tt1504320,The King’s Speech,2010,Weinstein Co.,Drama,121123415,15274075.0
23,2011,tt1499658,Horrible Bosses,2011,Warner Bros.,Comedy,117538559,14822012.0
24,2011,tt1133985,Green Lantern,2011,Warner Bros.,Action,116601172,14703805.0
25,2011,tt1411704,Hop,2011,Universal,Adventure,108085305,13629925.0
26,2011,tt1778304,Paranormal Activity 3,2011,Paramount Pictures,Horror,104007828,13115741.0
27,2011,tt1564367,Just Go With It,2011,Sony Pictures,Romantic Comedy,103028109,12992195.0
28,2011,tt0409847,Cowboys and Aliens,2011,Universal,Action,100368560,12656817.0
29,2011,tt1284575,Bad Teacher,2011,Sony Pictures,Comedy,100292856,12647271.0
30,2011,tt0377981,Gnomeo and Juliet,2011,Walt Disney,Romantic Comedy,99967670,12606264.0
31,2011,tt0990407,The Green Hornet,2011,Sony Pictures,Action,98780042,12456500.0
32,2011,tt1615918,Alvin and the Chipmunks: Chipwrecked,2011,20th Century Fox,Adventure,97848114,12338980.0
33,2011,tt0110357,The Lion King,1994,Walt Disney,Adventure,94233351,11883146.0
34,2011,tt1403865,True Grit,2010,Paramount Pictures,Western,84572623,10664896.0
35,2011,tt0433035,Real Steel,2011,Walt Disney,Action,84493241,10654885.0
36,2011,tt1570728,"Crazy, Stupid, Love",2011,Warner Bros.,Romantic Comedy,84351197,10636973.0
37,2011,tt1217613,Battle: Los Angeles,2011,Sony Pictures,Action,83552429,10536246.0
38,2011,tt1253864,Immortals,2011,Relativity,Action,82603008,10416521.0
39,2011,tt1204342,The Muppets,2011,Walt Disney,Adventure,81795283,10314664.0
40,2011,tt1222817,Zookeeper,2011,Sony Pictures,Romantic Comedy,80360866,10133779.0
41,2011,tt1219289,Limitless,2011,Relativity,Thriller/Suspense,79249455,9993626.0
42,2011,tt0471042,Tower Heist,2011,Universal,Comedy,76802225,9685022.0
43,2011,tt1598778,Contagion,2011,Warner Bros.,Thriller/Suspense,75658097,9540744.0
44,2011,tt1210166,Moneyball,2011,Sony Pictures,Drama,74896695,9444728.0
45,2011,tt1702443,Justin Bieber: Never Say Never,2011,Paramount Pictures,Concert/Perfor…,73013910,9207303.0
46,2011,tt1564349,Dolphin Tale,2011,Warner Bros.,Drama,72015969,9081459.0
47,2011,tt0810913,Jack and Jill,2011,Sony Pictures,Comedy,71635888,9033529.0
48,2011,tt1411238,No Strings Attached,2011,Paramount Pictures,Romantic Comedy,70662220,8910747.0
49,2011,tt1396218,Mr. Popper's Penguins,2011,20th Century Fox,Comedy,68224452,8603336.0
50,2011,tt1401152,Unknown,2011,Warner Bros.,Thriller/Suspense,63686397,8031072.0
51,2011,tt1385826,The Adjustment Bureau,2011,Universal,Thriller/Suspense,62495645,7880914.0
52,2011,tt1402488,Happy Feet Two,2011,Warner Bros.,Musical,60965866,7688003.0
53,2011,tt0947798,Black Swan,2010,Fox Searchlight,Thriller/Suspense,59146887,7458624.0
54,2011,tt1067583,Water for Elephants,2011,20th Century Fox,Drama,58709717,7403495.0
55,2011,tt1189340,The Lincoln Lawyer,2011,Lionsgate,Thriller/Suspense,58009200,7315158.0
56,2011,tt1605783,Midnight in Paris,2011,Sony Pictures Cla…,Romantic Comedy,56377732,7109424.0
57,2011,tt1632708,Friends with Benefits,2011,Sony Pictures,Romantic Comedy,55802754,7036917.0
58,2011,tt1464540,I am Number Four,2011,Walt Disney,Adventure,55100437,6948353.0
59,2011,tt0945513,Source Code,2011,Summit Entertainment,Thriller/Suspense,54712227,6899398.0
60,2011,tt1104001,Tron: Legacy,2010,Walt Disney,Adventure,54522692,6875497.0
61,2011,tt1591095,Insidious,2011,FilmDistrict,Horror,54009150,6810738.0
62,2011,tt1787759,Madea's Big Happy Family,2011,Lionsgate,Comedy,53345287,6727022.0
63,2011,tt1650043,Diary of a Wimpy Kid: Rodrick Rules,2011,20th Century Fox,Adventure,52698535,6645465.0
64,2011,tt1068242,Footloose,2011,Paramount Pictures,Drama,51670512,6515827.0
65,2011,tt0983193,The Adventures of Tintin,2011,Paramount Pictures,Adventure,51400450,6481772.0
66,2011,tt1568346,The Girl with the Dragon Tattoo,2011,Sony Pictures,Thriller/Suspense,50338690,6347880.0
67,2011,tt0970179,Hugo,2011,Paramount Pictures,Adventure,50313495,6344703.0
68,2011,tt1578275,The Dilemma,2011,Universal,Comedy,48475290,6112899.0
69,2011,tt1598822,New Year’s Eve,2011,Warner Bros.,Romantic Comedy,47257823,5959372.0
70,2011,tt0964517,The Fighter,2010,Paramount Pictures,Drama,47228156,5955631.0
71,2011,tt0970866,Little Fockers,2010,Universal,Comedy,45862410,5783406.0
72,2011,tt1430607,Arthur Christmas,2011,Sony Pictures,Adventure,45650370,5756667.0
73,2011,tt0480687,Hall Pass,2011,Warner Bros.,Comedy,45060734,5682312.0
74,2011,tt1389137,We Bought a Zoo,2011,20th Century Fox,Drama,44490999,5610466.0
75,2011,tt1596346,Soul Surfer,2011,Sony Pictures,Drama,43853424,5530066.0
76,2011,tt1622979,Final Destination 5,2011,Warner Bros.,Horror,42587643,5370447.0
77,2011,tt1124035,The Ides of March,2011,Sony Pictures,Drama,40796111,5144528.0
78,2011,tt1033575,The Descendants,2011,Fox Searchlight,Drama,40315665,5083943.0
79,2011,tt0993842,Hanna,2011,Focus Features,Thriller/Suspense,40259119,5076812.0
80,2011,tt0398286,Tangled,2010,Walt Disney,Adventure,39537546,4985819.0
81,2011,tt0491152,Something Borrowed,2011,Warner Bros.,Romantic Comedy,39046489,4923895.0
82,2011,tt1517489,Spy Kids: All the Time in the World,2011,Weinstein/Dimension,Adventure,38536376,4859568.0
83,2011,tt1262416,Scream 4,2011,Weinstein/Dimension,Horror,38180928,4814745.0
84,2011,tt1464174,"Big Mommas: Like Father, Like Son",2011,20th Century Fox,Comedy,37915414,4781263.0
85,2011,tt1486185,Red Riding Hood,2011,Warner Bros.,Thriller/Suspense,37662162,4749327.0
86,2011,tt1092026,Paul,2011,Universal,Comedy,37412945,4717900.0
87,2011,tt1265990,The Roommate,2011,Sony Pictures,Thriller/Suspense,37300107,4703670.0
88,2011,tt1640484,Jumping the Broom,2011,Sony Pictures,Romantic Comedy,37295394,4703076.0
89,2011,tt1488555,The Change-Up,2011,Universal,Comedy,37243418,4696522.0
90,2011,tt1637688,In Time,2011,20th Century Fox,Thriller/Suspense,37076415,4675462.0
91,2011,tt1622547,30 Minutes or Less,2011,Sony Pictures,Black Comedy,37053924,4672626.0
92,2011,tt1657507,Colombiana,2011,Sony Pictures,Thriller/Suspense,36665854,4623689.0
93,2011,tt1616195,J. Edgar,2011,Warner Bros.,Drama,36650831,4621795.0
94,2011,tt0978764,Sucker Punch,2011,Warner Bros.,Action,36392502,4589218.0
95,2011,tt1568911,War Horse,2011,Walt Disney,Drama,36352197,4584136.0
96,2011,tt1583420,Larry Crowne,2011,Universal,Romantic Comedy,35608245,4490321.0
97,2011,tt1306980,50/50,2011,Summit Entertainment,Black Comedy,35014192,4415409.0
98,2011,tt1268799,A Very Harold & Kumar 3D Christmas,2011,Warner Bros.,Comedy,34928545,4404608.0
99,2011,tt0780504,Drive,2011,FilmDistrict,Action,34820731,4391013.0
100,2011,tt1302067,Yogi Bear,2010,Warner Bros.,Adventure,34490675,4349392.0
1,2012,tt0848228,The Avengers,2012,Walt Disney,Action,623357910,78311295.0
2,2012,tt1345836,The Dark Knight Rises,2012,Warner Bros.,Action,448139099,56298882.0
3,2012,tt1392170,The Hunger Games,2012,Lionsgate,Action,408010692,51257625.0
4,2012,tt1074638,Skyfall,2012,Sony Pictures,Action,290904271,36545763.0
5,2012,tt1673434,The Twilight Saga: Breaking Dawn Part 2,2012,Lionsgate,Drama,286422893,35982776.0
6,2012,tt0948470,The Amazing Spider-Man,2012,Sony Pictures,Adventure,262030663,32918425.0
7,2012,tt1217209,Brave,2012,Walt Disney,Adventure,237236938,29803635.0
8,2012,tt0903624,The Hobbit: An Unexpected Journey,2012,Warner Bros.,Adventure,228546604,28711885.0
9,2012,tt1637725,Ted,2012,Universal,Comedy,218665740,27470570.0
10,2012,tt1277953,Madagascar 3: Europe’s Most Wanted,2012,Paramount Pictures,Adventure,216391482,27184860.0
11,2012,tt1482459,Dr. Seuss' The Lorax,2012,Universal,Adventure,214030500,26888254.0
12,2012,tt2224272,Men in Black 3,2012,Sony Pictures,Action,179020854,22490057.0
13,2012,tt1772341,Wreck-It Ralph,2012,Walt Disney,Adventure,175990019,22109299.0
14,2012,tt1667889,Ice Age: Continental Drift,2012,20th Century Fox,Adventure,161139599,20243668.0
15,2012,tt1735898,Snow White and the Huntsman,2012,Universal,Adventure,155136755,19489542.0
16,2012,tt0837562,Hotel Transylvania,2012,Sony Pictures,Adventure,145321690,18256494.0
17,2012,tt1397280,Taken 2,2012,20th Century Fox,Thriller/Suspense,138936379,17454319.0
18,2012,tt1232829,21 Jump Street,2012,Sony Pictures,Comedy,138447667,17392923.0
19,2012,tt0443272,Lincoln,2012,Walt Disney,Drama,134189097,16857927.0
20,2012,tt1446714,Prometheus,2012,20th Century Fox,Thriller/Suspense,126477084,15889081.0
21,2012,tt1599348,Safe House,2012,Universal,Thriller/Suspense,126181630,15851964.0
22,2012,tt1606389,The Vow,2012,Sony Pictures,Drama,125014030,15705280.0
23,2012,tt1915581,Magic Mike,2012,Warner Bros.,Comedy,113721571,14286630.0
24,2012,tt1194173,The Bourne Legacy,2012,Universal,Thriller/Suspense,113203870,14221592.0
25,2012,tt1024648,Argo,2012,Warner Bros.,Thriller/Suspense,108720920,13658407.0
26,2012,tt1397514,Journey 2: The Mysterious Island,2012,Warner Bros.,Adventure,103860290,13047775.0
27,2012,tt1907668,Flight,2012,Paramount Pictures,Drama,91978551,11555094.0
28,2012,tt1621045,Think Like a Man,2012,Sony Pictures,Romantic Comedy,91547205,11500905.0
29,2012,tt1446192,Rise of the Guardians,2012,Paramount Pictures,Adventure,91337659,11474580.0
30,2012,tt1790886,The Campaign,2012,Warner Bros.,Comedy,86907746,10918059.0
31,2012,tt0454876,Life of Pi,2012,20th Century Fox,Drama,85639816,10758771.0
32,2012,tt1764651,The Expendables 2,2012,Lionsgate,Action,85028192,10681934.0
33,2012,tt1646987,Wrath of the Titans,2012,Warner Bros.,Adventure,83670083,10511317.0
34,2012,tt1077368,Dark Shadows,2012,Warner Bros.,Black Comedy,79727149,10015973.0
35,2012,tt0401729,John Carter,2012,Walt Disney,Adventure,73058679,9178226.0
36,2012,tt1707386,Les Misérables,2012,Universal,Musical,72967240,9166739.0
37,2012,tt1591479,Act of Valor,2012,Relativity,Action,70012847,8795584.0
38,2012,tt1853728,Django Unchained,2012,Weinstein Co.,Western,68605611,8618795.0
39,2012,tt1229238,Mission: Impossible—Ghost Protocol,2011,Paramount Pictures,Action,68211257,8569253.0
40,2012,tt1524137,Contraband,2012,Universal,Action,66528000,8357789.0
41,2012,tt1276104,Looper,2012,Sony Pictures,Action,66475042,8351136.0
42,2012,tt2215285,Tyler Perry’s Madea’s Witness Protection,2012,Lionsgate,Comedy,65653242,8247895.0
43,2012,tt1440129,Battleship,2012,Universal,Action,65233400,8195151.0
44,2012,tt1667353,Mirror Mirror,2012,Relativity,Adventure,64935167,8157684.0
45,2012,tt1706593,Chronicle,2012,20th Century Fox,Thriller/Suspense,64575175,8112459.0
46,2012,tt1981677,Pitch Perfect,2012,Universal,Comedy,64427368,8093890.0
47,2012,tt1535438,Hope Springs,2012,Sony Pictures,Romantic Comedy,63536011,7981911.0
48,2012,tt1496025,Underworld: Awakening,2012,Sony Pictures,Action,62321039,7829276.0
49,2012,tt1327194,The Lucky One,2012,Warner Bros.,Drama,60457138,7595118.0
50,2012,tt1645170,The Dictator,2012,Paramount Pictures,Comedy,59650222,7493746.0
51,2012,tt1386703,Total Recall,2012,Sony Pictures,Action,58877969,7396730.0
52,2012,tt0120338,Titanic,1997,Paramount Pictures,Drama,57885250,7272016.0
53,2012,tt1605630,American Reunion,2012,Universal,Comedy,56758835,7130507.0
54,2012,tt1623288,ParaNorman,2012,Focus Features,Adventure,55995988,7034672.0
55,2012,tt1596350,This Means War,2012,20th Century Fox,Romantic Comedy,54760791,6879496.0
56,2012,tt1636826,Project X,2012,Warner Bros.,Comedy,54731865,6875862.0
57,2012,tt1596365,The Woman in Black,2012,CBS Films,Horror,54333290,6825790.0
58,2012,tt2109184,Paranormal Activity 4,2012,Paramount Pictures,Horror,53886994,6769723.0
59,2012,tt1560985,The Devil Inside,2012,Paramount Pictures,Horror,53262945,6691325.0
60,2012,tt1568346,The Girl with the Dragon Tattoo,2011,Sony Pictures,Thriller/Suspense,52177103,6554912.0
61,2012,tt1462769,The Odd Life of Timothy Green,2012,Walt Disney,Drama,51778216,6504801.0
62,2012,tt5280288,Ghost Rider: Spirit of Vengeance,2012,Sony Pictures,Action,51774002,6504272.0
63,2012,tt2180290,The Grey,2012,Open Road,Thriller/Suspense,51580136,6479917.0
64,2012,tt1515091,Sherlock Holmes: A Game of Shadows,2011,Warner Bros.,Action,49938199,6273643.0
65,2012,tt0485985,Red Tails,2012,20th Century Fox,Drama,49876377,6265877.0
66,2012,tt0431021,The Possession,2012,Lionsgate,Horror,49130588,6172184.0
67,2012,tt2023453,Diary of a Wimpy Kid: Dog Days,2012,20th Century Fox,Comedy,49008662,6156867.0
68,2012,tt1922777,Sinister,2012,Lionsgate,Horror,48061556,6037884.0
69,2012,tt0407569,Beauty and the Beast,2002,Walt Disney,Musical,47611331,5981323.0
70,2012,tt0790724,Jack Reacher,2012,Paramount Pictures,Thriller/Suspense,47550642,5973699.0
71,2012,tt1615065,Savages,2012,Universal,Thriller/Suspense,47323100,5945113.0
72,2012,tt5173200,The Best Exotic Marigold Hotel,2012,Fox Searchlight,Comedy,46383639,5827090.0
73,2012,tt1748122,Moonrise Kingdom,2012,Focus Features,Drama,45512466,5717646.0
74,2012,tt0383010,The Three Stooges,2012,20th Century Fox,Comedy,44338224,5570129.0
75,2012,tt1648179,Here Comes the Boom,2012,Sony Pictures,Comedy,43599656,5477344.0
76,2012,tt1568911,War Horse,2011,Walt Disney,Drama,43531162,5468739.0
77,2012,tt1234719,Red Dawn,2012,Open Road,Action,43468052,5460811.0
78,2012,tt0120915,Star Wars Ep. I: The Phantom Menace,1999,20th Century Fox,Adventure,43456382,5459344.0
79,2012,tt1855325,Resident Evil: Retribution,2012,Sony Pictures,Horror,42345531,5319790.0
80,2012,tt1033575,The Descendants,2011,Fox Searchlight,Drama,42309296,5315238.0
81,2012,tt7371706,The Cabin in the Woods,2012,Lionsgate,Horror,42073277,5285588.0
82,2012,tt1586265,What to Expect When You’re Expecting,2012,Lionsgate,Romantic Comedy,41152203,5169875.0
83,2012,tt0266543,Finding Nemo,2003,Walt Disney,Adventure,40767633,5121562.0
84,2012,tt1855199,End of Watch,2012,Open Road,Thriller/Suspense,40766734,5121449.0
85,2012,tt1655442,The Artist,2011,Weinstein Co.,Drama,39622751,4977733.0
86,2012,tt1758830,This is 40,2012,Universal,Comedy,38951960,4893462.0
87,2012,tt1336608,Rock of Ages,2012,Warner Bros.,Musical,38518613,4839022.0
88,2012,tt1611224,Abraham Lincoln: Vampire Hunter,2012,20th Century Fox,Horror,37519139,4713460.0
89,2012,tt1212450,Lawless,2012,Weinstein Co.,Drama,37397291,4698152.0
90,2012,tt1232200,That’s My Boy,2012,Sony Pictures,Comedy,36931089,4639584.0
91,2012,tt2083383,Trouble with the Curve,2012,Warner Bros.,Drama,35763137,4492856.0
92,2012,tt1615918,Alvin and the Chipmunks: Chipwrecked,2011,20th Century Fox,Adventure,35259275,4429557.0
93,2012,tt1800741,Step Up Revolution,2012,Lionsgate,Drama,35074677,4406366.0
94,2012,tt2736560,Tyler Perry's Good Deeds,2012,Lionsgate,Drama,35025791,4400225.0
95,2012,tt1142977,Frankenweenie,2012,Walt Disney,Adventure,34485378,4332334.0
96,2012,tt1298649,The Watch,2012,20th Century Fox,Comedy,34353000,4315704.0
97,2012,tt1047540,Parental Guidance,2012,20th Century Fox,Comedy,33993350,4270521.0
98,2012,tt2247692,2016: Obama’s America,2012,Rocky Mountain Pi…,Documentary,33349941,4189691.0
99,2012,tt1582507,House at the End of the Street,2012,Relativity,Horror,31611916,3971346.0
100,2012,tt0477302,Extremely Loud and Incredibly Close,2011,Warner Bros.,Drama,31495464,3956717.0
1,2013,tt1300854,Iron Man 3,2013,Walt Disney,Action,408992272,50306553.0
2,2013,tt1951264,The Hunger Games: Catching Fire,2013,Lionsgate,Adventure,395526705,48650271.0
3,2013,tt1690953,Despicable Me 2,2013,Universal,Adventure,367793270,45239025.0
4,2013,tt0770828,Man of Steel,2013,Warner Bros.,Action,291045518,35798957.0
5,2013,tt1453405,Monsters University,2013,Walt Disney,Adventure,268488329,33024395.0
6,2013,tt2294629,Frozen,2013,Walt Disney,Musical,263092648,32360719.0
7,2013,tt1454468,Gravity,2013,Warner Bros.,Thriller/Suspense,254861229,31348245.0
8,2013,tt1905041,Fast and Furious 6,2013,Universal,Action,238679850,29357915.0
9,2013,tt1623205,Oz the Great and Powerful,2013,Walt Disney,Adventure,234770996,28877121.0
10,2013,tt1408101,Star Trek Into Darkness,2013,Paramount Pictures,Adventure,228778661,28140057.0
11,2013,tt1981115,Thor: The Dark World,2013,Walt Disney,Action,202651732,24926412.0
12,2013,tt0816711,World War Z,2013,Paramount Pictures,Action,202359711,24890493.0
13,2013,tt1170358,The Hobbit: The Desolation of Smaug,2013,Warner Bros.,Adventure,201416745,24774507.0
14,2013,tt0481499,The Croods,2013,20th Century Fox,Adventure,187168425,23021946.0
15,2013,tt2404463,The Heat,2013,20th Century Fox,Comedy,159581587,19628731.0
16,2013,tt1723121,We’re the Millers,2013,Warner Bros.,Comedy,150394119,18498662.0
17,2013,tt1343092,The Great Gatsby,2013,Warner Bros.,Drama,144840419,17815550.0
18,2013,tt1457767,The Conjuring,2013,Warner Bros.,Horror,137400141,16900386.0
19,2013,tt2024432,Identity Thief,2013,Universal,Comedy,134506920,16544517.0
20,2013,tt2191701,Grown Ups 2,2013,Sony Pictures,Comedy,133668525,16441393.0
21,2013,tt1430132,The Wolverine,2013,20th Century Fox,Action,132556852,16304656.0
22,2013,tt1583421,G.I. Joe: Retaliation,2013,Paramount Pictures,Action,122523060,15070487.0
23,2013,tt1670345,Now You See Me,2013,Lionsgate,Thriller/Suspense,117723989,14480195.0
24,2013,tt1985966,Cloudy with a Chance of Meatballs 2,2013,Sony Pictures,Adventure,116857454,14373611.0
25,2013,tt30870265,Lee Daniels' The Butler,2013,Weinstein Co.,Drama,116180128,14290299.0
26,2013,tt1951261,The Hangover 3,2013,Warner Bros.,Comedy,112200072,13800747.0
27,2013,tt0848537,Epic,2013,20th Century Fox,Adventure,107518682,13224930.0
28,2013,tt1535109,Captain Phillips,2013,Sony Pictures,Drama,104638057,12870610.0
29,2013,tt1045658,Silver Linings Playbook,2012,Weinstein Co.,Drama,103633972,12747106.0
30,2013,tt1663662,Pacific Rim,2013,Warner Bros.,Action,101802906,12521883.0
31,2013,tt1245492,This is the End,2013,Sony Pictures,Comedy,101470202,12480960.0
32,2013,tt3063516,Jackass Presents: Bad Grandpa,2013,Paramount Pictures,Comedy,101337759,12464669.0
33,2013,tt2302755,Olympus Has Fallen,2013,FilmDistrict,Thriller/Suspense,98927592,12168215.0
34,2013,tt0453562,42,2013,Warner Bros.,Drama,95020213,11687603.0
35,2013,tt1790885,Zero Dark Thirty,2012,Sony Pictures,Thriller/Suspense,94277984,11596308.0
36,2013,tt1853728,Django Unchained,2012,Weinstein Co.,Western,94199823,11586694.0
37,2013,tt1535108,Elysium,2013,Sony Pictures,Action,93050117,11445279.0
38,2013,tt1229340,Anchorman 2: The Legend Continues,2013,Paramount Pictures,Comedy,90640237,11148861.0
39,2013,tt1691917,Disney Planes,2013,Walt Disney,Adventure,90282580,11104868.0
40,2013,tt1210819,The Lone Ranger,2013,Walt Disney,Western,89302115,10984270.0
41,2013,tt1483013,Oblivion,2013,Universal,Action,89107235,10960300.0
42,2013,tt2226417,Insidious Chapter 2,2013,FilmDistrict,Horror,83586447,10281236.0
43,2013,tt1860353,Turbo,2013,20th Century Fox,Adventure,83028130,10212562.0
44,2013,tt1707386,Les Misérables,2012,Universal,Musical,75842530,9328724.0
45,2013,tt1272878,2 Guns,2013,Universal,Action,75612460,9300426.0
46,2013,tt0903624,The Hobbit: An Unexpected Journey,2012,Warner Bros.,Adventure,74456964,9158298.0
47,2013,tt2334879,White House Down,2013,Sony Pictures,Thriller/Suspense,73103784,8991855.0
48,2013,tt2023587,Mama,2013,Universal,Horror,71628180,8810354.0
49,2013,tt1702439,Safe Haven,2013,Relativity,Drama,71399120,8782180.0
50,2013,tt2017020,The Smurfs 2,2013,Sony Pictures,Adventure,71017784,8735275.0
51,2013,tt2083355,The Best Man Holiday,2013,Universal,Comedy,70313550,8648653.0
52,2013,tt1854564,Percy Jackson: Sea of Monsters,2013,20th Century Fox,Adventure,68481744,8423339.0
53,2013,tt1800241,American Hustle,2013,Sony Pictures,Black Comedy,67499173,8302481.0
54,2013,tt1606378,A Good Day to Die Hard,2013,20th Century Fox,Action,67349198,8284034.0
55,2013,tt1588173,Warm Bodies,2013,Lionsgate,Romantic Comedy,66380662,8164903.0
56,2013,tt1351685,Jack the Giant Slayer,2013,Warner Bros.,Adventure,65187603,8018155.0
57,2013,tt2184339,The Purge,2013,Universal,Horror,64473115,7930272.0
58,2013,tt1204975,Last Vegas,2013,CBS Films,Comedy,62791595,7723443.0
59,2013,tt1731141,Ender’s Game,2013,Lionsgate,Adventure,61283464,7537941.0
60,2013,tt1392214,Prisoners,2013,Warner Bros.,Thriller/Suspense,61002302,7503358.0
61,2013,tt1815862,After Earth,2013,Sony Pictures,Action,60522097,7444292.0
62,2013,tt0765446,Escape From Planet Earth,2013,Weinstein Co.,Adventure,57012977,7012666.0
63,2013,tt1428538,Hansel & Gretel: Witch Hunters,2013,Paramount Pictures,Action,55703475,6851596.0
64,2013,tt1621039,Free Birds,2013,Relativity,Adventure,54414000,6692989.0
65,2013,tt1288558,Evil Dead,2013,Sony Pictures,Horror,54239856,6671569.0
66,2013,tt1821694,RED 2,2013,Lionsgate,Action,53262560,6551360.0
67,2013,tt2070862,Tyler Perry’s Temptation,2013,Lionsgate,Drama,51975354,6393032.0
68,2013,tt1911644,The Call,2013,Sony Pictures,Thriller/Suspense,51872378,6380366.0
69,2013,tt1980209,Pain & Gain,2013,Paramount Pictures,Action,49875291,6134722.0
70,2013,tt0443272,Lincoln,2012,Walt Disney,Drama,48018876,5906381.0
71,2013,tt1321870,Gangster Squad,2013,Warner Bros.,Action,46000903,5658168.0
72,2013,tt0107290,Jurassic Park,1994,Universal,Adventure,45385935,5582526.0
73,2013,tt2609758,Tyler Perry’s A Madea Christmas,2013,Lionsgate,Comedy,45282853,5569847.0
74,2013,tt2234155,The Internship,2013,20th Century Fox,Comedy,44672764,5494805.0
75,2013,tt2378281,Instructions Not Included,2013,Lionsgate,Comedy,44467206,5469521.0
76,2013,tt2140373,Saving Mr. Banks,2013,Walt Disney,Drama,44087469,5422813.0
77,2013,tt1047540,Parental Guidance,2012,20th Century Fox,Comedy,43273946,5322749.0
78,2013,tt0882977,Snitch,2013,Lionsgate,Thriller/Suspense,42930462,5280500.0
79,2013,tt1411250,Riddick,2013,Universal,Action,42025135,5169143.0
80,2013,tt0993846,The Wolf of Wall Street,2013,Paramount Pictures,Black Comedy,41497424,5104234.0
81,2013,tt2243537,A Haunted House,2013,Open Road,Comedy,40041683,4925176.0
82,2013,tt0454876,Life of Pi,2012,20th Century Fox,Drama,39347206,4839755.0
83,2013,tt2024544,12 Years a Slave,2013,Fox Searchlight,Drama,37951371,4668065.0
84,2013,tt2404311,The Family,2013,Relativity,Black Comedy,36896939,4538369.0
85,2013,tt1939659,Carrie,2013,Sony Pictures,Horror,35266619,4337838.0
86,2013,tt1572315,Texas Chainsaw 3D,2013,Lionsgate,Horror,34341945,4224101.0
87,2013,tt0790736,R.I.P.D.,2013,Universal,Action,33618855,4135161.0
88,2013,tt2334873,Blue Jasmine,2013,Sony Pictures Cla…,Comedy,32744634,4027630.0
89,2013,tt0790724,Jack Reacher,2012,Paramount Pictures,Thriller/Suspense,32520094,4000012.0
90,2013,tt2609912,Kevin Hart: Let Me Explain,2013,Lionsgate,Concert/Perfor…,32244051,3966058.0
91,2013,tt2053463,Side Effects,2013,Open Road,Thriller/Suspense,32172757,3957289.0
92,2013,tt0795461,Scary Movie 5,2013,Weinstein Co.,Comedy,32015787,3937981.0
93,2013,tt0359950,The Secret Life of Walter Mitty,2013,20th Century Fox,Adventure,31484331,3872611.0
94,2013,tt1538403,The Mortal Instruments: City of Bones,2013,Sony Pictures,Adventure,31165421,3833385.0
95,2013,tt2387559,Delivery Man,2013,Walt Disney,Comedy,29704884,3653737.0
96,2013,tt2515086,One Direction: This is Us,2013,Sony Pictures,Concert/Perfor…,28873374,3551461.0
97,2013,tt1650554,Kick-Ass 2,2013,Universal,Action,28795985,3541942.0
98,2013,tt1758830,This is 40,2012,Universal,Comedy,28592545,3516918.0
99,2013,tt1024648,Argo,2012,Warner Bros.,Thriller/Suspense,27304583,3358497.0
100,2013,tt1979320,Rush,2013,Universal,Drama,26947624,3314591.0
1,2014,tt2015381,Guardians of the Galaxy,2014,Walt Disney,Action,332965525,40754654.0
2,2014,tt1951265,The Hunger Games: Mockingjay - Part 1,2014,Lionsgate,Action,313282914,38345522.0
3,2014,tt1843866,Captain America: The Winter Soldier,2014,Walt Disney,Action,259746958,31792773.0
4,2014,tt1490017,The Lego Movie,2014,Warner Bros.,Adventure,257784718,31552597.0
5,2014,tt2109248,Transformers: Age of Extinction,2014,Paramount Pictures,Action,245439076,30041503.0
6,2014,tt1587310,Maleficent,2014,Walt Disney,Adventure,241407328,29548021.0
7,2014,tt1877832,X-Men: Days of Future Past,2014,20th Century Fox,Action,233921534,28631767.0
8,2014,tt2103281,Dawn of the Planet of the Apes,2014,20th Century Fox,Adventure,208545589,25525776.0
9,2014,tt2245084,Big Hero 6,2014,Walt Disney,Adventure,204576654,25039982.0
10,2014,tt1872181,The Amazing Spider-Man 2,2014,Sony Pictures,Action,202853933,24829123.0
11,2014,tt0831387,Godzilla,2014,Warner Bros.,Action,200676069,24562554.0
12,2014,tt2294449,22 Jump Street,2014,Sony Pictures,Comedy,191719337,23466259.0
13,2014,tt1291150,Teenage Mutant Ninja Turtles,2014,Paramount Pictures,Action,191204754,23403275.0
14,2014,tt2310332,The Hobbit: The Battle of the Five Armies,2014,Warner Bros.,Adventure,189549326,23200652.0
15,2014,tt0816692,Interstellar,2014,Paramount Pictures,Adventure,179387895,21956903.0
16,2014,tt1646971,How to Train Your Dragon 2,2014,20th Century Fox,Adventure,177002924,21664985.0
17,2014,tt2267998,Gone Girl,2014,20th Century Fox,Thriller/Suspense,166197583,20342421.0
18,2014,tt1840309,Divergent,2014,Lionsgate,Adventure,150947895,18475875.0
19,2014,tt2004420,Neighbors,2014,Universal,Comedy,150086800,18370477.0
20,2014,tt2294629,Frozen,2013,Walt Disney,Musical,137645361,16847657.0
21,2014,tt1408253,Ride Along,2014,Universal,Comedy,134202565,16426263.0
22,2014,tt2357291,Rio 2,2014,20th Century Fox,Adventure,131538435,16100176.0
23,2014,tt2872732,Lucy,2014,Universal,Action,126573960,15492529.0
24,2014,tt5310940,Lone Survivor,2014,Universal,Action,124907273,15288528.0
25,2014,tt2582846,The Fault in Our Stars,2014,20th Century Fox,Drama,124872350,15284253.0
26,2014,tt0864835,Mr. Peabody & Sherman,2014,20th Century Fox,Adventure,111506430,13648278.0
27,2014,tt1253863,300: Rise of an Empire,2014,Warner Bros.,Action,106580051,13045294.0
28,2014,tt1790864,The Maze Runner,2014,20th Century Fox,Action,102104191,12497453.0
29,2014,tt1959490,Noah,2014,Paramount Pictures,Drama,101200044,12386786.0
30,2014,tt0455944,The Equalizer,2014,Sony Pictures,Action,100915604,12351971.0
31,2014,tt1631867,Edge of Tomorrow,2014,Warner Bros.,Action,100206256,12265148.0
32,2014,tt2024469,Non-Stop,2014,Universal,Action,91742160,11229151.0
33,2014,tt1929263,Heaven is for Real,2014,Sony Pictures,Drama,91386097,11185569.0
34,2014,tt2713180,Fury,2014,Sony Pictures,Drama,85244339,10433824.0
35,2014,tt2096672,Dumb and Dumber To,2014,Universal,Comedy,84966865,10399861.0
36,2014,tt2103254,Tammy,2014,Warner Bros.,Comedy,84525432,10345830.0
37,2014,tt3322940,Annabelle,2014,Warner Bros.,Horror,84273813,10315032.0
38,2014,tt2203939,The Other Woman,2014,20th Century Fox,Comedy,83911193,10270648.0
39,2014,tt1800241,American Hustle,2013,Sony Pictures,Black Comedy,82599283,10110071.0
40,2014,tt1924435,Let’s Be Cops,2014,20th Century Fox,Comedy,82390774,10084550.0
41,2014,tt2177771,The Monuments Men,2014,Sony Pictures,Drama,78031620,9550994.0
42,2014,tt0993846,The Wolf of Wall Street,2013,Paramount Pictures,Black Comedy,75451759,9235221.0
43,2014,tt1911658,Penguins of Madagascar,2014,20th Century Fox,Adventure,74028222,9060982.0
44,2014,tt1267297,Hercules,2014,Paramount Pictures,Adventure,72688614,8897015.0
45,2014,tt2975578,The Purge: Anarchy,2014,Universal,Thriller/Suspense,71562550,8759186.0
46,2014,tt2692250,Night at the Museum: Secret of the Tomb,2014,20th Century Fox,Adventure,69354582,8488933.0
47,2014,tt1698641,"Alexander and the Terrible, Horrible, No Good, Very Bad Day",2014,Walt Disney,Comedy,65741380,8046681.0
48,2014,tt2239832,Think Like a Man Too,2014,Sony Pictures,Romantic Comedy,65028687,7959448.0
49,2014,tt0107688,The Nightmare Before Christmas,1993,Walt Disney,Musical,64405375,7883155.0
50,2014,tt1821658,The Nut Job,2014,Open Road,Adventure,64251538,7864325.0
51,2014,tt2180411,Into the Woods,2014,Walt Disney,Musical,64062104,7841139.0
52,2014,tt1809398,Unbroken,2014,Universal,Drama,62528610,7653441.0
53,2014,tt2528814,God’s Not Dead,2014,Pure Flix Enterta…,Drama,60755732,7436442.0
54,2014,tt3210686,Son of God,2014,20th Century Fox,Drama,59700064,7307229.0
55,2014,tt2980706,Planes: Fire and Rescue,2014,Walt Disney,Adventure,59157732,7240848.0
56,2014,tt2278388,The Grand Budapest Hotel,2014,Fox Searchlight,Comedy,59076019,7230847.0
57,2014,tt1234721,RoboCop,2014,Sony Pictures,Action,58607007,7173440.0
58,2014,tt1823664,Annie,2014,Sony Pictures,Musical,56951920,6970859.0
59,2014,tt1170358,The Hobbit: The Desolation of Smaug,2013,Warner Bros.,Adventure,56824777,6955297.0
60,2014,tt0829150,Dracula Untold,2014,Universal,Action,55991880,6853351.0
61,2014,tt1528100,Exodus: Gods and Kings,2014,20th Century Fox,Drama,55727340,6820972.0
62,2014,tt2980648,The Hundred-Foot Journey,2014,Walt Disney,Comedy,54235441,6638365.0
63,2014,tt2011159,No Good Deed,2014,Sony Pictures,Thriller/Suspense,52543632,6431289.0
64,2014,tt2170439,Horrible Bosses 2,2014,Warner Bros.,Black Comedy,51745425,6333589.0
65,2014,tt2281587,Muppets Most Wanted,2014,Walt Disney,Adventure,51178893,6264246.0
66,2014,tt1204977,Ouija,2014,Universal,Horror,50856010,6224726.0
67,2014,tt1205537,Jack Ryan: Shadow Recruit,2014,Paramount Pictures,Action,50577412,6190626.0
68,2014,tt0787474,The Boxtrolls,2014,Focus Features,Adventure,50503155,6181537.0
69,2014,tt1355630,If I Stay,2014,Warner Bros.,Drama,50474843,6178071.0
70,2014,tt2262227,The Book of Life,2014,20th Century Fox,Adventure,49323100,6037099.0
71,2014,tt1826590,About Last Night,2014,Sony Pictures,Romantic Comedy,48637684,5953205.0
72,2014,tt2106361,Into the Storm,2014,Warner Bros.,Thriller/Suspense,47602194,5826462.0
73,2014,tt1742044,Jersey Boys,2014,Warner Bros.,Drama,47047013,5758508.0
74,2014,tt1872194,The Judge,2014,Warner Bros.,Drama,47003241,5753151.0
75,2014,tt1086772,Blended,2014,Warner Bros.,Romantic Comedy,46290741,5665941.0
76,2014,tt0435651,The Giver,2014,Weinstein Co.,Drama,45090374,5519018.0
77,2014,tt2369135,Need for Speed,2014,Walt Disney,Action,43568507,5332743.0
78,2014,tt2170593,St. Vincent,2014,Weinstein Co.,Comedy,43145277,5280940.0
79,2014,tt2911666,John Wick,2014,Lionsgate,Action,42820432,5241179.0
80,2014,tt2557490,A Million Ways to Die in The West,2014,Universal,Western,42720965,5229004.0
81,2014,tt2978462,Dolphin Tale 2,2014,Warner Bros.,Drama,42024533,5143762.0
82,2014,tt2333784,The Expendables 3,2014,Lionsgate,Action,39322544,4813041.0
83,2014,tt2140373,Saving Mr. Banks,2013,Walt Disney,Drama,39212292,4799546.0
84,2014,tt2183034,Earth to Echo,2014,Relativity,Adventure,38934842,4765587.0
85,2014,tt1956620,Sex Tape,2014,Sony Pictures,Comedy,38543473,4717683.0
86,2014,tt1322269,August: Osage County,2013,Weinstein Co.,Black Comedy,37484719,4588093.0
87,2014,tt1229340,Anchorman 2: The Legend Continues,2013,Paramount Pictures,Comedy,36772939,4500972.0
88,2014,tt1647668,Million Dollar Arm,2014,Walt Disney,Drama,36447959,4461194.0
89,2014,tt1371150,This is Where I Leave You,2014,Warner Bros.,Comedy,34296320,4197836.0
90,2014,tt2473682,Paranormal Activity: The Marked Ones,2014,Paramount Pictures,Horror,32462372,3973363.0
91,2014,tt2872718,Nightcrawler,2014,Open Road,Thriller/Suspense,31825147,3895367.0
92,2014,tt2883512,Chef,2014,Open Road,Comedy,31424004,3846267.0
93,2014,tt2172934,3 Days to Kill,2014,Relativity,Thriller/Suspense,30697999,3757405.0
94,2014,tt2377322,Deliver Us from Evil,2014,Sony Pictures,Horror,30577122,3742610.0
95,2014,tt2473602,Get on Up,2014,Universal,Drama,30569935,3741730.0
96,2014,tt2247476,When the Game Stands Tall,2014,Sony Pictures,Drama,30127963,3687633.0
97,2014,tt1951264,The Hunger Games: Catching Fire,2013,Lionsgate,Adventure,29141342,3566872.0
98,2014,tt2223990,Draft Day,2014,Lionsgate,Drama,28842237,3530262.0
99,2014,tt3209680,Oculus,2014,Relativity,Horror,27695246,3389871.0
100,2014,tt0359950,The Secret Life of Walter Mitty ,2013,20th Century Fox,Adventure,26752507,3274481.0
1,2015,tt0369610,Jurassic World,2015,Universal,Action,652270625,77374926.0
2,2015,tt2488496,Star Wars Ep. VII: The Force Awakens,2015,Walt Disney,Adventure,651967269,77338941.0
3,2015,tt2395427,Avengers: Age of Ultron,2015,Walt Disney,Action,459005868,54449095.0
4,2015,tt2096673,Inside Out,2015,Walt Disney,Adventure,356461711,42284900.0
5,2015,tt2820852,Furious 7,2015,Universal,Action,353007020,41875091.0
6,2015,tt2179136,American Sniper,2014,Warner Bros.,Drama,348797073,41375691.0
7,2015,tt2293640,Minions,2015,Universal,Adventure,336045770,39863081.0
8,2015,tt1951266,The Hunger Games: Mockingjay - Part 2,2015,Lionsgate,Action,269569121,31977357.0
9,2015,tt3659388,The Martian,2015,20th Century Fox,Adventure,225345353,26731359.0
10,2015,tt1661199,Cinderella,2015,Walt Disney,Drama,201151353,23861370.0
11,2015,tt2379713,Spectre,2015,Sony Pictures,Action,197102585,23381090.0
12,2015,tt2381249,Mission: Impossible—Rogue Nation,2015,Paramount Pictures,Action,195042377,23136700.0
13,2015,tt2848292,Pitch Perfect 2,2015,Universal,Comedy,184296230,21861949.0
14,2015,tt0478970,Ant-Man,2015,Walt Disney,Action,180202163,21376295.0
15,2015,tt2224026,Home,2015,20th Century Fox,Adventure,177397510,21043595.0
16,2015,tt2510894,Hotel Transylvania 2,2015,Sony Pictures,Adventure,168471018,19984700.0
17,2015,tt2322441,Fifty Shades of Grey,2015,Universal,Drama,166167230,19711415.0
18,2015,tt2279373,The SpongeBob Movie: Sponge Out of Water,2015,Paramount Pictures,Adventure,162994032,19334998.0
19,2015,tt1398426,Straight Outta Compton,2015,Universal,Drama,161197785,19121920.0
20,2015,tt2126355,San Andreas,2015,Warner Bros.,Adventure,155190832,18409351.0
21,2015,tt1392190,Mad Max: Fury Road,2015,Warner Bros.,Action,153636354,18224953.0
22,2015,tt3410834,The Divergent Series: Insurgent,2015,Lionsgate,Action,130179072,15442357.0
23,2015,tt5026378,Kingsman: The Secret Service,2015,20th Century Fox,Action,128261724,15214914.0
24,2015,tt2452042,The Peanuts Movie,2015,20th Century Fox,Adventure,128235584,15211813.0
25,2015,tt0073629,The Rocky Horror Picture Show,1975,20th Century Fox,Musical,113235674,13432464.0
26,2015,tt3079380,Spy!,2015,20th Century Fox,Comedy,110825712,13146585.0
27,2015,tt1979388,The Good Dinosaur,2015,Walt Disney,Adventure,110716470,13133626.0
28,2015,tt3152624,Trainwreck,2015,Universal,Romantic Comedy,110212700,13073867.0
29,2015,tt3076658,Creed,2015,Warner Bros.,Drama,99385165,11789462.0
30,2015,tt1964418,Tomorrowland,2015,Walt Disney,Adventure,93436322,11083787.0
31,2015,tt2561572,Get Hard,2015,Warner Bros.,Comedy,90411453,10724965.0
32,2015,tt1340138,Terminator: Genisys,2015,Paramount Pictures,Action,89760956,10647800.0
33,2015,tt2446042,Taken 3,2015,20th Century Fox,Action,89256424,10587951.0
34,2015,tt4046784,Maze Runner: The Scorch Trials,2015,20th Century Fox,Action,81630702,9683357.0
35,2015,tt2637276,Ted 2,2015,Universal,Comedy,81476385,9665052.0
36,2015,tt1051904,Goosebumps,2015,Sony Pictures,Horror,79132868,9387054.0
37,2015,tt2120120,Pixels,2015,Sony Pictures,Action,78765986,9343533.0
38,2015,tt1109624,Paddington,2015,Weinstein Co.,Adventure,76223578,9041943.0
39,2015,tt2361509,The Intern,2015,Warner Bros.,Comedy,75574886,8964992.0
40,2015,tt2084970,The Imitation Game,2014,Weinstein Co.,Drama,71188624,8444677.0
41,2015,tt3450650,Paul Blart: Mall Cop 2,2015,Sony Pictures,Comedy,71091594,8433167.0
42,2015,tt3682448,Bridge of Spies,2015,Walt Disney,Thriller/Suspense,70447776,8356794.0
43,2015,tt3832914,War Room,2015,Sony Pictures,Drama,66628024,7903680.0
44,2015,tt2268016,Magic Mike XXL,2015,Warner Bros.,Comedy,66013057,7830730.0
45,2015,tt2310332,The Hobbit: The Battle of the Five Armies,2014,Warner Bros. / Fa…,Adventure,65570462,7778228.0
46,2015,tt3567288,The Visit,2015,Universal,Horror,65206105,7735007.0
47,2015,tt1528854,Daddy’s Home,2015,Paramount Pictures,Comedy,64684278,7673105.0
48,2015,tt0884732,The Wedding Ringer,2015,Sony Pictures,Comedy,64460211,7646526.0
49,2015,tt2180411,Into the Woods,2014,Walt Disney,Musical,63940268,7584848.0
50,2015,tt1355683,Black Mass,2015,Warner Bros.,Drama,62575678,7422975.0
51,2015,tt1524930,Vacation,2015,Warner Bros.,Comedy,58884188,6985076.0
52,2015,tt3862750,The Perfect Guy,2015,Sony Pictures,Thriller/Suspense,57027435,6764820.0
53,2015,tt1502712,Fantastic Four,2015,20th Century Fox,Action,56117548,6656886.0
54,2015,tt2974918,Alvin and the Chipmunks: The Road Chip,2015,20th Century Fox,Adventure,55575427,6592577.0
55,2015,tt2381941,Focus,2015,Warner Bros.,Comedy,53862963,6389438.0
56,2015,tt1809398,Unbroken,2014,Universal,Drama,53371650,6331157.0
57,2015,tt1798684,Southpaw,2015,Weinstein Co.,Drama,52421953,6218500.0
58,2015,tt3195644,Insidious Chapter 3,2015,Focus Features,Horror,52218558,6194372.0
59,2015,tt1020072,Selma,2014,Paramount Pictures,Drama,50872921,6034747.0
60,2015,tt1850457,Sisters,2015,Universal,Comedy,49123380,5827210.0
61,2015,tt1617661,Jupiter Ascending,2015,Warner Bros.,Action,47482519,5632565.0
62,2015,tt1029360,Poltergeist,2015,20th Century Fox,Horror,47425125,5625756.0
63,2015,tt3397884,Sicario,2015,Lionsgate,Thriller/Suspense,46770373,5548087.0
64,2015,tt1638355,The Man From U.N.C.L.E.,2015,Warner Bros.,Action,45445109,5390879.0
65,2015,tt2097298,"McFarland, USA",2015,Walt Disney,Drama,44480275,5276426.0
66,2015,tt2692250,Night at the Museum: Secret of the Tomb,2014,20th Century Fox,Adventure,44392039,5265960.0
67,2015,tt4178092,The Gift,2015,STX Entertainment,Thriller/Suspense,43787265,5194219.0
68,2015,tt2719848,Everest,2015,Universal,Adventure,43482270,5158039.0
69,2015,tt3530002,The Night Before,2015,Sony Pictures,Comedy,42884826,5087168.0
70,2015,tt3369806,Max,2015,Warner Bros.,Adventure,42656255,5060054.0
71,2015,tt1655441,The Age of Adaline,2015,Lionsgate,Drama,42629776,5056913.0
72,2015,tt3850590,Krampus,2015,Universal,Horror,41465710,4918827.0
73,2015,tt2726560,The Longest Ride,2015,20th Century Fox,Drama,37446117,4442007.0
74,2015,tt3181822,The Boy Next Door,2015,Universal,Thriller/Suspense,36006065,4271182.0
75,2015,tt3332064,Pan,2015,Warner Bros.,Adventure,35057457,4158654.0
76,2015,tt2967224,Hot Pursuit,2015,Warner Bros.,Comedy,34580201,4102040.0
77,2015,tt1666801,The DUFF,2015,CBS Films,Comedy,34030343,4036814.0
78,2015,tt2404425,Woman in Gold,2015,Weinstein Co.,Drama,33307793,3951102.0
79,2015,tt2555736,The Second Best Exotic Marigold Hotel,2015,Fox Searchlight,Comedy,33078266,3923875.0
80,2015,tt4836716,Unfriended,2015,Universal,Horror,32789645,3889638.0
81,2015,tt1674771,Entourage,2015,Warner Bros.,Comedy,32363404,3839075.0
82,2015,tt3622592,Paper Towns,2015,20th Century Fox,Drama,32000304,3796003.0
83,2015,tt1823672,Chappie,2015,Sony Pictures,Action,31569268,3744872.0
84,2015,tt2554274,Crimson Peak,2015,Universal,Horror,31090320,3688057.0
85,2015,tt1178665,A Walk in the Woods,2015,Broad Green Pictures,Adventure,29499394,3499335.0
86,2015,tt1823664,Annie,2014,Sony Pictures,Musical,28959342,3435272.0
87,2015,tt2446980,Joy,2015,20th Century Fox,Drama,28310094,3358256.0
88,2015,tt2752772,Sinister 2,2015,Focus Features,Horror,27740955,3290742.0
89,2015,tt1618442,The Last Witch Hunter,2015,Lionsgate,Action,27367660,3246460.0
90,2015,tt1781922,No Escape,2015,Weinstein Co.,Thriller/Suspense,27288872,3237114.0
91,2015,tt3623726,Ricki and the Flash,2015,Sony Pictures,Drama,26839498,3183808.0
92,2015,tt2339741,The Woman in Black 2: Angel of Death,2015,Relativity,Horror,26501323,3143692.0
93,2015,tt2199571,Run All Night,2015,Warner Bros.,Action,26461644,3138985.0
94,2015,tt2279339,Love the Coopers,2015,CBS Films,Comedy,26054993,3090747.0
95,2015,tt1895587,Spotlight,2015,Open Road,Drama,25923879,3075193.0
96,2015,tt2918436,The Lazarus Effect,2015,Lionsgate,Horror,25801570,3060684.0
97,2015,tt5262674,Ex Machina,2015,A24,Thriller/Suspense,25440971,3017909.0
98,2015,tt1596363,The Big Short,2015,Paramount Pictures,Drama,23995178,2846403.0
99,2015,tt1951265,The Hunger Games: Mockingjay - Part 1,2014,Lionsgate,Action,23852971,2829534.0
100,2015,tt1390411,In the Heart of the Sea,2015,Warner Bros.,Adventure,23063385,2735870.0
1,2016,tt2277860,Finding Dory,2016,Walt Disney,Adventure,486295561,56219140.0
2,2016,tt3748528,Rogue One: A Star Wars Story,2016,Walt Disney,Adventure,408235850,47194896.0
3,2016,tt3498820,Captain America: Civil War,2016,Walt Disney,Action,408084349,47177381.0
4,2016,tt2709768,The Secret Life of Pets,2016,Universal,Adventure,368384330,42587784.0
5,2016,tt3040964,The Jungle Book,2016,Walt Disney,Adventure,364001123,42081055.0
6,2016,tt1431045,Deadpool,2016,20th Century Fox,Action,363070709,41973492.0
7,2016,tt2948356,Zootopia,2016,Walt Disney,Adventure,341268248,39452977.0
8,2016,tt2975590,Batman v Superman: Dawn of Justice,2016,Warner Bros.,Action,330360194,38191930.0
9,2016,tt1386697,Suicide Squad,2016,Warner Bros.,Action,325100054,37583821.0
10,2016,tt2488496,Star Wars Ep. VII: The Force Awakens,2015,Walt Disney,Adventure,284694956,32912712.0
11,2016,tt1211837,Doctor Strange,2016,Walt Disney,Action,229876337,26575299.0
12,2016,tt3183660,Fantastic Beasts and Where to Find Them,2016,Warner Bros.,Adventure,222675573,25742841.0
13,2016,tt3521164,Moana,2016,Walt Disney,Musical,206477478,23870229.0
14,2016,tt1663202,The Revenant,2015,20th Century Fox,Adventure,182765375,21128945.0
15,2016,tt4196776,Jason Bourne,2016,Universal,Action,162192920,18750627.0
16,2016,tt2660888,Star Trek Beyond,2016,Paramount Pictures,Adventure,158848340,18363970.0
17,2016,tt3385516,X-Men: Apocalypse,2016,20th Century Fox,Action,155442489,17970230.0
18,2016,tt3470600,Sing,2016,Universal,Musical,152853995,17670982.0
19,2016,tt1679335,Trolls,2016,20th Century Fox,Adventure,150130292,17356103.0
20,2016,tt2267968,Kung Fu Panda 3,2016,20th Century Fox,Adventure,143528619,16592904.0
21,2016,tt1289401,Ghostbusters,2016,Sony Pictures,Comedy,128350574,14838217.0
22,2016,tt1489889,Central Intelligence,2016,Warner Bros.,Comedy,127440871,14733049.0
23,2016,tt0918940,The Legend of Tarzan,2016,Warner Bros.,Adventure,126643061,14640816.0
24,2016,tt3263904,Sully,2016,Warner Bros.,Drama,124976335,14448131.0
25,2016,tt4651520,Bad Moms,2016,STX Entertainment,Comedy,113257297,13093329.0
26,2016,tt1985949,The Angry Birds Movie,2016,Sony Pictures,Adventure,107509366,12428828.0
27,2016,tt1628841,Independence Day: Resurgence,2016,20th Century Fox,Action,103144286,11924195.0
28,2016,tt3065204,The Conjuring 2: The Enfield Poltergeist,2016,Warner Bros.,Horror,102470008,11846244.0
29,2016,tt1700841,Sausage Party,2016,Sony Pictures,Comedy,97670358,11291371.0
30,2016,tt2404435,The Magnificent Seven,2016,Sony Pictures,Western,93420253,10800029.0
31,2016,tt2543164,Arrival,2016,Paramount Pictures,Drama,91676099,10598393.0
32,2016,tt2869728,Ride Along 2,2016,Universal,Comedy,90862685,10504357.0
33,2016,tt4160708,Don’t Breathe,2016,Sony Pictures,Horror,89217875,10314205.0
34,2016,tt1935859,Miss Peregrine’s Home for Peculiar Children,2016,20th Century Fox,Adventure,86945137,10051461.0
35,2016,tt2140479,The Accountant,2016,Warner Bros.,Thriller/Suspense,85856696,9925630.0
36,2016,tt1528854,Daddy’s Home,2015,Paramount Pictures,Comedy,85672859,9904377.0
37,2016,tt3949660,Teenage Mutant Ninja Turtles: Out of the Shadows,2016,Paramount Pictures,Action,82051601,9485734.0
38,2016,tt4094724,The Purge: Election Year,2016,Universal,Horror,79042440,9137854.0
39,2016,tt2567026,Alice Through the Looking Glass,2016,Walt Disney,Adventure,77042381,8906634.0
40,2016,tt2788732,Pete’s Dragon,2016,Walt Disney,Adventure,76233151,8813081.0
41,2016,tt3631112,The Girl on the Train,2016,Universal,Thriller/Suspense,75395035,8716189.0
42,2016,tt5325452,Tyler Perry’s Boo! A Madea Halloween,2016,Lionsgate,Comedy,73206343,8463161.0
43,2016,tt4624424,Storks,2016,Warner Bros.,Adventure,72414850,8371659.0
44,2016,tt1179933,10 Cloverfield Lane,2016,Paramount Pictures,Thriller/Suspense,72082999,8333295.0
45,2016,tt4786282,Lights Out,2016,Warner Bros.,Horror,67268835,7776744.0
46,2016,tt3410834,The Divergent Series: Allegiant,2016,Lionsgate,Action,66184051,7651335.0
47,2016,tt3110958,Now You See Me 2,2016,Lionsgate,Thriller/Suspense,65075540,7523184.0
48,2016,tt2119532,Hacksaw Ridge,2016,Lionsgate,Drama,64463214,7452395.0
49,2016,tt3416828,Ice Age: Collision Course,2016,20th Century Fox,Adventure,64063008,7406128.0
50,2016,tt2702724,The Boss,2016,Universal,Comedy,63077560,7292203.0
51,2016,tt3300542,London Has Fallen,2016,Focus Features,Thriller/Suspense,62524260,7228238.0
52,2016,tt4257926,Miracles from Heaven,2016,Sony Pictures,Drama,61705123,7133540.0
53,2016,tt1860357,Deepwater Horizon,2016,Lionsgate,Thriller/Suspense,61433527,7102142.0
54,2016,tt3760922,My Big Fat Greek Wedding 2,2016,Universal,Comedy,59689605,6900532.0
55,2016,tt3393786,Jack Reacher: Never Go Back,2016,Paramount Pictures,Action,58546937,6768432.0
56,2016,tt2674426,Me Before You,2016,Warner Bros.,Drama,56245075,6502321.0
57,2016,tt3691740,The BFG,2016,Walt Disney,Adventure,55483770,6414309.0
58,2016,tt1355644,Passengers,2016,Sony Pictures,Drama,55380209,6402336.0
59,2016,tt4438848,Neighbors 2: Sorority Rising,2016,Universal,Comedy,55340730,6397772.0
60,2016,tt4052882,The Shallows,2016,Sony Pictures,Thriller/Suspense,55121623,6372442.0
61,2016,tt3628584,Barbershop: The Next Cut,2016,Warner Bros.,Comedy,54030051,6246249.0
62,2016,tt4172430,13 Hours: The Secret Soldiers of Benghazi,2016,Paramount Pictures,Thriller/Suspense,52853219,6110199.0
63,2016,tt1711525,Office Christmas Party,2016,Paramount Pictures,Comedy,49815176,5758980.0
64,2016,tt4302938,Kubo and the Two Strings,2016,Focus Features,Adventure,48023088,5551802.0
65,2016,tt2381991,The Huntsman: Winter’s War,2016,Universal,Action,48003015,5549482.0
66,2016,tt0803096,Warcraft,2016,Universal,Action,47365290,5475756.0
67,2016,tt1292566,How to be Single,2016,Warner Bros.,Romantic Comedy,46843513,5415435.0
68,2016,tt1596363,The Big Short,2015,Paramount Pictures,Drama,46264692,5348519.0
69,2016,tt2823054,Mike and Dave Need Wedding Dates,2016,20th Century Fox,Comedy,46009673,5319037.0
70,2016,tt2005151,War Dogs,2016,Warner Bros.,Black Comedy,43034523,4975089.0
71,2016,tt4649416,Almost Christmas,2016,Universal,Drama,41964925,4851436.0
72,2016,tt2241351,Money Monster,2016,Sony Pictures,Thriller/Suspense,41012075,4741280.0
73,2016,tt3460252,The Hateful Eight,2015,Weinstein Co.,Western,40778206,4714243.0
74,2016,tt3640424,Allied,2016,Paramount Pictures,Drama,39541921,4571320.0
75,2016,tt3531824,Nerve,2016,Lionsgate,Thriller/Suspense,38583626,4460535.0
76,2016,tt1850457,Sisters,2015,Universal,Comedy,37921265,4383961.0
77,2016,tt3231054,Risen,2016,Sony Pictures,Drama,36880033,4263588.0
78,2016,tt2094766,Assassin’s Creed,2016,20th Century Fox,Action,36415167,4209846.0
79,2016,tt3799694,The Nice Guys,2016,Warner Bros.,Black Comedy,36261763,4192111.0
80,2016,tt3882082,The Boy,2016,STX Entertainment,Horror,35819556,4140989.0
81,2016,tt1860213,Dirty Grandpa,2016,Lionsgate,Comedy,35593113,4114811.0
82,2016,tt4361050,Ouija: Origin of Evil,2016,Universal,Horror,35144505,4062949.0
83,2016,tt2304933,The 5th Wave,2016,Sony Pictures,Action,34912982,4036183.0
84,2016,tt3062096,Inferno,2016,Sony Pictures,Thriller/Suspense,34221651,3956260.0
85,2016,tt4824302,Mother’s Day,2016,Open Road,Romantic Comedy,32492859,3756400.0
86,2016,tt2404233,Gods of Egypt,2016,Lionsgate,Adventure,31153464,3601557.0
87,2016,tt3783958,La La Land,2016,Lionsgate,Musical,30980271,3581534.0
88,2016,tt4501244,Why Him?,2016,20th Century Fox,Comedy,30633916,3541493.0
89,2016,tt2974918,Alvin and the Chipmunks: The Road Chip,2015,20th Century Fox,Adventure,30311560,3504227.0
90,2016,tt0475290,"Hail, Caesar!",2016,Universal,Comedy,30080225,3477483.0
91,2016,tt1389139,When the Bough Breaks,2016,Sony Pictures,Thriller/Suspense,29747603,3439029.0
92,2016,tt1608290,Zoolander 2,2016,Paramount Pictures,Comedy,28848693,3335109.0
93,2016,tt2446980,Joy,2015,20th Century Fox,Drama,28141138,3253311.0
94,2016,tt2025690,The Finest Hours,2016,Walt Disney,Thriller/Suspense,27569558,3187232.0
95,2016,tt4136084,Florence Foster Jenkins,2016,Paramount Pictures,Drama,27383770,3165754.0
96,2016,tt4034228,Manchester-by-the Sea,2016,Roadside Attractions,Drama,27055039,3127750.0
97,2016,tt2582782,Hell or High Water,2016,Lionsgate,Western,27007844,3122294.0
98,2016,tt3387542,The Forest,2016,Focus / Gramercy,Horror,26594261,3074481.0
99,2016,tt2638144,Ben-Hur,2016,Paramount Pictures,Adventure,26410477,3053234.0
100,2016,tt2671706,Fences,2016,Paramount Pictures,Drama,26330971,3044043.0
1,2017,tt2527336,Star Wars Ep. VIII: The Last Jedi,2017,Walt Disney,Adventure,517218368,57660911.0
2,2017,tt2771200,Beauty and the Beast,2017,Walt Disney,Musical,504014165,56188870.0
3,2017,tt0451279,Wonder Woman,2017,Warner Bros.,Action,412563408,45993691.0
4,2017,tt3896198,Guardians of the Galaxy Vol 2,2017,Walt Disney,Action,389813101,43457425.0
5,2017,tt2250912,Spider-Man: Homecoming,2017,Sony Pictures,Action,334201140,37257652.0
6,2017,tt1396484,It,2017,Warner Bros.,Horror,327481748,36508556.0
7,2017,tt3501632,Thor: Ragnarok,2017,Walt Disney,Action,311225150,34696226.0
8,2017,tt3469046,Despicable Me 3,2017,Universal,Adventure,264624300,29501037.0
9,2017,tt3315342,Logan,2017,20th Century Fox,Action,226277068,25225983.0
10,2017,tt4630562,The Fate of the Furious,2017,Universal,Action,225764765,25168870.0
11,2017,tt0974015,Justice League,2017,Warner Bros.,Action,225546295,25144514.0
12,2017,tt5013056,Dunkirk,2017,Warner Bros.,Action,188373161,21000352.0
13,2017,tt2380307,Coco,2017,Walt Disney,Musical,179834199,20048406.0
14,2017,tt4116284,The Lego Batman Movie,2017,Warner Bros.,Adventure,175750384,19593131.0
15,2017,tt5052448,Get Out,2017,Universal,Horror,175484140,19563449.0
16,2017,tt3874544,The Boss Baby,2017,20th Century Fox,Adventure,175003033,19509814.0
17,2017,tt1790809,Pirates of the Caribbean: Dead Men Tell No Tales,2017,Walt Disney,Adventure,172558876,19237333.0
18,2017,tt2283362,Jumanji: Welcome to the Jungle,2017,Sony Pictures,Adventure,169002557,18840865.0
19,2017,tt3731562,Kong: Skull Island,2017,Warner Bros.,Adventure,168052812,18734985.0
20,2017,tt4846340,Hidden Figures,2016,20th Century Fox,Drama,167620331,18686770.0
21,2017,tt3606752,Cars 3,2017,Walt Disney,Adventure,152901115,17045832.0
22,2017,tt3450958,War for the Planet of the Apes,2017,20th Century Fox,Action,146880162,16374600.0
23,2017,tt8707818,Split,2017,Universal,Horror,138141585,15400400.0
24,2017,tt3371366,Transformers: The Last Knight,2017,Paramount Pictures,Action,130168683,14511559.0
25,2017,tt3748528,Rogue One: A Star Wars Story,2016,Walt Disney,Adventure,123941474,13817333.0
26,2017,tt2543472,Wonder,2017,Lionsgate,Drama,121559294,13551761.0
27,2017,tt3783958,La La Land,2016,Lionsgate,Musical,120121532,13391475.0
28,2017,tt3470600,Sing,2016,Universal,Musical,117475050,13096438.0
29,2017,tt3564472,Girls Trip,2017,Universal,Comedy,115108515,12832610.0
30,2017,tt4465564,Fifty Shades Darker,2017,Universal,Drama,114434010,12757415.0
31,2017,tt3890160,Baby Driver,2017,Sony Pictures,Thriller/Suspense,107825862,12020720.0
32,2017,tt5140878,Annabelle: Creation,2017,Warner Bros.,Horror,102092201,11381516.0
33,2017,tt5657846,Daddy’s Home 2,2017,Paramount Pictures,Comedy,101791381,11347980.0
34,2017,tt3402236,Murder on the Orient Express,2017,20th Century Fox,Drama,100619624,11217349.0
35,2017,tt4649466,Kingsman: The Golden Circle,2017,20th Century Fox,Action,100227039,11173583.0
36,2017,tt4425200,John Wick: Chapter Two,2017,Lionsgate,Action,92029184,10259664.0
37,2017,tt1856101,Blade Runner 2049,2017,Warner Bros.,Thriller/Suspense,91654512,10217894.0
38,2017,tt4877122,The Emoji Movie,2017,Sony Pictures,Adventure,86089513,9597493.0
39,2017,tt3717490,Power Rangers,2017,Lionsgate,Action,85364450,9516661.0
40,2017,tt2345759,The Mummy,2017,Universal,Adventure,80101125,8929891.0
41,2017,tt1959563,The Hitman’s Bodyguard,2017,Lionsgate,Action,75468583,8413443.0
42,2017,tt2316204,Alien: Covenant,2017,20th Century Fox,Horror,74262031,8278933.0
43,2017,tt2091256,Captain Underpants: The First Epic Movie,2017,20th Century Fox,Adventure,73921000,8240914.0
44,2017,tt6359956,A Bad Moms Christmas,2017,STX Entertainment,Comedy,71891988,8014714.0
45,2017,tt1753383,A Dog’s Purpose,2017,Universal,Drama,64321890,7170779.0
46,2017,tt4765284,Pitch Perfect 3,2017,Universal,Comedy,63300605,7056924.0
47,2017,tt3014284,The Lego Ninjago Movie,2017,Warner Bros.,Adventure,59281555,6608869.0
48,2017,tt1469304,Baywatch,2017,Paramount Pictures,Comedy,58060186,6472707.0
49,2017,tt2872518,The Shack,2017,Lionsgate,Drama,57386418,6397594.0
50,2017,tt5308322,Happy Death Day,2017,Universal,Horror,55683845,6207787.0
51,2017,tt3411444,Ferdinand,2017,20th Century Fox,Adventure,53546717,5969534.0
52,2017,tt2406566,Atomic Blonde,2017,Focus Features,Thriller/Suspense,51573925,5749601.0
53,2017,tt3532216,American Made,2017,Universal,Action,51342000,5723746.0
54,2017,tt1648190,The Dark Tower,2017,Sony Pictures,Western,50701325,5652322.0
55,2017,tt1485796,The Greatest Showman,2017,20th Century Fox,Musical,49036718,5466747.0
56,2017,tt6217804,Tyler Perry’s Boo 2! A Madea Halloween,2017,Lionsgate,Comedy,47319572,5275315.0
57,2017,tt3741834,Lion,2016,Weinstein Co.,Drama,46435795,5176789.0
58,2017,tt2334871,Snatched,2017,20th Century Fox,Comedy,45852178,5111726.0
59,2017,tt7084124,The Great Wall,2017,Universal,Action,45157105,5034237.0
60,2017,tt2398241,Smurfs: The Lost Village,2017,Sony Pictures,Adventure,45020282,5018984.0
61,2017,tt2568862,Going in Style,2017,Warner Bros.,Comedy,45018541,5018789.0
62,2017,tt1666185,All Eyez on Me,2017,Lionsgate,Drama,44922302,5008060.0
63,2017,tt1293847,xXx: Return of Xander Cage,2017,Paramount Pictures,Action,44898413,5005397.0
64,2017,tt1355644,Passengers,2016,Sony Pictures,Drama,44634490,4975974.0
65,2017,tt2932536,47 Meters Down,2017,Entertainment Stu…,Thriller/Suspense,44307193,4939486.0
66,2017,tt5462602,The Big Sick,2017,Lionsgate,Romantic Comedy,42872467,4779539.0
67,2017,tt3521164,Moana,2016,Walt Disney,Musical,42279566,4713441.0
68,2017,tt1219827,Ghost in the Shell,2017,Paramount Pictures,Action,40563557,4522136.0
69,2017,tt2239822,Valerian and the City of a Thousand Planets,2017,STX Entertainment,Adventure,40479370,4512750.0
70,2017,tt4587656,The Star,2017,Sony Pictures,Adventure,39963949,4455290.0
71,2017,tt1972591,King Arthur: Legend of the Sword,2017,Warner Bros.,Adventure,39175066,4367343.0
72,2017,tt3348730,Jigsaw,2017,Lionsgate,Horror,38052832,4242233.0
73,2017,tt1961175,American Assassin,2017,Lionsgate,Thriller/Suspense,36249674,4041212.0
74,2017,tt1615160,The Foreigner,2017,STX Entertainment,Action,34393507,3834282.0
75,2017,tt5001718,"Everything, Everything",2017,Warner Bros.,Drama,34121140,3803918.0
76,2017,tt5362988,Wind River,2017,Weinstein Co.,Thriller/Suspense,33800859,3768212.0
77,2017,tt1981128,Geostorm,2017,Warner Bros.,Thriller/Suspense,33578782,3743454.0
78,2017,tt3095734,Monster Trucks,2017,Paramount Pictures,Adventure,33370166,3720197.0
79,2017,tt3401882,Fist Fight,2017,Warner Bros.,Comedy,32187017,3588296.0
80,2017,tt4795124,How to Be a Latin Lover,2017,Lionsgate,Comedy,32149404,3584103.0
81,2017,tt4925292,Lady Bird,2017,A24,Drama,31432463,3504176.0
82,2017,tt2671706,Fences,2016,Paramount Pictures,Drama,31351933,3495199.0
83,2017,tt4572514,Patriots Day,2016,Lionsgate,Thriller/Suspense,31319806,3491617.0
84,2017,tt1458169,Kidnap,2017,Aviron Pictures,Thriller/Suspense,30718107,3424538.0
85,2017,tt3717252,Underworld: Blood Wars,2017,Sony Pictures,Action,30353973,3383943.0
86,2017,tt2226597,The Mountain Between Us,2017,20th Century Fox,Adventure,30348555,3383339.0
87,2017,tt5442430,Life,2017,Sony Pictures,Thriller/Suspense,30234022,3370571.0
88,2017,tt4501244,Why Him?,2016,20th Century Fox,Comedy,29689870,3309907.0
89,2017,tt3486626,The Nut Job 2: Nutty by Nature,2017,Open Road,Adventure,28370522,3162823.0
90,2017,tt0498381,Rings,2017,Paramount Pictures,Horror,27793018,3098441.0
91,2017,tt5439796,Logan Lucky,2017,Bleecker Street,Comedy,27778642,3096839.0
92,2017,tt5719700,Home Again,2017,Open Road,Romantic Comedy,27020284,3012295.0
93,2017,tt6923434,Resident Evil: The Final Chapter,2017,Sony Pictures,Horror,26844692,2992719.0
94,2017,tt4481514,The House,2017,Warner Bros.,Comedy,25584504,2852230.0
95,2017,tt4481414,Gifted,2017,,Drama,24801212,2764907.0
96,2017,tt5027774,Three Billboards Outside Ebbing Missouri,2017,Fox Searchlight,Black Comedy,24164629,2693939.0
97,2017,tt4030600,The Bye Bye Man,2017,STX Entertainment,Horror,22395806,2496745.0
98,2017,tt5816682,Victoria and Abdul,2017,,Drama,22233285,2478627.0
99,2017,tt4799050,Rough Night,2017,Sony Pictures,Black Comedy,22105643,2464397.0
100,2017,tt4131800,My Little Pony: The Movie,2017,Lionsgate,Adventure,21885107,2439811.0
1,2018,tt1825683,Black Panther,2018,Walt Disney,Action,700059566,76845177.0
2,2018,tt4154756,Avengers: Infinity War,2018,Walt Disney,Action,678815482,74513225.0
3,2018,tt3606756,Incredibles 2,2018,Walt Disney,Adventure,608581744,66803704.0
4,2018,tt4881806,Jurassic World: Fallen Kingdom,2018,Universal,Action,417719760,45852883.0
5,2018,tt5463162,Deadpool 2,2018,20th Century Fox,Action,324512774,35621600.0
6,2018,tt2709692,Dr. Seuss’ The Grinch,2018,Universal,Adventure,266280410,29229463.0
7,2018,tt2283362,Jumanji: Welcome to the Jungle,2017,Sony Pictures,Adventure,235506359,25851412.0
8,2018,tt4912910,Mission: Impossible—Fallout,2018,Paramount Pictures,Action,220159104,24166751.0
9,2018,tt5095030,Ant-Man and the Wasp,2018,Walt Disney,Action,216648740,23781420.0
10,2018,tt3778644,Solo: A Star Wars Story,2018,Walt Disney,Adventure,213767512,23465150.0
11,2018,tt1270797,Venom,2018,Sony Pictures,Action,213312395,23415192.0
12,2018,tt1517451,A Star is Born,2018,Warner Bros.,Drama,201157885,22080997.0
13,2018,tt1477834,Aquaman,2018,Warner Bros.,Action,199059824,21850694.0
14,2018,tt1727824,Bohemian Rhapsody,2018,20th Century Fox,Drama,189813133,20835690.0
15,2018,tt6644200,A Quiet Place,2018,Paramount Pictures,Horror,188024361,20639337.0
16,2018,tt5848272,Ralph Breaks The Internet,2018,Walt Disney,Adventure,177616854,19496910.0
17,2018,tt3104988,Crazy Rich Asians,2018,Warner Bros.,Romantic Comedy,174519335,19156897.0
18,2018,tt5220122,Hotel Transylvania 3: Summer Vacation,2018,Sony Pictures,Adventure,167500092,18386399.0
19,2018,tt1502407,Halloween,2018,Universal,Horror,159336510,17490286.0
20,2018,tt4123430,Fantastic Beasts: The Crimes of Grindelwald,2018,Warner Bros.,Adventure,156781859,17209864.0
21,2018,tt4779682,The Meg,2018,Warner Bros.,Action,145443742,15965285.0
22,2018,tt9108974,Ocean’s 8,2018,Warner Bros.,Comedy,140218711,15391736.0
23,2018,tt1677720,Ready Player One,2018,Warner Bros.,Adventure,137690172,15114179.0
24,2018,tt1485796,The Greatest Showman,2017,20th Century Fox,Musical,125303456,13754496.0
25,2018,tt6911608,Mamma Mia: Here We Go Again!,2018,Universal,Musical,120634935,13242035.0
26,2018,tt5814060,The Nun,2018,Warner Bros.,Horror,117450119,12892439.0
27,2018,tt5117670,Peter Rabbit,2018,Sony Pictures,Adventure,115234093,12649187.0
28,2018,tt6343314,Creed II,2018,MGM,Drama,112448520,12343416.0
29,2018,tt4633694,Spider-Man: Into The Spider-Verse 3D,2018,Sony Pictures,Adventure,108146445,11871179.0
30,2018,tt5028340,Mary Poppins Returns,2018,Walt Disney,Musical,105930461,11627932.0
31,2018,tt2527336,Star Wars Ep. VIII: The Last Jedi,2017,Walt Disney,Adventure,102963014,11302197.0
32,2018,tt3766354,The Equalizer 2,2018,Sony Pictures,Action,102084362,11205748.0
33,2018,tt2231461,Rampage,2018,Warner Bros.,Action,101028233,11089817.0
34,2018,tt1620680,A Wrinkle in Time,2018,Walt Disney,Adventure,100478608,11029485.0
35,2018,tt4477536,Fifty Shades Freed,2018,Universal,Drama,100407760,11021708.0
36,2018,tt4575576,Christopher Robin,2018,Walt Disney,Adventure,99215042,10890784.0
37,2018,tt6450186,I Can Only Imagine,2018,Roadside Attractions,Drama,83482352,9163815.0
38,2018,tt6182908,Smallfoot,2018,Warner Bros.,Adventure,82976621,9108301.0
39,2018,tt6294822,The Post,2017,20th Century Fox,Drama,80143337,8797293.0
40,2018,tt6781982,Night School,2018,Universal,Comedy,77316580,8487001.0
41,2018,tt4701182,Bumblebee,2018,Paramount Pictures,Adventure,71426119,7840408.0
42,2018,tt6133466,The First Purge,2018,Universal,Horror,69488745,7627744.0
43,2018,tt2704998,Game Night,2018,Warner Bros.,Comedy,69179066,7593750.0
44,2018,tt6857166,Book Club,2018,Paramount Pictures,Romantic Comedy,68566296,7526487.0
45,2018,tt2119543,The House with a Clock in its Walls,2018,Universal,Comedy,68536400,7523205.0
46,2018,tt5758778,Skyscraper,2018,Universal,Action,68420120,7510441.0
47,2018,tt5726086,Insidious: The Last Key,2018,Universal,Horror,67745330,7436370.0
48,2018,tt7401588,Instant Family,2018,Paramount Pictures,Comedy,64845006,7118003.0
49,2018,tt7959026,The Mule,2018,Warner Bros.,Drama,64720334,7104318.0
50,2018,tt2531344,Blockers,2018,Universal,Comedy,60311495,6620362.0
51,2018,tt2557478,Pacific Rim: Uprising,2018,Universal,Action,59874525,6572396.0
52,2018,tt1365519,Tomb Raider,2018,Warner Bros.,Action,58250803,6394161.0
53,2018,tt4500922,Maze Runner: The Death Cure,2018,20th Century Fox,Action,58032443,6370191.0
54,2018,tt2854926,Tag,2018,Warner Bros.,Comedy,54730625,6007752.0
55,2018,tt5523010,The Nutcracker and the Four Realms,2018,Walt Disney,Adventure,54581769,5991413.0
56,2018,tt7040874,A Simple Favor,2018,Lionsgate,Thriller/Suspense,53548586,5878001.0
57,2018,tt5619332,Life of the Party,2018,Warner Bros.,Comedy,53059911,5824359.0
58,2018,tt3829266,The Predator,2018,20th Century Fox,Action,51024708,5600956.0
59,2018,tt1563742,Overboard,2018,Lionsgate,Romantic Comedy,50316123,5523175.0
60,2018,tt5052474,Sicario: Day of the Soldado,2018,Sony Pictures,Action,50065850,5495703.0
61,2018,tt6791096,I Feel Pretty,2018,STX Entertainment,Comedy,48795601,5356268.0
62,2018,tt7349662,BlacKkKlansman,2018,Focus Features,Black Comedy,48527565,5326846.0
63,2018,tt5580390,The Shape of Water,2017,Fox Searchlight,Drama,48189258,5289710.0
64,2018,tt2873282,Red Sparrow,2018,20th Century Fox,Thriller/Suspense,46874505,5145390.0
65,2018,tt7137846,Breaking In,2018,Universal,Thriller/Suspense,46840590,5141667.0
66,2018,tt5664636,Goosebumps 2: Haunted Halloween,2018,Sony Pictures,Horror,46697321,5125941.0
67,2018,tt1413492,12 Strong,2018,Warner Bros.,Drama,45819713,5029606.0
68,2018,tt1259528,Den of Thieves,2018,STX Entertainment,Action,44947622,4933877.0
69,2018,tt1213641,First Man,2018,Universal,Drama,44923035,4931178.0
70,2018,tt7784604,Hereditary,2018,A24,Horror,44069456,4837481.0
71,2018,tt6063050,Acrimony,2018,Lionsgate,Thriller/Suspense,43549096,4780362.0
72,2018,tt2296777,Sherlock Gnomes,2018,Paramount Pictures,Adventure,43242871,4746748.0
73,2018,tt7334528,Uncle Drew,2018,Lionsgate,Comedy,42469946,4661904.0
74,2018,tt4218572,Widows,2018,20th Century Fox,Thriller/Suspense,41904173,4599799.0
75,2018,tt4765284,Pitch Perfect 3,2017,Universal,Comedy,41596925,4566073.0
76,2018,tt6772950,Truth or Dare,2018,Universal,Thriller/Suspense,41411015,4545666.0
77,2018,tt4468740,Paddington 2,2018,Warner Bros.,Adventure,40891591,4488649.0
78,2018,tt5164432,"Love, Simon",2018,20th Century Fox,Drama,40826341,4481486.0
79,2018,tt4555426,Darkest Hour,2017,Focus Features,Drama,38310263,4205298.0
80,2018,tt1590193,The Commuter,2018,Lionsgate,Action,36343858,3989447.0
81,2018,tt6802308,The 15:17 to Paris,2018,Warner Bros.,Drama,36276286,3982029.0
82,2018,tt4560436,Mile 22,2018,STX Entertainment,Action,36108758,3963640.0
83,2018,tt4244998,Alpha,2018,Sony Pictures,Adventure,35851379,3935387.0
84,2018,tt6850820,Peppermint,2018,STX Entertainment,Action,35418723,3887895.0
85,2018,tt1137450,Death Wish,2018,MGM,Action,34017028,3734032.0
86,2018,tt6663582,The Spy Who Dumped Me,2018,Lionsgate,Comedy,33562069,3684091.0
87,2018,tt2798920,Annihilation,2018,Paramount Pictures,Thriller/Suspense,32732301,3593008.0
88,2018,tt6966692,Green Book,2018,Universal,Comedy,32153006,3529419.0
89,2018,tt5104604,Isle of Dogs,2018,Fox Searchlight,Adventure,32015231,3514295.0
90,2018,tt8097306,Nobody’s Fool,2018,Paramount Pictures,Drama,31713110,3481132.0
91,2018,tt6306064,Adrift,2018,STX Entertainment,Drama,31445011,3451703.0
92,2018,tt3411444,Ferdinand,2017,20th Century Fox,Adventure,30863663,3387888.0
93,2018,tt4532826,Robin Hood,2018,Lionsgate,Action,30645013,3363887.0
94,2018,tt0859635,Super Troopers 2,2018,20th Century Fox,Comedy,30617396,3360856.0
95,2018,tt5690360,Slender Man,2018,Sony Pictures,Horror,30564825,3355085.0
96,2018,tt5027774,Three Billboards Outside Ebbing Missouri,2017,Fox Searchlight,Black Comedy,30349111,3331406.0
97,2018,tt2380307,Coco,2017,Walt Disney,Musical,29891816,3281209.0
98,2018,tt7424200,Teen Titans Go! To The Movies,2018,Warner Bros.,Adventure,29790236,3270059.0
99,2018,tt5478478,Hostiles,2017,Entertainment Stu…,Western,29733369,3263817.0
100,2018,tt5580266,The Hate U Give,2018,20th Century Fox,Drama,29668644,3256712.0
1,2019,tt4154796,Avengers: Endgame,2019,Walt Disney,Action,858373000,93708843.0
2,2019,tt6105098,The Lion King,2019,Walt Disney,Adventure,543638043,59349131.0
3,2019,tt1979376,Toy Story 4,2019,Walt Disney,Adventure,434038008,47384062.0
4,2019,tt4520988,Frozen II,2019,Walt Disney,Musical,430144682,46959026.0
5,2019,tt4154664,Captain Marvel,2019,Walt Disney,Action,426829839,46597144.0
6,2019,tt11464830,Star Wars: The Rise of Skywalker,2019,Walt Disney,Adventure,390706234,42653519.0
7,2019,tt6320628,Spider-Man: Far From Home,2019,Sony Pictures,Action,390532085,42634507.0
8,2019,tt6139732,Aladdin,2019,Walt Disney,Adventure,355559216,38816508.0
9,2019,tt7286456,Joker,2019,Warner Bros.,Thriller/Suspense,333772511,36438047.0
10,2019,tt7349950,It: Chapter Two,2019,Warner Bros.,Horror,211593228,23099697.0
11,2019,tt7975244,Jumanji: The Next Level,2019,Sony Pictures,Adventure,192094536,20971019.0
12,2019,tt6857112,Us,2019,Universal,Horror,175084580,19114037.0
13,2019,tt6806448,Fast & Furious Presents: Hobbs & Shaw,2019,Universal,Action,173956935,18990932.0
14,2019,tt6146586,John Wick: Chapter 3 — Parabellum,2019,Lionsgate,Action,171015687,18669835.0
15,2019,tt2386490,How to Train Your Dragon: The Hidden World,2019,Universal,Adventure,160799505,17554531.0
16,2019,tt5113040,The Secret Life of Pets 2,2019,Universal,Adventure,158874395,17344366.0
17,2019,tt5884052,Pokémon: Detective Pikachu,2019,Warner Bros.,Comedy,144105346,15732025.0
18,2019,tt7131622,Once Upon a Time…in Hollywood,2019,Sony Pictures,Thriller/Suspense,141076968,15401416.0
19,2019,tt0448115,Shazam!,2019,Warner Bros.,Action,140371656,15324417.0
20,2019,tt1477834,Aquaman,2018,Warner Bros.,Action,136001983,14847378.0
21,2019,tt8946378,Knives Out,2019,Lionsgate,Drama,115711579,12632268.0
22,2019,tt3861390,Dumbo,2019,Walt Disney,Adventure,114766307,12529073.0
23,2019,tt4777008,Maleficent: Mistress of Evil,2019,Walt Disney,Adventure,113294737,12368421.0
24,2019,tt6823368,Glass,2019,Universal,Thriller/Suspense,111048468,12123195.0
25,2019,tt3741700,Godzilla: King of the Monsters,2019,Warner Bros.,Action,110500138,12063334.0
26,2019,tt9730752,The Upside,2019,STX Entertainment,Comedy,108235497,11816102.0
27,2019,tt1950186,Ford v. Ferrari,2019,20th Century Fox,Drama,107196444,11702669.0
28,2019,tt3513498,The LEGO Movie 2: The Second Part,2019,Warner Bros.,Adventure,105806508,11550929.0
29,2019,tt5503686,Hustlers,2019,STX Entertainment,Drama,104960643,11458585.0
30,2019,tt1620981,The Addams Family,2019,United Artists,Adventure,97185807,10609804.0
31,2019,tt6398184,Downton Abbey,2019,Focus Features,Drama,96853865,10573566.0
32,2019,tt2066051,Rocketman,2019,Paramount Pictures,Drama,96368160,10520541.0
33,2019,tt0437086,Alita: Battle Angel,2019,20th Century Fox,Action,85710210,9357010.0
34,2019,tt6977338,Good Boys,2019,Universal,Comedy,83140306,9076453.0
35,2019,tt4633694,Spider-Man: Into The Spider-Verse 3D,2018,Sony Pictures,Adventure,82026750,8954885.0
36,2019,tt2283336,Men in Black: International,2019,Sony Pictures,Adventure,80001807,8733822.0
37,2019,tt8350360,Annabelle Comes Home,2019,Warner Bros.,Horror,74152591,8095261.0
38,2019,tt8079248,Yesterday,2019,Universal,Romantic Comedy,73286650,8000726.0
39,2019,tt7054636,Tyler Perry’s A Madea Family Funeral,2019,Lionsgate,Comedy,73257045,7997494.0
40,2019,tt1560220,Zombieland: Double Tap,2019,Sony Pictures,Comedy,72930156,7961807.0
41,2019,tt6189022,Angel Has Fallen,2019,Lionsgate,Thriller/Suspense,69030436,7536074.0
42,2019,tt3387520,Scary Stories to Tell in the Dark,2019,Lionsgate,Horror,68947075,7526973.0
43,2019,tt5028340,Mary Poppins Returns,2018,Walt Disney,Musical,66027977,7208294.0
44,2019,tt6565702,Dark Phoenix,2019,20th Century Fox,Action,65845974,7188425.0
45,2019,tt6450804,Terminator: Dark Fate,2019,Paramount Pictures,Action,62253077,6796187.0
46,2019,tt6324278,Abominable,2019,Universal,Adventure,60679265,6624374.0
47,2019,tt7547410,Dora and the Lost City of Gold,2019,Paramount Pictures,Adventure,60477943,6602396.0
48,2019,tt5886046,Escape Room,2019,Sony Pictures,Horror,57000756,6222790.0
49,2019,tt3224458,A Beautiful Day in the Neighborhood,2019,Sony Pictures,Drama,56706993,6190720.0
50,2019,tt6924650,Midway,2019,Lionsgate,Action,56279164,6144014.0
51,2019,tt4701182,Bumblebee,2018,Paramount Pictures,Adventure,55769470,6088370.0
52,2019,tt4913966,The Curse of La Llorona,2019,Warner Bros.,Horror,54733739,5975299.0
53,2019,tt0837563,Pet Sematary,2019,Paramount Pictures,Horror,54724696,5974312.0
54,2019,tt7634968,What Men Want,2019,Paramount Pictures,Romantic Comedy,54611903,5961998.0
55,2019,tt6966692,Green Book,2018,Universal,Comedy,52927165,5778075.0
56,2019,tt2935510,Ad Astra,2019,20th Century Fox,Thriller/Suspense,50188370,5479080.0
57,2019,tt2452244,Isn’t it Romantic,2019,Warner Bros.,Romantic Comedy,48791187,5326549.0
58,2019,tt1025100,Gemini Man,2019,Paramount Pictures,Action,48546770,5299866.0
59,2019,tt7958736,MA,2019,Universal,Horror,45896028,5010483.0
60,2019,tt6472976,Five Feet Apart,2019,Lionsgate,Drama,45729221,4992273.0
61,2019,tt6428676,Wonder Park,2019,Paramount Pictures,Adventure,45216793,4936331.0
62,2019,tt1206885,Rambo: Last Blood,2019,Lionsgate,Action,44819352,4892942.0
63,2019,tt9134216,Playing with Fire,2019,Paramount Pictures,Comedy,44151387,4820020.0
64,2019,tt4648786,Harriet,2019,Focus Features,Drama,42547700,4644945.0
65,2019,tt7616798,A Dog’s Way Home,2019,Sony Pictures,Drama,41952715,4579991.0
66,2019,tt6095472,The Angry Birds Movie 2,2019,Sony Pictures,Adventure,41657076,4547716.0
67,2019,tt8085790,Little,2019,Universal,Comedy,40860481,4460751.0
68,2019,tt8722346,Queen & Slim,2019,Universal,Drama,40718945,4445300.0
69,2019,tt7083526,Breakthrough,2019,20th Century Fox,Drama,40713082,4444660.0
70,2019,tt7959026,The Mule,2018,Warner Bros.,Drama,39084073,4266820.0
71,2019,tt8364368,Crawl,2019,Paramount Pictures,Horror,39014193,4259191.0
72,2019,tt3281548,Little Women,2019,Sony Pictures,Drama,37593127,4104053.0
73,2019,tt1298644,The Hustle,2019,United Artists,Comedy,35417038,3866489.0
74,2019,tt6722030,The Intruder,2019,Sony Pictures,Thriller/Suspense,35388976,3863425.0
75,2019,tt8623904,Last Christmas,2019,Universal,Romantic Comedy,35116450,3833674.0
76,2019,tt8186318,Overcomer,2019,Sony Pictures,Drama,34700142,3788225.0
77,2019,tt5719748,Cold Pursuit,2019,Lionsgate,Thriller/Suspense,32138862,3508609.0
78,2019,tt5606664,Doctor Sleep,2019,Warner Bros.,Horror,31543097,3443570.0
79,2019,tt7961060,Dragon Ball Super: Broly,2019,FUNimation,Action,30376755,3316240.0
80,2019,tt2139881,Long Shot,2019,Lionsgate,Romantic Comedy,30316271,3309637.0
81,2019,tt5814534,Spies in Disguise,2019,20th Century Fox,Adventure,29323688,3201276.0
82,2019,tt8663516,Child’s Play,2019,United Artists,Horror,29208403,3188690.0
83,2019,tt7798634,Ready or Not,2019,Fox Searchlight,Black Comedy,28714231,3134741.0
84,2019,tt8155288,Happy Death Day 2U,2019,Universal,Thriller/Suspense,28148130,3072940.0
85,2019,tt6266538,Vice,2018,Annapurna Pictures,Black Comedy,28060115,3063331.0
86,2019,tt8688634,21 Bridges,2019,STX Entertainment,Thriller/Suspense,27747269,3029178.0
87,2019,tt8772262,Midsommar,2019,A24,Horror,27426363,2994144.0
88,2019,tt1727824,Bohemian Rhapsody,2018,20th Century Fox,Drama,26490206,2891944.0
89,2019,tt1478839,The Art of Racing in the Rain,2019,20th Century Fox,Drama,26402818,2882404.0
90,2019,tt10039344,Countdown,2019,STX Entertainment,Horror,25594369,2794145.0
91,2019,tt5727208,Uncut Gems,2019,A24,Thriller/Suspense,24233824,2645614.0
92,2019,tt7549996,Judy,2019,Roadside Attractions,Drama,24018519,2622109.0
93,2019,tt5848272,Ralph Breaks The Internet,2018,Walt Disney,Adventure,23474857,2562757.0
94,2019,tt6513120,Fighting With My Family,2019,,Comedy,22958583,2506396.0
95,2019,tt4669788,On the Basis of Sex,2018,Focus Features,Drama,22946065,2505029.0
96,2019,tt8385474,A Dog’s Journey,2019,Universal,Drama,22782371,2487158.0
97,2019,tt1489887,Booksmart,2019,United Artists,Comedy,22680962,2476088.0
98,2019,tt6751668,Parasite,2019,Neon,Black Comedy,22633685,2470926.0
99,2019,tt7734218,Stuber,2019,20th Century Fox,Comedy,22370452,2442189.0
100,2019,tt7329656,47 Meters Down: Uncaged,2019,Entertainment Stu…,Thriller/Suspense,22260900,2430229.0
1,2020,tt1502397,Bad Boys For Life,2020,Sony Pictures,Action,204417855,22267740.0
2,2020,tt8579674,1917,2019,Universal,Thriller/Suspense,157901466,17200595.0
3,2020,tt3794354,Sonic The Hedgehog,2020,Paramount Pictures,Adventure,146066470,15911380.0
4,2020,tt7975244,Jumanji: The Next Level,2019,Sony Pictures,Adventure,124736710,13587877.0
5,2020,tt11464830,Star Wars: The Rise of Skywalker,2019,Walt Disney,Adventure,124496308,13561689.0
6,2020,tt7713068,Birds of Prey (And the Fantabulous Emancipation of One Harley Quinn),2020,Warner Bros.,Action,84158461,9167588.0
7,2020,tt6673612,Dolittle,2020,Universal,Adventure,77047065,8392926.0
8,2020,tt3281548,Little Women,2019,Sony Pictures,Drama,70502828,7680047.0
9,2020,tt1051906,The Invisible Man,2020,Universal,Horror,64914050,7071247.0
10,2020,tt7504726,The Call of the Wild,2020,20th Century Studios,Adventure,62342368,6791108.0
11,2020,tt7146812,Onward,2020,Walt Disney,Adventure,61555145,6705353.0
12,2020,tt6723592,Tenet,2020,Warner Bros.,Action,58044165,6322894.0
13,2020,tt8946378,Knives Out,2019,Lionsgate,Drama,49652481,5408767.0
14,2020,tt4520988,Frozen II,2019,Walt Disney,Musical,47228896,5144760.0
15,2020,tt5814534,Spies in Disguise,2019,20th Century Fox,Adventure,37433325,4077704.0
16,2020,tt27882528,The Gentlemen,2020,STX Entertainment,Action,36471796,3972963.0
17,2020,tt4916630,Just Mercy,2020,Warner Bros.,Drama,35733621,3892551.0
18,2020,tt2850386,The Croods: A New Age,2020,Universal,Adventure,32334280,3522253.0
19,2020,tt6751668,Parasite,2019,Neon,Black Comedy,30736060,3348155.0
20,2020,tt0983946,Fantasy Island,2020,Sony Pictures,Horror,26441782,2880368.0
21,2020,tt5727208,Uncut Gems,2019,A24,Thriller/Suspense,25789956,2809363.0
22,2020,tt4682266,The New Mutants,2020,20th Century Studios,Horror,23855569,2598646.0
23,2020,tt7126948,Wonder Woman 1984,2020,Warner Bros.,Action,23009311,2506461.0
24,2020,tt7545266,Like a Boss,2020,Paramount Pictures,Comedy,22169514,2414980.0
25,2020,tt16425368,The Grudge,2020,Sony Pictures,Horror,21216148,2311127.0
26,2020,tt10059518,Unhinged,2020,Solstice Studios,Thriller/Suspense,20831465,2269223.0
27,2020,tt7798646,The Photograph,2020,Universal,Drama,20578185,2241632.0
28,2020,tt4532038,The War with Grandpa,2020,101 Studios,Comedy,18702194,2037276.0
29,2020,tt5774060,Underwater,2020,20th Century Fox,Thriller/Suspense,17291078,1883560.0
30,2020,tt7510346,The Turning,2020,Universal,Horror,15472775,1685487.0
31,2020,tt9086228,Gretel & Hansel,2020,United Artists,Horror,15347654,1671858.0
32,2020,tt1838556,Honest Thief,2020,Open Road,Thriller/Suspense,14163574,1542873.0
33,2020,tt6394270,Bombshell,2019,Lionsgate,Drama,13644923,1486375.0
34,2020,tt8544498,The Way Back,2020,Warner Bros.,Drama,13590514,1480448.0
35,2020,tt11107074,My Hero Academia: Heroes: Rising,2020,FUNimation,Adventure,13553826,1476452.0
36,2020,tt0107688,The Nightmare Before Christmas,1993,Walt Disney,Musical,12949785,1410652.0
37,2020,tt9173418,Brahms: The Boy II,2020,STX Entertainment,Horror,12611536,1373806.0
38,2020,tt2584384,Jojo Rabbit,2019,Fox Searchlight,Black Comedy,12311180,1341087.0
39,2020,tt9208444,Impractical Jokers: The Movie,2020,truTV,Comedy,10466091,1140097.0
40,2020,tt1950186,Ford v. Ferrari,2019,20th Century Fox,Drama,10427913,1135938.0
41,2020,tt9779516,I Still Believe,2020,Lionsgate,Drama,10410004,1133987.0
42,2020,tt9214832,Emma.,2020,Focus Features,Drama,10055355,1095355.0
43,2020,tt1634106,Bloodshot,2020,Sony Pictures,Action,10021787,1091698.0
44,2020,tt8004664,Come Play,2020,Focus Features,Horror,9505540,1035462.0
45,2020,tt9340860,Let Him Go,2020,Focus Features,Thriller/Suspense,9347940,1018294.0
46,2020,tt10919380,Freaky,2020,Universal,Horror,8702060,947937.0
47,2020,tt4558376,Downhill,2020,Searchlight Pictures,Drama,8287061,902730.0
48,2020,tt0097958,National Lampoon’s Christmas Vacation,1989,Warner Bros.,Comedy,7948013,865797.0
49,2020,tt9426210,Weathering With You,2020,GKIDS,Drama,7798703,849532.0
50,2020,tt5697572,Cats,2019,Universal,Musical,7196675,783952.0
51,2020,tt0038650,It's a Wonderful Life,1946,,Drama,6644000,723747.0
52,2020,tt8244784,The Hunt,2020,Universal,Thriller/Suspense,5812500,633170.0
53,2020,tt7134096,The Rhythm Section,2020,Paramount Pictures,Thriller/Suspense,5437971,592372.0
54,2020,tt6475714,Monster Hunter,2020,Sony Pictures,Action,5018403,546667.0
55,2020,tt3224458,A Beautiful Day in the Neighborhood,2019,Sony Pictures,Drama,4989443,543512.0
56,2020,tt4823776,The SpongeBob Movie: Sponge on the Run,2020,Paramount Pictures,Adventure,4810790,524051.0
57,2020,tt0107120,Hocus Pocus,1993,Walt Disney,Comedy,4777471,520422.0
58,2020,tt3513548,Richard Jewell,2019,Warner Bros.,Drama,4523325,492737.0
59,2020,tt2140571,The Broken Hearts Gallery,2020,Sony Pictures,Romantic Comedy,4066487,442972.0
60,2020,tt11229780,Infidel,2020,Cloudburst Entert…,Thriller/Suspense,4051990,441393.0
61,2020,tt0085334,A Christmas Story,1983,MGM,Comedy,3896391,424443.0
62,2020,tt6878306,News of the World,2020,Universal,Western,3717170,404920.0
63,2020,tt8613070,Portrait of a Lady on Fire,2019,Neon,Drama,3641251,396650.0
64,2020,tt1086064,Bill & Ted Face the Music,2020,United Artists,Comedy,3439660,374691.0
65,2020,tt8722346,Queen & Slim,2019,Universal,Drama,3089365,336532.0
66,2020,tt5867314,The Empty Man,2020,20th Century Studios,Horror,2995698,326329.0
67,2020,tt8976664,My Boyfriend’s Meds,2020,Lionsgate,Romantic Comedy,2971116,323651.0
68,2020,tt0783640,The Last Full Measure,2020,Roadside Attractions,Drama,2949212,321265.0
69,2020,tt8045906,Words on Bathroom Walls,2020,Roadside Attractions,Drama,2542518,276963.0
70,2020,tt8829830,Fatale,2020,Lionsgate,Thriller/Suspense,2388133,260145.0
71,2020,tt10362466,After We Collided,2020,Open Road,Drama,2386483,259965.0
72,2020,tt27873909,The Lodge,2020,Neon,Horror,2138907,232996.0
73,2020,tt2076298,IP Man: The Finale,2019,Well Go USA,Action,2087157,227359.0
74,2020,tt10515926,Half Brothers,2020,Focus Features,Comedy,2016150,219624.0
75,2020,tt6439020,The Personal History of David Copperfield,2020,Searchlight Pictures,Drama,1876298,204390.0
76,2020,tt4906620,The Wretched,2020,IFC Midnight,Horror,1815440,197760.0
77,2020,tt7286456,Joker,2019,Warner Bros.,Thriller/Suspense,1678800,182876.0
78,2020,tt10003008,The Rental,2020,IFC Films,Thriller/Suspense,1637548,178382.0
79,2020,tt0080684,Star Wars Ep. V: The Empire Strikes Back,1981,Walt Disney,Adventure,1580209,172136.0
80,2020,tt7131622,Once Upon a Time…in Hollywood,2019,Sony Pictures,Thriller/Suspense,1425760,155312.0
81,2020,tt5616176,2 Hearts,2020,Freestyle Releasing,Drama,1349284,146981.0
82,2020,tt6521876,Jay and Silent Bob Reboot,2019,Fathom Events,Comedy,1330666,144953.0
83,2020,tt8850222,Train to Busan Presents: Peninsula,2020,Well Go USA,Horror,1224525,133391.0
84,2020,tt9620292,Promising Young Woman,2020,Focus Features,Black Comedy,1208180,131610.0
85,2020,tt13109724,Met Opera — Agrippina,2020,Fathom Events,Concert/Perfor…,1150000,125272.0
86,2020,tt11237714,True to the Game 2: Gena’s Story,2020,Faith Media Distr…,Thriller/Suspense,1117808,121766.0
87,2020,tt12838350,The Assistant,2020,Bleecker Street,Drama,1100310,119859.0
88,2020,tt2222042,Love and Monsters,2020,Paramount Pictures,Adventure,1070714,116636.0
89,2020,tt9072352,Relic,2020,IFC Midnight,Thriller/Suspense,1047083,114061.0
90,2020,tt8461224,The Tax Collector,2020,RLJ Entertainment,Action,1044212,113749.0
91,2020,tt0095016,Die Hard,1988,20th Century Studios,Action,1036063,112861.0
92,2020,tt10314450,Becky,2020,Quiver,Thriller/Suspense,1002852,109243.0
93,2020,tt1657517,The Song of Names,2019,Sony Pictures Cla…,Drama,1000107,108944.0
94,2020,tt12850582,Break the Silence The Movie,2020,Trafalgar Releasing,Documentary,1000000,108932.0
95,2020,tt8305852,All My Life,2020,Universal,Drama,899585,97994.0
96,2020,tt0319343,Elf,2003,New Line,Comedy,880000,95861.0
97,2020,tt0114709,Toy Story,1995,Walt Disney,Adventure,870305,94804.0
98,2020,tt12522096,Met Opera: Wozzeck,2020,Fathom Events,Concert/Perfor…,863000,94009.0
99,2020,tt3547306,Cut Throat City,2020,Well Go USA,Drama,855894,93235.0
100,2020,tt5827916,A Hidden Life,2019,Fox Searchlight,Drama,853047,92925.0
